--
-- PostgreSQL database dump
--

-- Dumped from database version 12.8 (Ubuntu 12.8-0ubuntu0.20.04.1)
-- Dumped by pg_dump version 12.8 (Ubuntu 12.8-0ubuntu0.20.04.1)

SET statement_timeout = 0;
SET lock_timeout = 0;
SET idle_in_transaction_session_timeout = 0;
SET client_encoding = 'UTF8';
SET standard_conforming_strings = on;
SELECT pg_catalog.set_config('search_path', '', false);
SET check_function_bodies = false;
SET xmloption = content;
SET client_min_messages = warning;
SET row_security = off;

ALTER TABLE ONLY public.send_message_send_message_users DROP CONSTRAINT send_message_send_me_user_id_e8b78243_fk_auth_user;
ALTER TABLE ONLY public.send_message_send_message_users DROP CONSTRAINT send_message_send_me_send_message_id_e9569bc0_fk_send_mess;
ALTER TABLE ONLY public.payments_transaction DROP CONSTRAINT payments_transaction_user_id_ca456f41_fk_auth_user_id;
ALTER TABLE ONLY public.payments_transaction DROP CONSTRAINT payments_transaction_subscription_plan_id_d3daa2fe_fk_accounts_;
ALTER TABLE ONLY public.movies_season DROP CONSTRAINT movies_season_playlist_id_378919f1_fk_movies_playlist_id;
ALTER TABLE ONLY public.movies_playlist_director DROP CONSTRAINT movies_playlist_dire_playlist_id_0c774b75_fk_movies_pl;
ALTER TABLE ONLY public.movies_playlist_director DROP CONSTRAINT movies_playlist_dire_director_id_6e672ab9_fk_movies_di;
ALTER TABLE ONLY public.movies_playlist DROP CONSTRAINT movies_playlist_created_by_id_4ae5e9a3_fk_auth_user_id;
ALTER TABLE ONLY public.movies_playlist_country DROP CONSTRAINT movies_playlist_coun_playlist_id_8139f6df_fk_movies_pl;
ALTER TABLE ONLY public.movies_playlist_country DROP CONSTRAINT movies_playlist_coun_country_id_267686f0_fk_movies_co;
ALTER TABLE ONLY public.movies_playlist_category DROP CONSTRAINT movies_playlist_cate_playlist_id_51e77fef_fk_movies_pl;
ALTER TABLE ONLY public.movies_playlist_category DROP CONSTRAINT movies_playlist_cate_category_id_19a0470c_fk_movies_ca;
ALTER TABLE ONLY public.movies_playlist_actor DROP CONSTRAINT movies_playlist_actor_actor_id_63872ae5_fk_movies_actor_id;
ALTER TABLE ONLY public.movies_playlist_actor DROP CONSTRAINT movies_playlist_acto_playlist_id_6dca51d1_fk_movies_pl;
ALTER TABLE ONLY public.movies_episode DROP CONSTRAINT movies_episode_season_id_f33ffd58_fk_movies_season_id;
ALTER TABLE ONLY public.movies_episode DROP CONSTRAINT movies_episode_playlist_id_488d3e8a_fk_movies_playlist_id;
ALTER TABLE ONLY public.movies_episode DROP CONSTRAINT movies_episode_created_by_id_95d98e27_fk_auth_user_id;
ALTER TABLE ONLY public.invitor_invitor_code_invited_users DROP CONSTRAINT invitor_invitor_code_user_id_bee4708c_fk_auth_user;
ALTER TABLE ONLY public.invitor_invitor_code DROP CONSTRAINT invitor_invitor_code_user_id_1929aeda_fk_auth_user_id;
ALTER TABLE ONLY public.invitor_invitor_code_invited_users DROP CONSTRAINT invitor_invitor_code_invitor_code_id_04b64d2c_fk_invitor_i;
ALTER TABLE ONLY public.invitor_generated_invitor_code DROP CONSTRAINT invitor_generated_invitor_code_user_id_8922910a_fk_auth_user_id;
ALTER TABLE ONLY public.invitor_generated_invitor_code_invited_users DROP CONSTRAINT invitor_generated_in_user_id_8b14d361_fk_auth_user;
ALTER TABLE ONLY public.invitor_generated_invitor_code_invited_users DROP CONSTRAINT invitor_generated_in_generated_invitor_co_be727d24_fk_invitor_g;
ALTER TABLE ONLY public.introduction_code_icode DROP CONSTRAINT introduction_code_icode_iuser_id_34d342c9_fk_auth_user_id;
ALTER TABLE ONLY public.giftcard_giftcard_related_to_user DROP CONSTRAINT giftcard_giftcard_re_user_id_6479e2a8_fk_auth_user;
ALTER TABLE ONLY public.giftcard_giftcard_related_to_user DROP CONSTRAINT giftcard_giftcard_re_gift_code_id_37df5539_fk_giftcard_;
ALTER TABLE ONLY public.giftcard_giftcard_category DROP CONSTRAINT giftcard_giftcard_ca_giftcard_id_96018e4a_fk_giftcard_;
ALTER TABLE ONLY public.giftcard_giftcard_category DROP CONSTRAINT giftcard_giftcard_ca_category_id_2e5b9860_fk_movies_ca;
ALTER TABLE ONLY public.django_admin_log DROP CONSTRAINT django_admin_log_user_id_c564eba6_fk_auth_user_id;
ALTER TABLE ONLY public.django_admin_log DROP CONSTRAINT django_admin_log_content_type_id_c4bce8eb_fk_django_co;
ALTER TABLE ONLY public.discount_app_checkuserdiscount DROP CONSTRAINT discount_app_checkuserdiscount_user_id_9bd989c4_fk_auth_user_id;
ALTER TABLE ONLY public.discount_app_checkuserdiscount DROP CONSTRAINT discount_app_checkuserdiscount_discount_id_0ff27604_fk;
ALTER TABLE ONLY public.cnsr_startappcnsr DROP CONSTRAINT cnsr_startappcnsr_episode_id_c3a5dce7_fk_movies_episode_id;
ALTER TABLE ONLY public.cnsr_middelappcnsr DROP CONSTRAINT cnsr_middelappcnsr_episode_id_4c03e0a3_fk_movies_episode_id;
ALTER TABLE ONLY public.cnsr_endappcnsr DROP CONSTRAINT cnsr_endappcnsr_episode_id_44b63299_fk_movies_episode_id;
ALTER TABLE ONLY public.auth_user_user_permissions DROP CONSTRAINT auth_user_user_permissions_user_id_a95ead1b_fk_auth_user_id;
ALTER TABLE ONLY public.auth_user_user_permissions DROP CONSTRAINT auth_user_user_permi_permission_id_1fbb5f2c_fk_auth_perm;
ALTER TABLE ONLY public.auth_user_groups DROP CONSTRAINT auth_user_groups_user_id_6a12ed8b_fk_auth_user_id;
ALTER TABLE ONLY public.auth_user_groups DROP CONSTRAINT auth_user_groups_group_id_97559544_fk_auth_group_id;
ALTER TABLE ONLY public.auth_permission DROP CONSTRAINT auth_permission_content_type_id_2f476e4b_fk_django_co;
ALTER TABLE ONLY public.auth_group_permissions DROP CONSTRAINT auth_group_permissions_group_id_b120cbf9_fk_auth_group_id;
ALTER TABLE ONLY public.auth_group_permissions DROP CONSTRAINT auth_group_permissio_permission_id_84c5c92e_fk_auth_perm;
ALTER TABLE ONLY public.api_videoedit DROP CONSTRAINT api_videoedit_episode_id_bf82b376_fk_movies_episode_id;
ALTER TABLE ONLY public.api_likedplaylist DROP CONSTRAINT api_likedplaylist_user_id_8332d5ff_fk_auth_user_id;
ALTER TABLE ONLY public.api_likedplaylist DROP CONSTRAINT api_likedplaylist_playlist_id_4d878a66_fk_movies_playlist_id;
ALTER TABLE ONLY public.api_historyplaylist DROP CONSTRAINT api_historyplaylist_user_id_ed857c12_fk_auth_user_id;
ALTER TABLE ONLY public.api_historyplaylist DROP CONSTRAINT api_historyplaylist_episode_id_f4168360_fk_movies_episode_id;
ALTER TABLE ONLY public.api_comment DROP CONSTRAINT api_comment_user_id_14315666_fk_auth_user_id;
ALTER TABLE ONLY public.api_comment DROP CONSTRAINT api_comment_playlist_id_93559f65_fk_movies_playlist_id;
ALTER TABLE ONLY public.api_bookmarkplaylist DROP CONSTRAINT api_bookmarkplaylist_user_id_21a28ae5_fk_auth_user_id;
ALTER TABLE ONLY public.api_bookmarkplaylist DROP CONSTRAINT api_bookmarkplaylist_playlist_id_3ee06c13_fk_movies_playlist_id;
ALTER TABLE ONLY public.accounts_userprofile DROP CONSTRAINT accounts_userprofile_user_id_92240672_fk_auth_user_id;
ALTER TABLE ONLY public.accounts_subscription DROP CONSTRAINT accounts_subscription_user_id_980c85f5_fk_auth_user_id;
ALTER TABLE ONLY public.accounts_subscription DROP CONSTRAINT accounts_subscriptio_plan_id_821fd4fd_fk_accounts_;
DROP INDEX public.send_message_send_message_users_user_id_e8b78243;
DROP INDEX public.send_message_send_message_users_send_message_id_e9569bc0;
DROP INDEX public.payments_transaction_user_id_ca456f41;
DROP INDEX public.payments_transaction_subscription_plan_id_d3daa2fe;
DROP INDEX public.movies_season_playlist_id_378919f1;
DROP INDEX public.movies_playlist_name_fa_5c8ccf6a_like;
DROP INDEX public.movies_playlist_name_en_3643b65d_like;
DROP INDEX public.movies_playlist_director_playlist_id_0c774b75;
DROP INDEX public.movies_playlist_director_director_id_6e672ab9;
DROP INDEX public.movies_playlist_created_by_id_4ae5e9a3;
DROP INDEX public.movies_playlist_country_playlist_id_8139f6df;
DROP INDEX public.movies_playlist_country_country_id_267686f0;
DROP INDEX public.movies_playlist_category_playlist_id_51e77fef;
DROP INDEX public.movies_playlist_category_category_id_19a0470c;
DROP INDEX public.movies_playlist_actor_playlist_id_6dca51d1;
DROP INDEX public.movies_playlist_actor_actor_id_63872ae5;
DROP INDEX public.movies_episode_season_id_f33ffd58;
DROP INDEX public.movies_episode_playlist_id_488d3e8a;
DROP INDEX public.movies_episode_created_by_id_95d98e27;
DROP INDEX public.movies_director_name_91426248_like;
DROP INDEX public.movies_country_name_19eef3dd_like;
DROP INDEX public.movies_category_name_en_e92ab6e6_like;
DROP INDEX public.movies_actor_name_c3a904f9_like;
DROP INDEX public.invitor_invitor_code_user_id_1929aeda;
DROP INDEX public.invitor_invitor_code_invited_users_user_id_bee4708c;
DROP INDEX public.invitor_invitor_code_invited_users_invitor_code_id_04b64d2c;
DROP INDEX public.invitor_generated_invitor_code_user_id_8922910a;
DROP INDEX public.invitor_generated_invitor_code_invited_users_user_id_8b14d361;
DROP INDEX public.invitor_generated_invitor__generated_invitor_code_id_be727d24;
DROP INDEX public.giftcard_giftcard_code_f6fb6be8_like;
DROP INDEX public.giftcard_giftcard_category_giftcard_id_96018e4a;
DROP INDEX public.giftcard_giftcard_category_category_id_2e5b9860;
DROP INDEX public.django_site_domain_a2e37b91_like;
DROP INDEX public.django_session_session_key_c0390e0f_like;
DROP INDEX public.django_session_expire_date_a5c62663;
DROP INDEX public.django_admin_log_user_id_c564eba6;
DROP INDEX public.django_admin_log_content_type_id_c4bce8eb;
DROP INDEX public.discount_app_discount_code_bd6dde65_like;
DROP INDEX public.discount_app_checkuserdiscount_user_id_9bd989c4;
DROP INDEX public.discount_app_checkuserdiscount_discount_id_0ff27604;
DROP INDEX public.cnsr_middelappcnsr_s_4b4d7e48_like;
DROP INDEX public.cnsr_middelappcnsr_episode_id_4c03e0a3;
DROP INDEX public.cnsr_middelappcnsr_e_336c7b2a_like;
DROP INDEX public.auth_user_username_6821ab7c_like;
DROP INDEX public.auth_user_user_permissions_user_id_a95ead1b;
DROP INDEX public.auth_user_user_permissions_permission_id_1fbb5f2c;
DROP INDEX public.auth_user_groups_user_id_6a12ed8b;
DROP INDEX public.auth_user_groups_group_id_97559544;
DROP INDEX public.auth_permission_content_type_id_2f476e4b;
DROP INDEX public.auth_group_permissions_permission_id_84c5c92e;
DROP INDEX public.auth_group_permissions_group_id_b120cbf9;
DROP INDEX public.auth_group_name_a6ea08ec_like;
DROP INDEX public.api_likedplaylist_user_id_8332d5ff;
DROP INDEX public.api_likedplaylist_playlist_id_4d878a66;
DROP INDEX public.api_historyplaylist_user_id_ed857c12;
DROP INDEX public.api_historyplaylist_episode_id_f4168360;
DROP INDEX public.api_comment_user_id_14315666;
DROP INDEX public.api_comment_playlist_id_93559f65;
DROP INDEX public.api_bookmarkplaylist_user_id_21a28ae5;
DROP INDEX public.api_bookmarkplaylist_playlist_id_3ee06c13;
DROP INDEX public.accounts_subscription_plan_id_821fd4fd;
ALTER TABLE ONLY public.movies_episode DROP CONSTRAINT unique_episode;
ALTER TABLE ONLY public.send_message_send_message_users DROP CONSTRAINT send_message_send_message_users_pkey;
ALTER TABLE ONLY public.send_message_send_message DROP CONSTRAINT send_message_send_message_pkey;
ALTER TABLE ONLY public.send_message_send_message_users DROP CONSTRAINT send_message_send_messag_send_message_id_user_id_9ce85038_uniq;
ALTER TABLE ONLY public.robots_txt_robots DROP CONSTRAINT robots_txt_robots_pkey;
ALTER TABLE ONLY public.payments_transaction DROP CONSTRAINT payments_transaction_pkey;
ALTER TABLE ONLY public.movies_season DROP CONSTRAINT movies_season_pkey;
ALTER TABLE ONLY public.movies_playlist DROP CONSTRAINT movies_playlist_pkey;
ALTER TABLE ONLY public.movies_playlist DROP CONSTRAINT movies_playlist_name_fa_5c8ccf6a_uniq;
ALTER TABLE ONLY public.movies_playlist DROP CONSTRAINT movies_playlist_name_en_3643b65d_uniq;
ALTER TABLE ONLY public.movies_playlist_director DROP CONSTRAINT movies_playlist_director_playlist_id_director_id_960e7756_uniq;
ALTER TABLE ONLY public.movies_playlist_director DROP CONSTRAINT movies_playlist_director_pkey;
ALTER TABLE ONLY public.movies_playlist_country DROP CONSTRAINT movies_playlist_country_playlist_id_country_id_702572ce_uniq;
ALTER TABLE ONLY public.movies_playlist_country DROP CONSTRAINT movies_playlist_country_pkey;
ALTER TABLE ONLY public.movies_playlist_category DROP CONSTRAINT movies_playlist_category_playlist_id_category_id_461837e8_uniq;
ALTER TABLE ONLY public.movies_playlist_category DROP CONSTRAINT movies_playlist_category_pkey;
ALTER TABLE ONLY public.movies_playlist_actor DROP CONSTRAINT movies_playlist_actor_playlist_id_actor_id_02a4d06d_uniq;
ALTER TABLE ONLY public.movies_playlist_actor DROP CONSTRAINT movies_playlist_actor_pkey;
ALTER TABLE ONLY public.movies_episode DROP CONSTRAINT movies_episode_pkey;
ALTER TABLE ONLY public.movies_director DROP CONSTRAINT movies_director_pkey;
ALTER TABLE ONLY public.movies_director DROP CONSTRAINT movies_director_name_91426248_uniq;
ALTER TABLE ONLY public.movies_country DROP CONSTRAINT movies_country_pkey;
ALTER TABLE ONLY public.movies_country DROP CONSTRAINT movies_country_name_key;
ALTER TABLE ONLY public.movies_contact DROP CONSTRAINT movies_contact_pkey;
ALTER TABLE ONLY public.movies_category DROP CONSTRAINT movies_category_pkey;
ALTER TABLE ONLY public.movies_category DROP CONSTRAINT movies_category_name_en_key;
ALTER TABLE ONLY public.movies_actor DROP CONSTRAINT movies_actor_pkey;
ALTER TABLE ONLY public.movies_actor DROP CONSTRAINT movies_actor_name_c3a904f9_uniq;
ALTER TABLE ONLY public.invitor_invitor_code DROP CONSTRAINT invitor_invitor_code_pkey;
ALTER TABLE ONLY public.invitor_invitor_code_invited_users DROP CONSTRAINT invitor_invitor_code_invited_users_pkey;
ALTER TABLE ONLY public.invitor_invitor_code_invited_users DROP CONSTRAINT invitor_invitor_code_inv_invitor_code_id_user_id_0617200a_uniq;
ALTER TABLE ONLY public.invitor_generated_invitor_code DROP CONSTRAINT invitor_generated_invitor_code_pkey;
ALTER TABLE ONLY public.invitor_generated_invitor_code_invited_users DROP CONSTRAINT invitor_generated_invitor_code_invited_users_pkey;
ALTER TABLE ONLY public.invitor_generated_invitor_code_invited_users DROP CONSTRAINT invitor_generated_invito_generated_invitor_code_i_846d26fe_uniq;
ALTER TABLE ONLY public.invite_code_invitecode DROP CONSTRAINT invite_code_invitecode_pkey;
ALTER TABLE ONLY public.introduction_code_registericode DROP CONSTRAINT introduction_code_registericode_pkey;
ALTER TABLE ONLY public.introduction_code_icode DROP CONSTRAINT introduction_code_icode_pkey;
ALTER TABLE ONLY public.introduction_code_icode DROP CONSTRAINT introduction_code_icode_iuser_id_key;
ALTER TABLE ONLY public.giftcard_giftcard_related_to_user DROP CONSTRAINT giftcard_giftcard_related_to_user_user_id_key;
ALTER TABLE ONLY public.giftcard_giftcard_related_to_user DROP CONSTRAINT giftcard_giftcard_related_to_user_pkey;
ALTER TABLE ONLY public.giftcard_giftcard_related_to_user DROP CONSTRAINT giftcard_giftcard_related_to_user_gift_code_id_key;
ALTER TABLE ONLY public.giftcard_giftcard DROP CONSTRAINT giftcard_giftcard_pkey;
ALTER TABLE ONLY public.giftcard_giftcard DROP CONSTRAINT giftcard_giftcard_code_f6fb6be8_uniq;
ALTER TABLE ONLY public.giftcard_giftcard_category DROP CONSTRAINT giftcard_giftcard_category_pkey;
ALTER TABLE ONLY public.giftcard_giftcard_category DROP CONSTRAINT giftcard_giftcard_catego_giftcard_id_category_id_5028b6d0_uniq;
ALTER TABLE ONLY public.django_site DROP CONSTRAINT django_site_pkey;
ALTER TABLE ONLY public.django_site DROP CONSTRAINT django_site_domain_a2e37b91_uniq;
ALTER TABLE ONLY public.django_session DROP CONSTRAINT django_session_pkey;
ALTER TABLE ONLY public.django_migrations DROP CONSTRAINT django_migrations_pkey;
ALTER TABLE ONLY public.django_content_type DROP CONSTRAINT django_content_type_pkey;
ALTER TABLE ONLY public.django_content_type DROP CONSTRAINT django_content_type_app_label_model_76bd3d3b_uniq;
ALTER TABLE ONLY public.django_admin_log DROP CONSTRAINT django_admin_log_pkey;
ALTER TABLE ONLY public.discount_app_discount DROP CONSTRAINT discount_app_discount_pkey;
ALTER TABLE ONLY public.discount_app_discount DROP CONSTRAINT discount_app_discount_code_key;
ALTER TABLE ONLY public.discount_app_checkuserdiscount DROP CONSTRAINT discount_app_checkuserdiscount_pkey;
ALTER TABLE ONLY public.cnsr_startappcnsr DROP CONSTRAINT cnsr_startappcnsr_pkey;
ALTER TABLE ONLY public.cnsr_startappcnsr DROP CONSTRAINT cnsr_startappcnsr_episode_id_key;
ALTER TABLE ONLY public.cnsr_middelappcnsr DROP CONSTRAINT cnsr_middelappcnsr_pkey;
ALTER TABLE ONLY public.cnsr_endappcnsr DROP CONSTRAINT cnsr_endappcnsr_pkey;
ALTER TABLE ONLY public.cnsr_endappcnsr DROP CONSTRAINT cnsr_endappcnsr_episode_id_key;
ALTER TABLE ONLY public.auth_user DROP CONSTRAINT auth_user_username_key;
ALTER TABLE ONLY public.auth_user_user_permissions DROP CONSTRAINT auth_user_user_permissions_user_id_permission_id_14a6b632_uniq;
ALTER TABLE ONLY public.auth_user_user_permissions DROP CONSTRAINT auth_user_user_permissions_pkey;
ALTER TABLE ONLY public.auth_user DROP CONSTRAINT auth_user_pkey;
ALTER TABLE ONLY public.auth_user_groups DROP CONSTRAINT auth_user_groups_user_id_group_id_94350c0c_uniq;
ALTER TABLE ONLY public.auth_user_groups DROP CONSTRAINT auth_user_groups_pkey;
ALTER TABLE ONLY public.auth_permission DROP CONSTRAINT auth_permission_pkey;
ALTER TABLE ONLY public.auth_permission DROP CONSTRAINT auth_permission_content_type_id_codename_01ab375a_uniq;
ALTER TABLE ONLY public.auth_group DROP CONSTRAINT auth_group_pkey;
ALTER TABLE ONLY public.auth_group_permissions DROP CONSTRAINT auth_group_permissions_pkey;
ALTER TABLE ONLY public.auth_group_permissions DROP CONSTRAINT auth_group_permissions_group_id_permission_id_0cd325b0_uniq;
ALTER TABLE ONLY public.auth_group DROP CONSTRAINT auth_group_name_key;
ALTER TABLE ONLY public.api_videoedit DROP CONSTRAINT api_videoedit_pkey;
ALTER TABLE ONLY public.api_videoedit DROP CONSTRAINT api_videoedit_episode_id_key;
ALTER TABLE ONLY public.api_likedplaylist DROP CONSTRAINT api_likedplaylist_pkey;
ALTER TABLE ONLY public.api_historyplaylist DROP CONSTRAINT api_historyplaylist_pkey;
ALTER TABLE ONLY public.api_comment DROP CONSTRAINT api_comment_pkey;
ALTER TABLE ONLY public.api_bookmarkplaylist DROP CONSTRAINT api_bookmarkplaylist_pkey;
ALTER TABLE ONLY public.accounts_userprofile DROP CONSTRAINT accounts_userprofile_user_id_key;
ALTER TABLE ONLY public.accounts_userprofile DROP CONSTRAINT accounts_userprofile_pkey;
ALTER TABLE ONLY public.accounts_subscriptionplan DROP CONSTRAINT accounts_subscriptionplan_pkey;
ALTER TABLE ONLY public.accounts_subscription DROP CONSTRAINT accounts_subscription_user_id_key;
ALTER TABLE ONLY public.accounts_subscription DROP CONSTRAINT accounts_subscription_pkey;
ALTER TABLE public.send_message_send_message_users ALTER COLUMN id DROP DEFAULT;
ALTER TABLE public.send_message_send_message ALTER COLUMN id DROP DEFAULT;
ALTER TABLE public.robots_txt_robots ALTER COLUMN id DROP DEFAULT;
ALTER TABLE public.payments_transaction ALTER COLUMN id DROP DEFAULT;
ALTER TABLE public.movies_season ALTER COLUMN id DROP DEFAULT;
ALTER TABLE public.movies_playlist_director ALTER COLUMN id DROP DEFAULT;
ALTER TABLE public.movies_playlist_country ALTER COLUMN id DROP DEFAULT;
ALTER TABLE public.movies_playlist_category ALTER COLUMN id DROP DEFAULT;
ALTER TABLE public.movies_playlist_actor ALTER COLUMN id DROP DEFAULT;
ALTER TABLE public.movies_playlist ALTER COLUMN id DROP DEFAULT;
ALTER TABLE public.movies_episode ALTER COLUMN id DROP DEFAULT;
ALTER TABLE public.movies_director ALTER COLUMN id DROP DEFAULT;
ALTER TABLE public.movies_country ALTER COLUMN id DROP DEFAULT;
ALTER TABLE public.movies_contact ALTER COLUMN id DROP DEFAULT;
ALTER TABLE public.movies_category ALTER COLUMN id DROP DEFAULT;
ALTER TABLE public.movies_actor ALTER COLUMN id DROP DEFAULT;
ALTER TABLE public.invitor_invitor_code_invited_users ALTER COLUMN id DROP DEFAULT;
ALTER TABLE public.invitor_invitor_code ALTER COLUMN id DROP DEFAULT;
ALTER TABLE public.invitor_generated_invitor_code_invited_users ALTER COLUMN id DROP DEFAULT;
ALTER TABLE public.invitor_generated_invitor_code ALTER COLUMN id DROP DEFAULT;
ALTER TABLE public.invite_code_invitecode ALTER COLUMN id DROP DEFAULT;
ALTER TABLE public.introduction_code_registericode ALTER COLUMN id DROP DEFAULT;
ALTER TABLE public.introduction_code_icode ALTER COLUMN id DROP DEFAULT;
ALTER TABLE public.giftcard_giftcard_related_to_user ALTER COLUMN id DROP DEFAULT;
ALTER TABLE public.giftcard_giftcard_category ALTER COLUMN id DROP DEFAULT;
ALTER TABLE public.giftcard_giftcard ALTER COLUMN id DROP DEFAULT;
ALTER TABLE public.django_site ALTER COLUMN id DROP DEFAULT;
ALTER TABLE public.django_migrations ALTER COLUMN id DROP DEFAULT;
ALTER TABLE public.django_content_type ALTER COLUMN id DROP DEFAULT;
ALTER TABLE public.django_admin_log ALTER COLUMN id DROP DEFAULT;
ALTER TABLE public.discount_app_discount ALTER COLUMN id DROP DEFAULT;
ALTER TABLE public.discount_app_checkuserdiscount ALTER COLUMN id DROP DEFAULT;
ALTER TABLE public.cnsr_startappcnsr ALTER COLUMN id DROP DEFAULT;
ALTER TABLE public.cnsr_middelappcnsr ALTER COLUMN id DROP DEFAULT;
ALTER TABLE public.cnsr_endappcnsr ALTER COLUMN id DROP DEFAULT;
ALTER TABLE public.auth_user_user_permissions ALTER COLUMN id DROP DEFAULT;
ALTER TABLE public.auth_user_groups ALTER COLUMN id DROP DEFAULT;
ALTER TABLE public.auth_user ALTER COLUMN id DROP DEFAULT;
ALTER TABLE public.auth_permission ALTER COLUMN id DROP DEFAULT;
ALTER TABLE public.auth_group_permissions ALTER COLUMN id DROP DEFAULT;
ALTER TABLE public.auth_group ALTER COLUMN id DROP DEFAULT;
ALTER TABLE public.api_videoedit ALTER COLUMN id DROP DEFAULT;
ALTER TABLE public.api_likedplaylist ALTER COLUMN id DROP DEFAULT;
ALTER TABLE public.api_historyplaylist ALTER COLUMN id DROP DEFAULT;
ALTER TABLE public.api_comment ALTER COLUMN id DROP DEFAULT;
ALTER TABLE public.api_bookmarkplaylist ALTER COLUMN id DROP DEFAULT;
ALTER TABLE public.accounts_userprofile ALTER COLUMN id DROP DEFAULT;
ALTER TABLE public.accounts_subscriptionplan ALTER COLUMN id DROP DEFAULT;
ALTER TABLE public.accounts_subscription ALTER COLUMN id DROP DEFAULT;
DROP SEQUENCE public.send_message_send_message_users_id_seq;
DROP TABLE public.send_message_send_message_users;
DROP SEQUENCE public.send_message_send_message_id_seq;
DROP TABLE public.send_message_send_message;
DROP SEQUENCE public.robots_txt_robots_id_seq;
DROP TABLE public.robots_txt_robots;
DROP SEQUENCE public.payments_transaction_id_seq;
DROP TABLE public.payments_transaction;
DROP SEQUENCE public.movies_season_id_seq;
DROP TABLE public.movies_season;
DROP SEQUENCE public.movies_playlist_id_seq;
DROP SEQUENCE public.movies_playlist_director_id_seq;
DROP TABLE public.movies_playlist_director;
DROP SEQUENCE public.movies_playlist_country_id_seq;
DROP TABLE public.movies_playlist_country;
DROP SEQUENCE public.movies_playlist_category_id_seq;
DROP TABLE public.movies_playlist_category;
DROP SEQUENCE public.movies_playlist_actor_id_seq;
DROP TABLE public.movies_playlist_actor;
DROP TABLE public.movies_playlist;
DROP SEQUENCE public.movies_episode_id_seq;
DROP TABLE public.movies_episode;
DROP SEQUENCE public.movies_director_id_seq;
DROP TABLE public.movies_director;
DROP SEQUENCE public.movies_country_id_seq;
DROP TABLE public.movies_country;
DROP SEQUENCE public.movies_contact_id_seq;
DROP TABLE public.movies_contact;
DROP SEQUENCE public.movies_category_id_seq;
DROP TABLE public.movies_category;
DROP SEQUENCE public.movies_actor_id_seq;
DROP TABLE public.movies_actor;
DROP SEQUENCE public.invitor_invitor_code_invited_users_id_seq;
DROP TABLE public.invitor_invitor_code_invited_users;
DROP SEQUENCE public.invitor_invitor_code_id_seq;
DROP TABLE public.invitor_invitor_code;
DROP SEQUENCE public.invitor_generated_invitor_code_invited_users_id_seq;
DROP TABLE public.invitor_generated_invitor_code_invited_users;
DROP SEQUENCE public.invitor_generated_invitor_code_id_seq;
DROP TABLE public.invitor_generated_invitor_code;
DROP SEQUENCE public.invite_code_invitecode_id_seq;
DROP TABLE public.invite_code_invitecode;
DROP SEQUENCE public.introduction_code_registericode_id_seq;
DROP TABLE public.introduction_code_registericode;
DROP SEQUENCE public.introduction_code_icode_id_seq;
DROP TABLE public.introduction_code_icode;
DROP SEQUENCE public.giftcard_giftcard_related_to_user_id_seq;
DROP TABLE public.giftcard_giftcard_related_to_user;
DROP SEQUENCE public.giftcard_giftcard_id_seq;
DROP SEQUENCE public.giftcard_giftcard_category_id_seq;
DROP TABLE public.giftcard_giftcard_category;
DROP TABLE public.giftcard_giftcard;
DROP SEQUENCE public.django_site_id_seq;
DROP TABLE public.django_site;
DROP TABLE public.django_session;
DROP SEQUENCE public.django_migrations_id_seq;
DROP TABLE public.django_migrations;
DROP SEQUENCE public.django_content_type_id_seq;
DROP TABLE public.django_content_type;
DROP SEQUENCE public.django_admin_log_id_seq;
DROP TABLE public.django_admin_log;
DROP SEQUENCE public.discount_app_discount_id_seq;
DROP TABLE public.discount_app_discount;
DROP SEQUENCE public.discount_app_checkuserdiscount_id_seq;
DROP TABLE public.discount_app_checkuserdiscount;
DROP SEQUENCE public.cnsr_startappcnsr_id_seq;
DROP TABLE public.cnsr_startappcnsr;
DROP SEQUENCE public.cnsr_middelappcnsr_id_seq;
DROP TABLE public.cnsr_middelappcnsr;
DROP SEQUENCE public.cnsr_endappcnsr_id_seq;
DROP TABLE public.cnsr_endappcnsr;
DROP SEQUENCE public.auth_user_user_permissions_id_seq;
DROP TABLE public.auth_user_user_permissions;
DROP SEQUENCE public.auth_user_id_seq;
DROP SEQUENCE public.auth_user_groups_id_seq;
DROP TABLE public.auth_user_groups;
DROP TABLE public.auth_user;
DROP SEQUENCE public.auth_permission_id_seq;
DROP TABLE public.auth_permission;
DROP SEQUENCE public.auth_group_permissions_id_seq;
DROP TABLE public.auth_group_permissions;
DROP SEQUENCE public.auth_group_id_seq;
DROP TABLE public.auth_group;
DROP SEQUENCE public.api_videoedit_id_seq;
DROP TABLE public.api_videoedit;
DROP SEQUENCE public.api_likedplaylist_id_seq;
DROP TABLE public.api_likedplaylist;
DROP SEQUENCE public.api_historyplaylist_id_seq;
DROP TABLE public.api_historyplaylist;
DROP SEQUENCE public.api_comment_id_seq;
DROP TABLE public.api_comment;
DROP SEQUENCE public.api_bookmarkplaylist_id_seq;
DROP TABLE public.api_bookmarkplaylist;
DROP SEQUENCE public.accounts_userprofile_id_seq;
DROP TABLE public.accounts_userprofile;
DROP SEQUENCE public.accounts_subscriptionplan_id_seq;
DROP TABLE public.accounts_subscriptionplan;
DROP SEQUENCE public.accounts_subscription_id_seq;
DROP TABLE public.accounts_subscription;
SET default_tablespace = '';

SET default_table_access_method = heap;

--
-- Name: accounts_subscription; Type: TABLE; Schema: public; Owner: evafilm_user
--

CREATE TABLE public.accounts_subscription (
    id integer NOT NULL,
    start_date date,
    start_time time without time zone,
    end_date date,
    end_time time without time zone,
    ip_1 character varying(15),
    ip_2 character varying(15),
    ip_3 character varying(15),
    plan_id integer,
    user_id integer NOT NULL
);


ALTER TABLE public.accounts_subscription OWNER TO evafilm_user;

--
-- Name: accounts_subscription_id_seq; Type: SEQUENCE; Schema: public; Owner: evafilm_user
--

CREATE SEQUENCE public.accounts_subscription_id_seq
    AS integer
    START WITH 1
    INCREMENT BY 1
    NO MINVALUE
    NO MAXVALUE
    CACHE 1;


ALTER TABLE public.accounts_subscription_id_seq OWNER TO evafilm_user;

--
-- Name: accounts_subscription_id_seq; Type: SEQUENCE OWNED BY; Schema: public; Owner: evafilm_user
--

ALTER SEQUENCE public.accounts_subscription_id_seq OWNED BY public.accounts_subscription.id;


--
-- Name: accounts_subscriptionplan; Type: TABLE; Schema: public; Owner: evafilm_user
--

CREATE TABLE public.accounts_subscriptionplan (
    id integer NOT NULL,
    name character varying(5) NOT NULL,
    title character varying(55) NOT NULL,
    valid_days smallint NOT NULL,
    price integer NOT NULL,
    is_vip boolean NOT NULL,
    max_valid_days smallint NOT NULL,
    spacial_id character varying(8) NOT NULL,
    CONSTRAINT accounts_subscriptionplan_max_valid_days_check CHECK ((max_valid_days >= 0)),
    CONSTRAINT accounts_subscriptionplan_valid_days_check CHECK ((valid_days >= 0))
);


ALTER TABLE public.accounts_subscriptionplan OWNER TO evafilm_user;

--
-- Name: accounts_subscriptionplan_id_seq; Type: SEQUENCE; Schema: public; Owner: evafilm_user
--

CREATE SEQUENCE public.accounts_subscriptionplan_id_seq
    AS integer
    START WITH 1
    INCREMENT BY 1
    NO MINVALUE
    NO MAXVALUE
    CACHE 1;


ALTER TABLE public.accounts_subscriptionplan_id_seq OWNER TO evafilm_user;

--
-- Name: accounts_subscriptionplan_id_seq; Type: SEQUENCE OWNED BY; Schema: public; Owner: evafilm_user
--

ALTER SEQUENCE public.accounts_subscriptionplan_id_seq OWNED BY public.accounts_subscriptionplan.id;


--
-- Name: accounts_userprofile; Type: TABLE; Schema: public; Owner: evafilm_user
--

CREATE TABLE public.accounts_userprofile (
    id integer NOT NULL,
    nick_name character varying(12),
    age smallint,
    is_verified boolean NOT NULL,
    is_subscribed boolean NOT NULL,
    api_token character varying(255),
    created_at date NOT NULL,
    last_login date,
    user_id integer NOT NULL,
    is_censor_on boolean NOT NULL,
    CONSTRAINT accounts_userprofile_age_check CHECK ((age >= 0))
);


ALTER TABLE public.accounts_userprofile OWNER TO evafilm_user;

--
-- Name: accounts_userprofile_id_seq; Type: SEQUENCE; Schema: public; Owner: evafilm_user
--

CREATE SEQUENCE public.accounts_userprofile_id_seq
    AS integer
    START WITH 1
    INCREMENT BY 1
    NO MINVALUE
    NO MAXVALUE
    CACHE 1;


ALTER TABLE public.accounts_userprofile_id_seq OWNER TO evafilm_user;

--
-- Name: accounts_userprofile_id_seq; Type: SEQUENCE OWNED BY; Schema: public; Owner: evafilm_user
--

ALTER SEQUENCE public.accounts_userprofile_id_seq OWNED BY public.accounts_userprofile.id;


--
-- Name: api_bookmarkplaylist; Type: TABLE; Schema: public; Owner: evafilm_user
--

CREATE TABLE public.api_bookmarkplaylist (
    id integer NOT NULL,
    playlist_id integer NOT NULL,
    user_id integer NOT NULL
);


ALTER TABLE public.api_bookmarkplaylist OWNER TO evafilm_user;

--
-- Name: api_bookmarkplaylist_id_seq; Type: SEQUENCE; Schema: public; Owner: evafilm_user
--

CREATE SEQUENCE public.api_bookmarkplaylist_id_seq
    AS integer
    START WITH 1
    INCREMENT BY 1
    NO MINVALUE
    NO MAXVALUE
    CACHE 1;


ALTER TABLE public.api_bookmarkplaylist_id_seq OWNER TO evafilm_user;

--
-- Name: api_bookmarkplaylist_id_seq; Type: SEQUENCE OWNED BY; Schema: public; Owner: evafilm_user
--

ALTER SEQUENCE public.api_bookmarkplaylist_id_seq OWNED BY public.api_bookmarkplaylist.id;


--
-- Name: api_comment; Type: TABLE; Schema: public; Owner: evafilm_user
--

CREATE TABLE public.api_comment (
    id integer NOT NULL,
    comment character varying(255) NOT NULL,
    status smallint NOT NULL,
    is_reveal boolean NOT NULL,
    date_shamsi character varying(25),
    date date,
    playlist_id integer NOT NULL,
    user_id integer NOT NULL,
    CONSTRAINT api_comment_status_check CHECK ((status >= 0))
);


ALTER TABLE public.api_comment OWNER TO evafilm_user;

--
-- Name: api_comment_id_seq; Type: SEQUENCE; Schema: public; Owner: evafilm_user
--

CREATE SEQUENCE public.api_comment_id_seq
    AS integer
    START WITH 1
    INCREMENT BY 1
    NO MINVALUE
    NO MAXVALUE
    CACHE 1;


ALTER TABLE public.api_comment_id_seq OWNER TO evafilm_user;

--
-- Name: api_comment_id_seq; Type: SEQUENCE OWNED BY; Schema: public; Owner: evafilm_user
--

ALTER SEQUENCE public.api_comment_id_seq OWNED BY public.api_comment.id;


--
-- Name: api_historyplaylist; Type: TABLE; Schema: public; Owner: evafilm_user
--

CREATE TABLE public.api_historyplaylist (
    id integer NOT NULL,
    "current_time" integer,
    created_at timestamp with time zone,
    updated_at timestamp with time zone,
    episode_id integer NOT NULL,
    user_id integer NOT NULL
);


ALTER TABLE public.api_historyplaylist OWNER TO evafilm_user;

--
-- Name: api_historyplaylist_id_seq; Type: SEQUENCE; Schema: public; Owner: evafilm_user
--

CREATE SEQUENCE public.api_historyplaylist_id_seq
    AS integer
    START WITH 1
    INCREMENT BY 1
    NO MINVALUE
    NO MAXVALUE
    CACHE 1;


ALTER TABLE public.api_historyplaylist_id_seq OWNER TO evafilm_user;

--
-- Name: api_historyplaylist_id_seq; Type: SEQUENCE OWNED BY; Schema: public; Owner: evafilm_user
--

ALTER SEQUENCE public.api_historyplaylist_id_seq OWNED BY public.api_historyplaylist.id;


--
-- Name: api_likedplaylist; Type: TABLE; Schema: public; Owner: evafilm_user
--

CREATE TABLE public.api_likedplaylist (
    id integer NOT NULL,
    liked smallint NOT NULL,
    playlist_id integer NOT NULL,
    user_id integer NOT NULL,
    CONSTRAINT api_likedplaylist_liked_check CHECK ((liked >= 0))
);


ALTER TABLE public.api_likedplaylist OWNER TO evafilm_user;

--
-- Name: api_likedplaylist_id_seq; Type: SEQUENCE; Schema: public; Owner: evafilm_user
--

CREATE SEQUENCE public.api_likedplaylist_id_seq
    AS integer
    START WITH 1
    INCREMENT BY 1
    NO MINVALUE
    NO MAXVALUE
    CACHE 1;


ALTER TABLE public.api_likedplaylist_id_seq OWNER TO evafilm_user;

--
-- Name: api_likedplaylist_id_seq; Type: SEQUENCE OWNED BY; Schema: public; Owner: evafilm_user
--

ALTER SEQUENCE public.api_likedplaylist_id_seq OWNED BY public.api_likedplaylist.id;


--
-- Name: api_videoedit; Type: TABLE; Schema: public; Owner: evafilm_user
--

CREATE TABLE public.api_videoedit (
    id integer NOT NULL,
    titration_time character varying(55),
    episode_id integer NOT NULL,
    censor_times text
);


ALTER TABLE public.api_videoedit OWNER TO evafilm_user;

--
-- Name: api_videoedit_id_seq; Type: SEQUENCE; Schema: public; Owner: evafilm_user
--

CREATE SEQUENCE public.api_videoedit_id_seq
    AS integer
    START WITH 1
    INCREMENT BY 1
    NO MINVALUE
    NO MAXVALUE
    CACHE 1;


ALTER TABLE public.api_videoedit_id_seq OWNER TO evafilm_user;

--
-- Name: api_videoedit_id_seq; Type: SEQUENCE OWNED BY; Schema: public; Owner: evafilm_user
--

ALTER SEQUENCE public.api_videoedit_id_seq OWNED BY public.api_videoedit.id;


--
-- Name: auth_group; Type: TABLE; Schema: public; Owner: evafilm_user
--

CREATE TABLE public.auth_group (
    id integer NOT NULL,
    name character varying(150) NOT NULL
);


ALTER TABLE public.auth_group OWNER TO evafilm_user;

--
-- Name: auth_group_id_seq; Type: SEQUENCE; Schema: public; Owner: evafilm_user
--

CREATE SEQUENCE public.auth_group_id_seq
    AS integer
    START WITH 1
    INCREMENT BY 1
    NO MINVALUE
    NO MAXVALUE
    CACHE 1;


ALTER TABLE public.auth_group_id_seq OWNER TO evafilm_user;

--
-- Name: auth_group_id_seq; Type: SEQUENCE OWNED BY; Schema: public; Owner: evafilm_user
--

ALTER SEQUENCE public.auth_group_id_seq OWNED BY public.auth_group.id;


--
-- Name: auth_group_permissions; Type: TABLE; Schema: public; Owner: evafilm_user
--

CREATE TABLE public.auth_group_permissions (
    id integer NOT NULL,
    group_id integer NOT NULL,
    permission_id integer NOT NULL
);


ALTER TABLE public.auth_group_permissions OWNER TO evafilm_user;

--
-- Name: auth_group_permissions_id_seq; Type: SEQUENCE; Schema: public; Owner: evafilm_user
--

CREATE SEQUENCE public.auth_group_permissions_id_seq
    AS integer
    START WITH 1
    INCREMENT BY 1
    NO MINVALUE
    NO MAXVALUE
    CACHE 1;


ALTER TABLE public.auth_group_permissions_id_seq OWNER TO evafilm_user;

--
-- Name: auth_group_permissions_id_seq; Type: SEQUENCE OWNED BY; Schema: public; Owner: evafilm_user
--

ALTER SEQUENCE public.auth_group_permissions_id_seq OWNED BY public.auth_group_permissions.id;


--
-- Name: auth_permission; Type: TABLE; Schema: public; Owner: evafilm_user
--

CREATE TABLE public.auth_permission (
    id integer NOT NULL,
    name character varying(255) NOT NULL,
    content_type_id integer NOT NULL,
    codename character varying(100) NOT NULL
);


ALTER TABLE public.auth_permission OWNER TO evafilm_user;

--
-- Name: auth_permission_id_seq; Type: SEQUENCE; Schema: public; Owner: evafilm_user
--

CREATE SEQUENCE public.auth_permission_id_seq
    AS integer
    START WITH 1
    INCREMENT BY 1
    NO MINVALUE
    NO MAXVALUE
    CACHE 1;


ALTER TABLE public.auth_permission_id_seq OWNER TO evafilm_user;

--
-- Name: auth_permission_id_seq; Type: SEQUENCE OWNED BY; Schema: public; Owner: evafilm_user
--

ALTER SEQUENCE public.auth_permission_id_seq OWNED BY public.auth_permission.id;


--
-- Name: auth_user; Type: TABLE; Schema: public; Owner: evafilm_user
--

CREATE TABLE public.auth_user (
    id integer NOT NULL,
    password character varying(128) NOT NULL,
    last_login timestamp with time zone,
    is_superuser boolean NOT NULL,
    username character varying(150) NOT NULL,
    first_name character varying(150) NOT NULL,
    last_name character varying(150) NOT NULL,
    email character varying(254) NOT NULL,
    is_staff boolean NOT NULL,
    is_active boolean NOT NULL,
    date_joined timestamp with time zone NOT NULL
);


ALTER TABLE public.auth_user OWNER TO evafilm_user;

--
-- Name: auth_user_groups; Type: TABLE; Schema: public; Owner: evafilm_user
--

CREATE TABLE public.auth_user_groups (
    id integer NOT NULL,
    user_id integer NOT NULL,
    group_id integer NOT NULL
);


ALTER TABLE public.auth_user_groups OWNER TO evafilm_user;

--
-- Name: auth_user_groups_id_seq; Type: SEQUENCE; Schema: public; Owner: evafilm_user
--

CREATE SEQUENCE public.auth_user_groups_id_seq
    AS integer
    START WITH 1
    INCREMENT BY 1
    NO MINVALUE
    NO MAXVALUE
    CACHE 1;


ALTER TABLE public.auth_user_groups_id_seq OWNER TO evafilm_user;

--
-- Name: auth_user_groups_id_seq; Type: SEQUENCE OWNED BY; Schema: public; Owner: evafilm_user
--

ALTER SEQUENCE public.auth_user_groups_id_seq OWNED BY public.auth_user_groups.id;


--
-- Name: auth_user_id_seq; Type: SEQUENCE; Schema: public; Owner: evafilm_user
--

CREATE SEQUENCE public.auth_user_id_seq
    AS integer
    START WITH 1
    INCREMENT BY 1
    NO MINVALUE
    NO MAXVALUE
    CACHE 1;


ALTER TABLE public.auth_user_id_seq OWNER TO evafilm_user;

--
-- Name: auth_user_id_seq; Type: SEQUENCE OWNED BY; Schema: public; Owner: evafilm_user
--

ALTER SEQUENCE public.auth_user_id_seq OWNED BY public.auth_user.id;


--
-- Name: auth_user_user_permissions; Type: TABLE; Schema: public; Owner: evafilm_user
--

CREATE TABLE public.auth_user_user_permissions (
    id integer NOT NULL,
    user_id integer NOT NULL,
    permission_id integer NOT NULL
);


ALTER TABLE public.auth_user_user_permissions OWNER TO evafilm_user;

--
-- Name: auth_user_user_permissions_id_seq; Type: SEQUENCE; Schema: public; Owner: evafilm_user
--

CREATE SEQUENCE public.auth_user_user_permissions_id_seq
    AS integer
    START WITH 1
    INCREMENT BY 1
    NO MINVALUE
    NO MAXVALUE
    CACHE 1;


ALTER TABLE public.auth_user_user_permissions_id_seq OWNER TO evafilm_user;

--
-- Name: auth_user_user_permissions_id_seq; Type: SEQUENCE OWNED BY; Schema: public; Owner: evafilm_user
--

ALTER SEQUENCE public.auth_user_user_permissions_id_seq OWNED BY public.auth_user_user_permissions.id;


--
-- Name: cnsr_endappcnsr; Type: TABLE; Schema: public; Owner: evafilm_user
--

CREATE TABLE public.cnsr_endappcnsr (
    id integer NOT NULL,
    s character varying(8) NOT NULL,
    e character varying(8),
    active boolean NOT NULL,
    episode_id integer
);


ALTER TABLE public.cnsr_endappcnsr OWNER TO evafilm_user;

--
-- Name: cnsr_endappcnsr_id_seq; Type: SEQUENCE; Schema: public; Owner: evafilm_user
--

CREATE SEQUENCE public.cnsr_endappcnsr_id_seq
    START WITH 1
    INCREMENT BY 1
    NO MINVALUE
    NO MAXVALUE
    CACHE 1;


ALTER TABLE public.cnsr_endappcnsr_id_seq OWNER TO evafilm_user;

--
-- Name: cnsr_endappcnsr_id_seq; Type: SEQUENCE OWNED BY; Schema: public; Owner: evafilm_user
--

ALTER SEQUENCE public.cnsr_endappcnsr_id_seq OWNED BY public.cnsr_endappcnsr.id;


--
-- Name: cnsr_middelappcnsr; Type: TABLE; Schema: public; Owner: evafilm_user
--

CREATE TABLE public.cnsr_middelappcnsr (
    id integer NOT NULL,
    s character varying(8) NOT NULL,
    e character varying(8),
    active boolean NOT NULL,
    episode_id integer
);


ALTER TABLE public.cnsr_middelappcnsr OWNER TO evafilm_user;

--
-- Name: cnsr_middelappcnsr_id_seq; Type: SEQUENCE; Schema: public; Owner: evafilm_user
--

CREATE SEQUENCE public.cnsr_middelappcnsr_id_seq
    START WITH 1
    INCREMENT BY 1
    NO MINVALUE
    NO MAXVALUE
    CACHE 1;


ALTER TABLE public.cnsr_middelappcnsr_id_seq OWNER TO evafilm_user;

--
-- Name: cnsr_middelappcnsr_id_seq; Type: SEQUENCE OWNED BY; Schema: public; Owner: evafilm_user
--

ALTER SEQUENCE public.cnsr_middelappcnsr_id_seq OWNED BY public.cnsr_middelappcnsr.id;


--
-- Name: cnsr_startappcnsr; Type: TABLE; Schema: public; Owner: evafilm_user
--

CREATE TABLE public.cnsr_startappcnsr (
    id integer NOT NULL,
    e character varying(8),
    active boolean NOT NULL,
    episode_id integer,
    s character varying(8) NOT NULL
);


ALTER TABLE public.cnsr_startappcnsr OWNER TO evafilm_user;

--
-- Name: cnsr_startappcnsr_id_seq; Type: SEQUENCE; Schema: public; Owner: evafilm_user
--

CREATE SEQUENCE public.cnsr_startappcnsr_id_seq
    START WITH 1
    INCREMENT BY 1
    NO MINVALUE
    NO MAXVALUE
    CACHE 1;


ALTER TABLE public.cnsr_startappcnsr_id_seq OWNER TO evafilm_user;

--
-- Name: cnsr_startappcnsr_id_seq; Type: SEQUENCE OWNED BY; Schema: public; Owner: evafilm_user
--

ALTER SEQUENCE public.cnsr_startappcnsr_id_seq OWNED BY public.cnsr_startappcnsr.id;


--
-- Name: discount_app_checkuserdiscount; Type: TABLE; Schema: public; Owner: evafilm_user
--

CREATE TABLE public.discount_app_checkuserdiscount (
    id bigint NOT NULL,
    status boolean,
    date_use timestamp with time zone NOT NULL,
    discount_id bigint NOT NULL,
    user_id integer NOT NULL
);


ALTER TABLE public.discount_app_checkuserdiscount OWNER TO evafilm_user;

--
-- Name: discount_app_checkuserdiscount_id_seq; Type: SEQUENCE; Schema: public; Owner: evafilm_user
--

CREATE SEQUENCE public.discount_app_checkuserdiscount_id_seq
    START WITH 1
    INCREMENT BY 1
    NO MINVALUE
    NO MAXVALUE
    CACHE 1;


ALTER TABLE public.discount_app_checkuserdiscount_id_seq OWNER TO evafilm_user;

--
-- Name: discount_app_checkuserdiscount_id_seq; Type: SEQUENCE OWNED BY; Schema: public; Owner: evafilm_user
--

ALTER SEQUENCE public.discount_app_checkuserdiscount_id_seq OWNED BY public.discount_app_checkuserdiscount.id;


--
-- Name: discount_app_discount; Type: TABLE; Schema: public; Owner: evafilm_user
--

CREATE TABLE public.discount_app_discount (
    id bigint NOT NULL,
    title character varying(120) NOT NULL,
    code character varying(16),
    discount_percent integer NOT NULL,
    valid_from timestamp with time zone,
    valid_to timestamp with time zone,
    active boolean NOT NULL
);


ALTER TABLE public.discount_app_discount OWNER TO evafilm_user;

--
-- Name: discount_app_discount_id_seq; Type: SEQUENCE; Schema: public; Owner: evafilm_user
--

CREATE SEQUENCE public.discount_app_discount_id_seq
    START WITH 1
    INCREMENT BY 1
    NO MINVALUE
    NO MAXVALUE
    CACHE 1;


ALTER TABLE public.discount_app_discount_id_seq OWNER TO evafilm_user;

--
-- Name: discount_app_discount_id_seq; Type: SEQUENCE OWNED BY; Schema: public; Owner: evafilm_user
--

ALTER SEQUENCE public.discount_app_discount_id_seq OWNED BY public.discount_app_discount.id;


--
-- Name: django_admin_log; Type: TABLE; Schema: public; Owner: evafilm_user
--

CREATE TABLE public.django_admin_log (
    id integer NOT NULL,
    action_time timestamp with time zone NOT NULL,
    object_id text,
    object_repr character varying(200) NOT NULL,
    action_flag smallint NOT NULL,
    change_message text NOT NULL,
    content_type_id integer,
    user_id integer NOT NULL,
    CONSTRAINT django_admin_log_action_flag_check CHECK ((action_flag >= 0))
);


ALTER TABLE public.django_admin_log OWNER TO evafilm_user;

--
-- Name: django_admin_log_id_seq; Type: SEQUENCE; Schema: public; Owner: evafilm_user
--

CREATE SEQUENCE public.django_admin_log_id_seq
    AS integer
    START WITH 1
    INCREMENT BY 1
    NO MINVALUE
    NO MAXVALUE
    CACHE 1;


ALTER TABLE public.django_admin_log_id_seq OWNER TO evafilm_user;

--
-- Name: django_admin_log_id_seq; Type: SEQUENCE OWNED BY; Schema: public; Owner: evafilm_user
--

ALTER SEQUENCE public.django_admin_log_id_seq OWNED BY public.django_admin_log.id;


--
-- Name: django_content_type; Type: TABLE; Schema: public; Owner: evafilm_user
--

CREATE TABLE public.django_content_type (
    id integer NOT NULL,
    app_label character varying(100) NOT NULL,
    model character varying(100) NOT NULL
);


ALTER TABLE public.django_content_type OWNER TO evafilm_user;

--
-- Name: django_content_type_id_seq; Type: SEQUENCE; Schema: public; Owner: evafilm_user
--

CREATE SEQUENCE public.django_content_type_id_seq
    AS integer
    START WITH 1
    INCREMENT BY 1
    NO MINVALUE
    NO MAXVALUE
    CACHE 1;


ALTER TABLE public.django_content_type_id_seq OWNER TO evafilm_user;

--
-- Name: django_content_type_id_seq; Type: SEQUENCE OWNED BY; Schema: public; Owner: evafilm_user
--

ALTER SEQUENCE public.django_content_type_id_seq OWNED BY public.django_content_type.id;


--
-- Name: django_migrations; Type: TABLE; Schema: public; Owner: evafilm_user
--

CREATE TABLE public.django_migrations (
    id integer NOT NULL,
    app character varying(255) NOT NULL,
    name character varying(255) NOT NULL,
    applied timestamp with time zone NOT NULL
);


ALTER TABLE public.django_migrations OWNER TO evafilm_user;

--
-- Name: django_migrations_id_seq; Type: SEQUENCE; Schema: public; Owner: evafilm_user
--

CREATE SEQUENCE public.django_migrations_id_seq
    AS integer
    START WITH 1
    INCREMENT BY 1
    NO MINVALUE
    NO MAXVALUE
    CACHE 1;


ALTER TABLE public.django_migrations_id_seq OWNER TO evafilm_user;

--
-- Name: django_migrations_id_seq; Type: SEQUENCE OWNED BY; Schema: public; Owner: evafilm_user
--

ALTER SEQUENCE public.django_migrations_id_seq OWNED BY public.django_migrations.id;


--
-- Name: django_session; Type: TABLE; Schema: public; Owner: evafilm_user
--

CREATE TABLE public.django_session (
    session_key character varying(40) NOT NULL,
    session_data text NOT NULL,
    expire_date timestamp with time zone NOT NULL
);


ALTER TABLE public.django_session OWNER TO evafilm_user;

--
-- Name: django_site; Type: TABLE; Schema: public; Owner: evafilm_user
--

CREATE TABLE public.django_site (
    id integer NOT NULL,
    domain character varying(100) NOT NULL,
    name character varying(50) NOT NULL
);


ALTER TABLE public.django_site OWNER TO evafilm_user;

--
-- Name: django_site_id_seq; Type: SEQUENCE; Schema: public; Owner: evafilm_user
--

CREATE SEQUENCE public.django_site_id_seq
    AS integer
    START WITH 1
    INCREMENT BY 1
    NO MINVALUE
    NO MAXVALUE
    CACHE 1;


ALTER TABLE public.django_site_id_seq OWNER TO evafilm_user;

--
-- Name: django_site_id_seq; Type: SEQUENCE OWNED BY; Schema: public; Owner: evafilm_user
--

ALTER SEQUENCE public.django_site_id_seq OWNED BY public.django_site.id;


--
-- Name: giftcard_giftcard; Type: TABLE; Schema: public; Owner: evafilm_user
--

CREATE TABLE public.giftcard_giftcard (
    id bigint NOT NULL,
    title character varying(200) NOT NULL,
    code character varying(255) NOT NULL,
    valid_from timestamp with time zone NOT NULL,
    valid_to timestamp with time zone NOT NULL,
    valid_day integer NOT NULL,
    active boolean NOT NULL
);


ALTER TABLE public.giftcard_giftcard OWNER TO evafilm_user;

--
-- Name: giftcard_giftcard_category; Type: TABLE; Schema: public; Owner: evafilm_user
--

CREATE TABLE public.giftcard_giftcard_category (
    id integer NOT NULL,
    giftcard_id bigint NOT NULL,
    category_id integer NOT NULL
);


ALTER TABLE public.giftcard_giftcard_category OWNER TO evafilm_user;

--
-- Name: giftcard_giftcard_category_id_seq; Type: SEQUENCE; Schema: public; Owner: evafilm_user
--

CREATE SEQUENCE public.giftcard_giftcard_category_id_seq
    AS integer
    START WITH 1
    INCREMENT BY 1
    NO MINVALUE
    NO MAXVALUE
    CACHE 1;


ALTER TABLE public.giftcard_giftcard_category_id_seq OWNER TO evafilm_user;

--
-- Name: giftcard_giftcard_category_id_seq; Type: SEQUENCE OWNED BY; Schema: public; Owner: evafilm_user
--

ALTER SEQUENCE public.giftcard_giftcard_category_id_seq OWNED BY public.giftcard_giftcard_category.id;


--
-- Name: giftcard_giftcard_id_seq; Type: SEQUENCE; Schema: public; Owner: evafilm_user
--

CREATE SEQUENCE public.giftcard_giftcard_id_seq
    START WITH 1
    INCREMENT BY 1
    NO MINVALUE
    NO MAXVALUE
    CACHE 1;


ALTER TABLE public.giftcard_giftcard_id_seq OWNER TO evafilm_user;

--
-- Name: giftcard_giftcard_id_seq; Type: SEQUENCE OWNED BY; Schema: public; Owner: evafilm_user
--

ALTER SEQUENCE public.giftcard_giftcard_id_seq OWNED BY public.giftcard_giftcard.id;


--
-- Name: giftcard_giftcard_related_to_user; Type: TABLE; Schema: public; Owner: evafilm_user
--

CREATE TABLE public.giftcard_giftcard_related_to_user (
    id bigint NOT NULL,
    date_enabeld timestamp with time zone NOT NULL,
    status boolean NOT NULL,
    gift_code_id bigint NOT NULL,
    user_id integer NOT NULL
);


ALTER TABLE public.giftcard_giftcard_related_to_user OWNER TO evafilm_user;

--
-- Name: giftcard_giftcard_related_to_user_id_seq; Type: SEQUENCE; Schema: public; Owner: evafilm_user
--

CREATE SEQUENCE public.giftcard_giftcard_related_to_user_id_seq
    START WITH 1
    INCREMENT BY 1
    NO MINVALUE
    NO MAXVALUE
    CACHE 1;


ALTER TABLE public.giftcard_giftcard_related_to_user_id_seq OWNER TO evafilm_user;

--
-- Name: giftcard_giftcard_related_to_user_id_seq; Type: SEQUENCE OWNED BY; Schema: public; Owner: evafilm_user
--

ALTER SEQUENCE public.giftcard_giftcard_related_to_user_id_seq OWNED BY public.giftcard_giftcard_related_to_user.id;


--
-- Name: introduction_code_icode; Type: TABLE; Schema: public; Owner: evafilm_user
--

CREATE TABLE public.introduction_code_icode (
    id bigint NOT NULL,
    icode character varying(255) NOT NULL,
    iuser_id integer NOT NULL
);


ALTER TABLE public.introduction_code_icode OWNER TO evafilm_user;

--
-- Name: introduction_code_icode_id_seq; Type: SEQUENCE; Schema: public; Owner: evafilm_user
--

CREATE SEQUENCE public.introduction_code_icode_id_seq
    START WITH 1
    INCREMENT BY 1
    NO MINVALUE
    NO MAXVALUE
    CACHE 1;


ALTER TABLE public.introduction_code_icode_id_seq OWNER TO evafilm_user;

--
-- Name: introduction_code_icode_id_seq; Type: SEQUENCE OWNED BY; Schema: public; Owner: evafilm_user
--

ALTER SEQUENCE public.introduction_code_icode_id_seq OWNED BY public.introduction_code_icode.id;


--
-- Name: introduction_code_registericode; Type: TABLE; Schema: public; Owner: evafilm_user
--

CREATE TABLE public.introduction_code_registericode (
    id bigint NOT NULL,
    name character varying(255),
    icode character varying(255) NOT NULL,
    counter_use integer NOT NULL,
    code_explanation text NOT NULL
);


ALTER TABLE public.introduction_code_registericode OWNER TO evafilm_user;

--
-- Name: introduction_code_registericode_id_seq; Type: SEQUENCE; Schema: public; Owner: evafilm_user
--

CREATE SEQUENCE public.introduction_code_registericode_id_seq
    START WITH 1
    INCREMENT BY 1
    NO MINVALUE
    NO MAXVALUE
    CACHE 1;


ALTER TABLE public.introduction_code_registericode_id_seq OWNER TO evafilm_user;

--
-- Name: introduction_code_registericode_id_seq; Type: SEQUENCE OWNED BY; Schema: public; Owner: evafilm_user
--

ALTER SEQUENCE public.introduction_code_registericode_id_seq OWNED BY public.introduction_code_registericode.id;


--
-- Name: invite_code_invitecode; Type: TABLE; Schema: public; Owner: evafilm_user
--

CREATE TABLE public.invite_code_invitecode (
    id bigint NOT NULL,
    invite_code text NOT NULL,
    invite_code_explanation text NOT NULL
);


ALTER TABLE public.invite_code_invitecode OWNER TO evafilm_user;

--
-- Name: invite_code_invitecode_id_seq; Type: SEQUENCE; Schema: public; Owner: evafilm_user
--

CREATE SEQUENCE public.invite_code_invitecode_id_seq
    START WITH 1
    INCREMENT BY 1
    NO MINVALUE
    NO MAXVALUE
    CACHE 1;


ALTER TABLE public.invite_code_invitecode_id_seq OWNER TO evafilm_user;

--
-- Name: invite_code_invitecode_id_seq; Type: SEQUENCE OWNED BY; Schema: public; Owner: evafilm_user
--

ALTER SEQUENCE public.invite_code_invitecode_id_seq OWNED BY public.invite_code_invitecode.id;


--
-- Name: invitor_generated_invitor_code; Type: TABLE; Schema: public; Owner: evafilm_user
--

CREATE TABLE public.invitor_generated_invitor_code (
    id integer NOT NULL,
    code character varying(30) NOT NULL,
    invitations integer,
    user_id integer
);


ALTER TABLE public.invitor_generated_invitor_code OWNER TO evafilm_user;

--
-- Name: invitor_generated_invitor_code_id_seq; Type: SEQUENCE; Schema: public; Owner: evafilm_user
--

CREATE SEQUENCE public.invitor_generated_invitor_code_id_seq
    AS integer
    START WITH 1
    INCREMENT BY 1
    NO MINVALUE
    NO MAXVALUE
    CACHE 1;


ALTER TABLE public.invitor_generated_invitor_code_id_seq OWNER TO evafilm_user;

--
-- Name: invitor_generated_invitor_code_id_seq; Type: SEQUENCE OWNED BY; Schema: public; Owner: evafilm_user
--

ALTER SEQUENCE public.invitor_generated_invitor_code_id_seq OWNED BY public.invitor_generated_invitor_code.id;


--
-- Name: invitor_generated_invitor_code_invited_users; Type: TABLE; Schema: public; Owner: evafilm_user
--

CREATE TABLE public.invitor_generated_invitor_code_invited_users (
    id integer NOT NULL,
    generated_invitor_code_id integer NOT NULL,
    user_id integer NOT NULL
);


ALTER TABLE public.invitor_generated_invitor_code_invited_users OWNER TO evafilm_user;

--
-- Name: invitor_generated_invitor_code_invited_users_id_seq; Type: SEQUENCE; Schema: public; Owner: evafilm_user
--

CREATE SEQUENCE public.invitor_generated_invitor_code_invited_users_id_seq
    AS integer
    START WITH 1
    INCREMENT BY 1
    NO MINVALUE
    NO MAXVALUE
    CACHE 1;


ALTER TABLE public.invitor_generated_invitor_code_invited_users_id_seq OWNER TO evafilm_user;

--
-- Name: invitor_generated_invitor_code_invited_users_id_seq; Type: SEQUENCE OWNED BY; Schema: public; Owner: evafilm_user
--

ALTER SEQUENCE public.invitor_generated_invitor_code_invited_users_id_seq OWNED BY public.invitor_generated_invitor_code_invited_users.id;


--
-- Name: invitor_invitor_code; Type: TABLE; Schema: public; Owner: evafilm_user
--

CREATE TABLE public.invitor_invitor_code (
    id integer NOT NULL,
    code character varying(11) NOT NULL,
    invitations integer,
    user_id integer NOT NULL
);


ALTER TABLE public.invitor_invitor_code OWNER TO evafilm_user;

--
-- Name: invitor_invitor_code_id_seq; Type: SEQUENCE; Schema: public; Owner: evafilm_user
--

CREATE SEQUENCE public.invitor_invitor_code_id_seq
    AS integer
    START WITH 1
    INCREMENT BY 1
    NO MINVALUE
    NO MAXVALUE
    CACHE 1;


ALTER TABLE public.invitor_invitor_code_id_seq OWNER TO evafilm_user;

--
-- Name: invitor_invitor_code_id_seq; Type: SEQUENCE OWNED BY; Schema: public; Owner: evafilm_user
--

ALTER SEQUENCE public.invitor_invitor_code_id_seq OWNED BY public.invitor_invitor_code.id;


--
-- Name: invitor_invitor_code_invited_users; Type: TABLE; Schema: public; Owner: evafilm_user
--

CREATE TABLE public.invitor_invitor_code_invited_users (
    id integer NOT NULL,
    invitor_code_id integer NOT NULL,
    user_id integer NOT NULL
);


ALTER TABLE public.invitor_invitor_code_invited_users OWNER TO evafilm_user;

--
-- Name: invitor_invitor_code_invited_users_id_seq; Type: SEQUENCE; Schema: public; Owner: evafilm_user
--

CREATE SEQUENCE public.invitor_invitor_code_invited_users_id_seq
    AS integer
    START WITH 1
    INCREMENT BY 1
    NO MINVALUE
    NO MAXVALUE
    CACHE 1;


ALTER TABLE public.invitor_invitor_code_invited_users_id_seq OWNER TO evafilm_user;

--
-- Name: invitor_invitor_code_invited_users_id_seq; Type: SEQUENCE OWNED BY; Schema: public; Owner: evafilm_user
--

ALTER SEQUENCE public.invitor_invitor_code_invited_users_id_seq OWNED BY public.invitor_invitor_code_invited_users.id;


--
-- Name: movies_actor; Type: TABLE; Schema: public; Owner: evafilm_user
--

CREATE TABLE public.movies_actor (
    id integer NOT NULL,
    name character varying(35) NOT NULL,
    page_url character varying(255),
    summary text NOT NULL,
    thumb_image character varying(100)
);


ALTER TABLE public.movies_actor OWNER TO evafilm_user;

--
-- Name: movies_actor_id_seq; Type: SEQUENCE; Schema: public; Owner: evafilm_user
--

CREATE SEQUENCE public.movies_actor_id_seq
    AS integer
    START WITH 1
    INCREMENT BY 1
    NO MINVALUE
    NO MAXVALUE
    CACHE 1;


ALTER TABLE public.movies_actor_id_seq OWNER TO evafilm_user;

--
-- Name: movies_actor_id_seq; Type: SEQUENCE OWNED BY; Schema: public; Owner: evafilm_user
--

ALTER SEQUENCE public.movies_actor_id_seq OWNED BY public.movies_actor.id;


--
-- Name: movies_category; Type: TABLE; Schema: public; Owner: evafilm_user
--

CREATE TABLE public.movies_category (
    id integer NOT NULL,
    index smallint NOT NULL,
    name_en character varying(35) NOT NULL,
    name_fa character varying(35) NOT NULL,
    page_url character varying(255),
    image character varying(100),
    CONSTRAINT movies_category_index_check CHECK ((index >= 0))
);


ALTER TABLE public.movies_category OWNER TO evafilm_user;

--
-- Name: movies_category_id_seq; Type: SEQUENCE; Schema: public; Owner: evafilm_user
--

CREATE SEQUENCE public.movies_category_id_seq
    AS integer
    START WITH 1
    INCREMENT BY 1
    NO MINVALUE
    NO MAXVALUE
    CACHE 1;


ALTER TABLE public.movies_category_id_seq OWNER TO evafilm_user;

--
-- Name: movies_category_id_seq; Type: SEQUENCE OWNED BY; Schema: public; Owner: evafilm_user
--

ALTER SEQUENCE public.movies_category_id_seq OWNED BY public.movies_category.id;


--
-- Name: movies_contact; Type: TABLE; Schema: public; Owner: evafilm_user
--

CREATE TABLE public.movies_contact (
    id integer NOT NULL,
    name character varying(80) NOT NULL,
    mobile_or_email character varying(80) NOT NULL,
    message text NOT NULL
);


ALTER TABLE public.movies_contact OWNER TO evafilm_user;

--
-- Name: movies_contact_id_seq; Type: SEQUENCE; Schema: public; Owner: evafilm_user
--

CREATE SEQUENCE public.movies_contact_id_seq
    AS integer
    START WITH 1
    INCREMENT BY 1
    NO MINVALUE
    NO MAXVALUE
    CACHE 1;


ALTER TABLE public.movies_contact_id_seq OWNER TO evafilm_user;

--
-- Name: movies_contact_id_seq; Type: SEQUENCE OWNED BY; Schema: public; Owner: evafilm_user
--

ALTER SEQUENCE public.movies_contact_id_seq OWNED BY public.movies_contact.id;


--
-- Name: movies_country; Type: TABLE; Schema: public; Owner: evafilm_user
--

CREATE TABLE public.movies_country (
    id integer NOT NULL,
    name character varying(35) NOT NULL,
    page_url character varying(255)
);


ALTER TABLE public.movies_country OWNER TO evafilm_user;

--
-- Name: movies_country_id_seq; Type: SEQUENCE; Schema: public; Owner: evafilm_user
--

CREATE SEQUENCE public.movies_country_id_seq
    AS integer
    START WITH 1
    INCREMENT BY 1
    NO MINVALUE
    NO MAXVALUE
    CACHE 1;


ALTER TABLE public.movies_country_id_seq OWNER TO evafilm_user;

--
-- Name: movies_country_id_seq; Type: SEQUENCE OWNED BY; Schema: public; Owner: evafilm_user
--

ALTER SEQUENCE public.movies_country_id_seq OWNED BY public.movies_country.id;


--
-- Name: movies_director; Type: TABLE; Schema: public; Owner: evafilm_user
--

CREATE TABLE public.movies_director (
    id integer NOT NULL,
    name character varying(35) NOT NULL,
    page_url character varying(255),
    summary text NOT NULL,
    thumb_image character varying(100)
);


ALTER TABLE public.movies_director OWNER TO evafilm_user;

--
-- Name: movies_director_id_seq; Type: SEQUENCE; Schema: public; Owner: evafilm_user
--

CREATE SEQUENCE public.movies_director_id_seq
    AS integer
    START WITH 1
    INCREMENT BY 1
    NO MINVALUE
    NO MAXVALUE
    CACHE 1;


ALTER TABLE public.movies_director_id_seq OWNER TO evafilm_user;

--
-- Name: movies_director_id_seq; Type: SEQUENCE OWNED BY; Schema: public; Owner: evafilm_user
--

ALTER SEQUENCE public.movies_director_id_seq OWNED BY public.movies_director.id;


--
-- Name: movies_episode; Type: TABLE; Schema: public; Owner: evafilm_user
--

CREATE TABLE public.movies_episode (
    id integer NOT NULL,
    title character varying(55),
    index smallint NOT NULL,
    summary text,
    download_url character varying(255),
    subtitle_vtt_url character varying(255),
    subtitle_srt_url character varying(255),
    page_url character varying(255),
    created_at timestamp with time zone NOT NULL,
    created_by_id integer,
    playlist_id integer NOT NULL,
    season_id integer,
    thumb_image character varying(100),
    stream_url character varying(255),
    CONSTRAINT movies_episode_index_check CHECK ((index >= 0))
);


ALTER TABLE public.movies_episode OWNER TO evafilm_user;

--
-- Name: movies_episode_id_seq; Type: SEQUENCE; Schema: public; Owner: evafilm_user
--

CREATE SEQUENCE public.movies_episode_id_seq
    AS integer
    START WITH 1
    INCREMENT BY 1
    NO MINVALUE
    NO MAXVALUE
    CACHE 1;


ALTER TABLE public.movies_episode_id_seq OWNER TO evafilm_user;

--
-- Name: movies_episode_id_seq; Type: SEQUENCE OWNED BY; Schema: public; Owner: evafilm_user
--

ALTER SEQUENCE public.movies_episode_id_seq OWNED BY public.movies_episode.id;


--
-- Name: movies_playlist; Type: TABLE; Schema: public; Owner: evafilm_user
--

CREATE TABLE public.movies_playlist (
    id integer NOT NULL,
    type smallint NOT NULL,
    name_en character varying(55) NOT NULL,
    name_fa character varying(55) NOT NULL,
    summary text NOT NULL,
    imdb_score double precision NOT NULL,
    users_score character varying(100),
    publish_status character varying(55),
    visit_times integer NOT NULL,
    play_times integer NOT NULL,
    year character varying(12) NOT NULL,
    "time" character varying(55) NOT NULL,
    tv_pg smallint NOT NULL,
    thumb_image character varying(100),
    created_at timestamp with time zone NOT NULL,
    updated_at timestamp with time zone,
    users_score_n integer NOT NULL,
    users_score_p integer NOT NULL,
    page_url character varying(255),
    created_by_id integer,
    is_free boolean NOT NULL,
    trailer_url character varying(512),
    image_1920x1080 character varying(100),
    image_600x810 character varying(100),
    CONSTRAINT movies_playlist_tv_pg_check CHECK ((tv_pg >= 0)),
    CONSTRAINT movies_playlist_type_check CHECK ((type >= 0))
);


ALTER TABLE public.movies_playlist OWNER TO evafilm_user;

--
-- Name: movies_playlist_actor; Type: TABLE; Schema: public; Owner: evafilm_user
--

CREATE TABLE public.movies_playlist_actor (
    id integer NOT NULL,
    playlist_id integer NOT NULL,
    actor_id integer NOT NULL
);


ALTER TABLE public.movies_playlist_actor OWNER TO evafilm_user;

--
-- Name: movies_playlist_actor_id_seq; Type: SEQUENCE; Schema: public; Owner: evafilm_user
--

CREATE SEQUENCE public.movies_playlist_actor_id_seq
    AS integer
    START WITH 1
    INCREMENT BY 1
    NO MINVALUE
    NO MAXVALUE
    CACHE 1;


ALTER TABLE public.movies_playlist_actor_id_seq OWNER TO evafilm_user;

--
-- Name: movies_playlist_actor_id_seq; Type: SEQUENCE OWNED BY; Schema: public; Owner: evafilm_user
--

ALTER SEQUENCE public.movies_playlist_actor_id_seq OWNED BY public.movies_playlist_actor.id;


--
-- Name: movies_playlist_category; Type: TABLE; Schema: public; Owner: evafilm_user
--

CREATE TABLE public.movies_playlist_category (
    id integer NOT NULL,
    playlist_id integer NOT NULL,
    category_id integer NOT NULL
);


ALTER TABLE public.movies_playlist_category OWNER TO evafilm_user;

--
-- Name: movies_playlist_category_id_seq; Type: SEQUENCE; Schema: public; Owner: evafilm_user
--

CREATE SEQUENCE public.movies_playlist_category_id_seq
    AS integer
    START WITH 1
    INCREMENT BY 1
    NO MINVALUE
    NO MAXVALUE
    CACHE 1;


ALTER TABLE public.movies_playlist_category_id_seq OWNER TO evafilm_user;

--
-- Name: movies_playlist_category_id_seq; Type: SEQUENCE OWNED BY; Schema: public; Owner: evafilm_user
--

ALTER SEQUENCE public.movies_playlist_category_id_seq OWNED BY public.movies_playlist_category.id;


--
-- Name: movies_playlist_country; Type: TABLE; Schema: public; Owner: evafilm_user
--

CREATE TABLE public.movies_playlist_country (
    id integer NOT NULL,
    playlist_id integer NOT NULL,
    country_id integer NOT NULL
);


ALTER TABLE public.movies_playlist_country OWNER TO evafilm_user;

--
-- Name: movies_playlist_country_id_seq; Type: SEQUENCE; Schema: public; Owner: evafilm_user
--

CREATE SEQUENCE public.movies_playlist_country_id_seq
    AS integer
    START WITH 1
    INCREMENT BY 1
    NO MINVALUE
    NO MAXVALUE
    CACHE 1;


ALTER TABLE public.movies_playlist_country_id_seq OWNER TO evafilm_user;

--
-- Name: movies_playlist_country_id_seq; Type: SEQUENCE OWNED BY; Schema: public; Owner: evafilm_user
--

ALTER SEQUENCE public.movies_playlist_country_id_seq OWNED BY public.movies_playlist_country.id;


--
-- Name: movies_playlist_director; Type: TABLE; Schema: public; Owner: evafilm_user
--

CREATE TABLE public.movies_playlist_director (
    id integer NOT NULL,
    playlist_id integer NOT NULL,
    director_id integer NOT NULL
);


ALTER TABLE public.movies_playlist_director OWNER TO evafilm_user;

--
-- Name: movies_playlist_director_id_seq; Type: SEQUENCE; Schema: public; Owner: evafilm_user
--

CREATE SEQUENCE public.movies_playlist_director_id_seq
    AS integer
    START WITH 1
    INCREMENT BY 1
    NO MINVALUE
    NO MAXVALUE
    CACHE 1;


ALTER TABLE public.movies_playlist_director_id_seq OWNER TO evafilm_user;

--
-- Name: movies_playlist_director_id_seq; Type: SEQUENCE OWNED BY; Schema: public; Owner: evafilm_user
--

ALTER SEQUENCE public.movies_playlist_director_id_seq OWNED BY public.movies_playlist_director.id;


--
-- Name: movies_playlist_id_seq; Type: SEQUENCE; Schema: public; Owner: evafilm_user
--

CREATE SEQUENCE public.movies_playlist_id_seq
    AS integer
    START WITH 1
    INCREMENT BY 1
    NO MINVALUE
    NO MAXVALUE
    CACHE 1;


ALTER TABLE public.movies_playlist_id_seq OWNER TO evafilm_user;

--
-- Name: movies_playlist_id_seq; Type: SEQUENCE OWNED BY; Schema: public; Owner: evafilm_user
--

ALTER SEQUENCE public.movies_playlist_id_seq OWNED BY public.movies_playlist.id;


--
-- Name: movies_season; Type: TABLE; Schema: public; Owner: evafilm_user
--

CREATE TABLE public.movies_season (
    id integer NOT NULL,
    name smallint NOT NULL,
    created_at timestamp with time zone NOT NULL,
    playlist_id integer NOT NULL,
    CONSTRAINT movies_season_name_check CHECK ((name >= 0))
);


ALTER TABLE public.movies_season OWNER TO evafilm_user;

--
-- Name: movies_season_id_seq; Type: SEQUENCE; Schema: public; Owner: evafilm_user
--

CREATE SEQUENCE public.movies_season_id_seq
    AS integer
    START WITH 1
    INCREMENT BY 1
    NO MINVALUE
    NO MAXVALUE
    CACHE 1;


ALTER TABLE public.movies_season_id_seq OWNER TO evafilm_user;

--
-- Name: movies_season_id_seq; Type: SEQUENCE OWNED BY; Schema: public; Owner: evafilm_user
--

ALTER SEQUENCE public.movies_season_id_seq OWNED BY public.movies_season.id;


--
-- Name: payments_transaction; Type: TABLE; Schema: public; Owner: evafilm_user
--

CREATE TABLE public.payments_transaction (
    id integer NOT NULL,
    order_id character varying(16) NOT NULL,
    ref_id character varying(55) NOT NULL,
    card_holder_info character varying(255) NOT NULL,
    sales_reference_id character varying(55) NOT NULL,
    seen boolean NOT NULL,
    status smallint NOT NULL,
    created_at timestamp with time zone NOT NULL,
    subscription_plan_id integer NOT NULL,
    user_id integer NOT NULL
);


ALTER TABLE public.payments_transaction OWNER TO evafilm_user;

--
-- Name: payments_transaction_id_seq; Type: SEQUENCE; Schema: public; Owner: evafilm_user
--

CREATE SEQUENCE public.payments_transaction_id_seq
    AS integer
    START WITH 1
    INCREMENT BY 1
    NO MINVALUE
    NO MAXVALUE
    CACHE 1;


ALTER TABLE public.payments_transaction_id_seq OWNER TO evafilm_user;

--
-- Name: payments_transaction_id_seq; Type: SEQUENCE OWNED BY; Schema: public; Owner: evafilm_user
--

ALTER SEQUENCE public.payments_transaction_id_seq OWNED BY public.payments_transaction.id;


--
-- Name: robots_txt_robots; Type: TABLE; Schema: public; Owner: evafilm_user
--

CREATE TABLE public.robots_txt_robots (
    id integer NOT NULL,
    select_type character varying(8) NOT NULL,
    value character varying(255) NOT NULL
);


ALTER TABLE public.robots_txt_robots OWNER TO evafilm_user;

--
-- Name: robots_txt_robots_id_seq; Type: SEQUENCE; Schema: public; Owner: evafilm_user
--

CREATE SEQUENCE public.robots_txt_robots_id_seq
    START WITH 1
    INCREMENT BY 1
    NO MINVALUE
    NO MAXVALUE
    CACHE 1;


ALTER TABLE public.robots_txt_robots_id_seq OWNER TO evafilm_user;

--
-- Name: robots_txt_robots_id_seq; Type: SEQUENCE OWNED BY; Schema: public; Owner: evafilm_user
--

ALTER SEQUENCE public.robots_txt_robots_id_seq OWNED BY public.robots_txt_robots.id;


--
-- Name: send_message_send_message; Type: TABLE; Schema: public; Owner: evafilm_user
--

CREATE TABLE public.send_message_send_message (
    id bigint NOT NULL,
    title character varying(200) NOT NULL,
    "select" character varying(1) NOT NULL,
    message text NOT NULL,
    publish timestamp with time zone NOT NULL,
    status character varying(1),
    active boolean NOT NULL
);


ALTER TABLE public.send_message_send_message OWNER TO evafilm_user;

--
-- Name: send_message_send_message_id_seq; Type: SEQUENCE; Schema: public; Owner: evafilm_user
--

CREATE SEQUENCE public.send_message_send_message_id_seq
    START WITH 1
    INCREMENT BY 1
    NO MINVALUE
    NO MAXVALUE
    CACHE 1;


ALTER TABLE public.send_message_send_message_id_seq OWNER TO evafilm_user;

--
-- Name: send_message_send_message_id_seq; Type: SEQUENCE OWNED BY; Schema: public; Owner: evafilm_user
--

ALTER SEQUENCE public.send_message_send_message_id_seq OWNED BY public.send_message_send_message.id;


--
-- Name: send_message_send_message_users; Type: TABLE; Schema: public; Owner: evafilm_user
--

CREATE TABLE public.send_message_send_message_users (
    id integer NOT NULL,
    send_message_id bigint NOT NULL,
    user_id integer NOT NULL
);


ALTER TABLE public.send_message_send_message_users OWNER TO evafilm_user;

--
-- Name: send_message_send_message_users_id_seq; Type: SEQUENCE; Schema: public; Owner: evafilm_user
--

CREATE SEQUENCE public.send_message_send_message_users_id_seq
    AS integer
    START WITH 1
    INCREMENT BY 1
    NO MINVALUE
    NO MAXVALUE
    CACHE 1;


ALTER TABLE public.send_message_send_message_users_id_seq OWNER TO evafilm_user;

--
-- Name: send_message_send_message_users_id_seq; Type: SEQUENCE OWNED BY; Schema: public; Owner: evafilm_user
--

ALTER SEQUENCE public.send_message_send_message_users_id_seq OWNED BY public.send_message_send_message_users.id;


--
-- Name: accounts_subscription id; Type: DEFAULT; Schema: public; Owner: evafilm_user
--

ALTER TABLE ONLY public.accounts_subscription ALTER COLUMN id SET DEFAULT nextval('public.accounts_subscription_id_seq'::regclass);


--
-- Name: accounts_subscriptionplan id; Type: DEFAULT; Schema: public; Owner: evafilm_user
--

ALTER TABLE ONLY public.accounts_subscriptionplan ALTER COLUMN id SET DEFAULT nextval('public.accounts_subscriptionplan_id_seq'::regclass);


--
-- Name: accounts_userprofile id; Type: DEFAULT; Schema: public; Owner: evafilm_user
--

ALTER TABLE ONLY public.accounts_userprofile ALTER COLUMN id SET DEFAULT nextval('public.accounts_userprofile_id_seq'::regclass);


--
-- Name: api_bookmarkplaylist id; Type: DEFAULT; Schema: public; Owner: evafilm_user
--

ALTER TABLE ONLY public.api_bookmarkplaylist ALTER COLUMN id SET DEFAULT nextval('public.api_bookmarkplaylist_id_seq'::regclass);


--
-- Name: api_comment id; Type: DEFAULT; Schema: public; Owner: evafilm_user
--

ALTER TABLE ONLY public.api_comment ALTER COLUMN id SET DEFAULT nextval('public.api_comment_id_seq'::regclass);


--
-- Name: api_historyplaylist id; Type: DEFAULT; Schema: public; Owner: evafilm_user
--

ALTER TABLE ONLY public.api_historyplaylist ALTER COLUMN id SET DEFAULT nextval('public.api_historyplaylist_id_seq'::regclass);


--
-- Name: api_likedplaylist id; Type: DEFAULT; Schema: public; Owner: evafilm_user
--

ALTER TABLE ONLY public.api_likedplaylist ALTER COLUMN id SET DEFAULT nextval('public.api_likedplaylist_id_seq'::regclass);


--
-- Name: api_videoedit id; Type: DEFAULT; Schema: public; Owner: evafilm_user
--

ALTER TABLE ONLY public.api_videoedit ALTER COLUMN id SET DEFAULT nextval('public.api_videoedit_id_seq'::regclass);


--
-- Name: auth_group id; Type: DEFAULT; Schema: public; Owner: evafilm_user
--

ALTER TABLE ONLY public.auth_group ALTER COLUMN id SET DEFAULT nextval('public.auth_group_id_seq'::regclass);


--
-- Name: auth_group_permissions id; Type: DEFAULT; Schema: public; Owner: evafilm_user
--

ALTER TABLE ONLY public.auth_group_permissions ALTER COLUMN id SET DEFAULT nextval('public.auth_group_permissions_id_seq'::regclass);


--
-- Name: auth_permission id; Type: DEFAULT; Schema: public; Owner: evafilm_user
--

ALTER TABLE ONLY public.auth_permission ALTER COLUMN id SET DEFAULT nextval('public.auth_permission_id_seq'::regclass);


--
-- Name: auth_user id; Type: DEFAULT; Schema: public; Owner: evafilm_user
--

ALTER TABLE ONLY public.auth_user ALTER COLUMN id SET DEFAULT nextval('public.auth_user_id_seq'::regclass);


--
-- Name: auth_user_groups id; Type: DEFAULT; Schema: public; Owner: evafilm_user
--

ALTER TABLE ONLY public.auth_user_groups ALTER COLUMN id SET DEFAULT nextval('public.auth_user_groups_id_seq'::regclass);


--
-- Name: auth_user_user_permissions id; Type: DEFAULT; Schema: public; Owner: evafilm_user
--

ALTER TABLE ONLY public.auth_user_user_permissions ALTER COLUMN id SET DEFAULT nextval('public.auth_user_user_permissions_id_seq'::regclass);


--
-- Name: cnsr_endappcnsr id; Type: DEFAULT; Schema: public; Owner: evafilm_user
--

ALTER TABLE ONLY public.cnsr_endappcnsr ALTER COLUMN id SET DEFAULT nextval('public.cnsr_endappcnsr_id_seq'::regclass);


--
-- Name: cnsr_middelappcnsr id; Type: DEFAULT; Schema: public; Owner: evafilm_user
--

ALTER TABLE ONLY public.cnsr_middelappcnsr ALTER COLUMN id SET DEFAULT nextval('public.cnsr_middelappcnsr_id_seq'::regclass);


--
-- Name: cnsr_startappcnsr id; Type: DEFAULT; Schema: public; Owner: evafilm_user
--

ALTER TABLE ONLY public.cnsr_startappcnsr ALTER COLUMN id SET DEFAULT nextval('public.cnsr_startappcnsr_id_seq'::regclass);


--
-- Name: discount_app_checkuserdiscount id; Type: DEFAULT; Schema: public; Owner: evafilm_user
--

ALTER TABLE ONLY public.discount_app_checkuserdiscount ALTER COLUMN id SET DEFAULT nextval('public.discount_app_checkuserdiscount_id_seq'::regclass);


--
-- Name: discount_app_discount id; Type: DEFAULT; Schema: public; Owner: evafilm_user
--

ALTER TABLE ONLY public.discount_app_discount ALTER COLUMN id SET DEFAULT nextval('public.discount_app_discount_id_seq'::regclass);


--
-- Name: django_admin_log id; Type: DEFAULT; Schema: public; Owner: evafilm_user
--

ALTER TABLE ONLY public.django_admin_log ALTER COLUMN id SET DEFAULT nextval('public.django_admin_log_id_seq'::regclass);


--
-- Name: django_content_type id; Type: DEFAULT; Schema: public; Owner: evafilm_user
--

ALTER TABLE ONLY public.django_content_type ALTER COLUMN id SET DEFAULT nextval('public.django_content_type_id_seq'::regclass);


--
-- Name: django_migrations id; Type: DEFAULT; Schema: public; Owner: evafilm_user
--

ALTER TABLE ONLY public.django_migrations ALTER COLUMN id SET DEFAULT nextval('public.django_migrations_id_seq'::regclass);


--
-- Name: django_site id; Type: DEFAULT; Schema: public; Owner: evafilm_user
--

ALTER TABLE ONLY public.django_site ALTER COLUMN id SET DEFAULT nextval('public.django_site_id_seq'::regclass);


--
-- Name: giftcard_giftcard id; Type: DEFAULT; Schema: public; Owner: evafilm_user
--

ALTER TABLE ONLY public.giftcard_giftcard ALTER COLUMN id SET DEFAULT nextval('public.giftcard_giftcard_id_seq'::regclass);


--
-- Name: giftcard_giftcard_category id; Type: DEFAULT; Schema: public; Owner: evafilm_user
--

ALTER TABLE ONLY public.giftcard_giftcard_category ALTER COLUMN id SET DEFAULT nextval('public.giftcard_giftcard_category_id_seq'::regclass);


--
-- Name: giftcard_giftcard_related_to_user id; Type: DEFAULT; Schema: public; Owner: evafilm_user
--

ALTER TABLE ONLY public.giftcard_giftcard_related_to_user ALTER COLUMN id SET DEFAULT nextval('public.giftcard_giftcard_related_to_user_id_seq'::regclass);


--
-- Name: introduction_code_icode id; Type: DEFAULT; Schema: public; Owner: evafilm_user
--

ALTER TABLE ONLY public.introduction_code_icode ALTER COLUMN id SET DEFAULT nextval('public.introduction_code_icode_id_seq'::regclass);


--
-- Name: introduction_code_registericode id; Type: DEFAULT; Schema: public; Owner: evafilm_user
--

ALTER TABLE ONLY public.introduction_code_registericode ALTER COLUMN id SET DEFAULT nextval('public.introduction_code_registericode_id_seq'::regclass);


--
-- Name: invite_code_invitecode id; Type: DEFAULT; Schema: public; Owner: evafilm_user
--

ALTER TABLE ONLY public.invite_code_invitecode ALTER COLUMN id SET DEFAULT nextval('public.invite_code_invitecode_id_seq'::regclass);


--
-- Name: invitor_generated_invitor_code id; Type: DEFAULT; Schema: public; Owner: evafilm_user
--

ALTER TABLE ONLY public.invitor_generated_invitor_code ALTER COLUMN id SET DEFAULT nextval('public.invitor_generated_invitor_code_id_seq'::regclass);


--
-- Name: invitor_generated_invitor_code_invited_users id; Type: DEFAULT; Schema: public; Owner: evafilm_user
--

ALTER TABLE ONLY public.invitor_generated_invitor_code_invited_users ALTER COLUMN id SET DEFAULT nextval('public.invitor_generated_invitor_code_invited_users_id_seq'::regclass);


--
-- Name: invitor_invitor_code id; Type: DEFAULT; Schema: public; Owner: evafilm_user
--

ALTER TABLE ONLY public.invitor_invitor_code ALTER COLUMN id SET DEFAULT nextval('public.invitor_invitor_code_id_seq'::regclass);


--
-- Name: invitor_invitor_code_invited_users id; Type: DEFAULT; Schema: public; Owner: evafilm_user
--

ALTER TABLE ONLY public.invitor_invitor_code_invited_users ALTER COLUMN id SET DEFAULT nextval('public.invitor_invitor_code_invited_users_id_seq'::regclass);


--
-- Name: movies_actor id; Type: DEFAULT; Schema: public; Owner: evafilm_user
--

ALTER TABLE ONLY public.movies_actor ALTER COLUMN id SET DEFAULT nextval('public.movies_actor_id_seq'::regclass);


--
-- Name: movies_category id; Type: DEFAULT; Schema: public; Owner: evafilm_user
--

ALTER TABLE ONLY public.movies_category ALTER COLUMN id SET DEFAULT nextval('public.movies_category_id_seq'::regclass);


--
-- Name: movies_contact id; Type: DEFAULT; Schema: public; Owner: evafilm_user
--

ALTER TABLE ONLY public.movies_contact ALTER COLUMN id SET DEFAULT nextval('public.movies_contact_id_seq'::regclass);


--
-- Name: movies_country id; Type: DEFAULT; Schema: public; Owner: evafilm_user
--

ALTER TABLE ONLY public.movies_country ALTER COLUMN id SET DEFAULT nextval('public.movies_country_id_seq'::regclass);


--
-- Name: movies_director id; Type: DEFAULT; Schema: public; Owner: evafilm_user
--

ALTER TABLE ONLY public.movies_director ALTER COLUMN id SET DEFAULT nextval('public.movies_director_id_seq'::regclass);


--
-- Name: movies_episode id; Type: DEFAULT; Schema: public; Owner: evafilm_user
--

ALTER TABLE ONLY public.movies_episode ALTER COLUMN id SET DEFAULT nextval('public.movies_episode_id_seq'::regclass);


--
-- Name: movies_playlist id; Type: DEFAULT; Schema: public; Owner: evafilm_user
--

ALTER TABLE ONLY public.movies_playlist ALTER COLUMN id SET DEFAULT nextval('public.movies_playlist_id_seq'::regclass);


--
-- Name: movies_playlist_actor id; Type: DEFAULT; Schema: public; Owner: evafilm_user
--

ALTER TABLE ONLY public.movies_playlist_actor ALTER COLUMN id SET DEFAULT nextval('public.movies_playlist_actor_id_seq'::regclass);


--
-- Name: movies_playlist_category id; Type: DEFAULT; Schema: public; Owner: evafilm_user
--

ALTER TABLE ONLY public.movies_playlist_category ALTER COLUMN id SET DEFAULT nextval('public.movies_playlist_category_id_seq'::regclass);


--
-- Name: movies_playlist_country id; Type: DEFAULT; Schema: public; Owner: evafilm_user
--

ALTER TABLE ONLY public.movies_playlist_country ALTER COLUMN id SET DEFAULT nextval('public.movies_playlist_country_id_seq'::regclass);


--
-- Name: movies_playlist_director id; Type: DEFAULT; Schema: public; Owner: evafilm_user
--

ALTER TABLE ONLY public.movies_playlist_director ALTER COLUMN id SET DEFAULT nextval('public.movies_playlist_director_id_seq'::regclass);


--
-- Name: movies_season id; Type: DEFAULT; Schema: public; Owner: evafilm_user
--

ALTER TABLE ONLY public.movies_season ALTER COLUMN id SET DEFAULT nextval('public.movies_season_id_seq'::regclass);


--
-- Name: payments_transaction id; Type: DEFAULT; Schema: public; Owner: evafilm_user
--

ALTER TABLE ONLY public.payments_transaction ALTER COLUMN id SET DEFAULT nextval('public.payments_transaction_id_seq'::regclass);


--
-- Name: robots_txt_robots id; Type: DEFAULT; Schema: public; Owner: evafilm_user
--

ALTER TABLE ONLY public.robots_txt_robots ALTER COLUMN id SET DEFAULT nextval('public.robots_txt_robots_id_seq'::regclass);


--
-- Name: send_message_send_message id; Type: DEFAULT; Schema: public; Owner: evafilm_user
--

ALTER TABLE ONLY public.send_message_send_message ALTER COLUMN id SET DEFAULT nextval('public.send_message_send_message_id_seq'::regclass);


--
-- Name: send_message_send_message_users id; Type: DEFAULT; Schema: public; Owner: evafilm_user
--

ALTER TABLE ONLY public.send_message_send_message_users ALTER COLUMN id SET DEFAULT nextval('public.send_message_send_message_users_id_seq'::regclass);


--
-- Data for Name: accounts_subscription; Type: TABLE DATA; Schema: public; Owner: evafilm_user
--

COPY public.accounts_subscription (id, start_date, start_time, end_date, end_time, ip_1, ip_2, ip_3, plan_id, user_id) FROM stdin;
59	2021-08-03	22:59:56.286904	2022-08-03	22:59:56.286906	\N	\N	\N	2	1
66	2021-08-29	21:02:44.249561	2022-01-26	21:02:44.249563	\N	\N	\N	8	76
67	2021-08-30	11:15:25.320988	2021-12-08	11:15:25.320991	\N	\N	\N	8	70
\.


--
-- Data for Name: accounts_subscriptionplan; Type: TABLE DATA; Schema: public; Owner: evafilm_user
--

COPY public.accounts_subscriptionplan (id, name, title, valid_days, price, is_vip, max_valid_days, spacial_id) FROM stdin;
3	p2	  	60	25000	f	120	52ced1f0
4	p3	  	90	40000	f	120	3af08033
2	v1	   ()	90	49000	t	130	e8b3cb94
1	p1	  	50	15000	f	120	e9b3cb34
7	test	  	2	2	t	120	db33ce8d
8	v4	    50 	50	15000	t	120	95732d4f
\.


--
-- Data for Name: accounts_userprofile; Type: TABLE DATA; Schema: public; Owner: evafilm_user
--

COPY public.accounts_userprofile (id, nick_name, age, is_verified, is_subscribed, api_token, created_at, last_login, user_id, is_censor_on) FROM stdin;
65	U822739	28	f	f	968047762622741765	2021-08-10	\N	68	t
73	U744442	28	f	f	532354854625547439	2021-08-27	\N	76	t
56	U785944	28	f	f	609362855580565671	2021-08-30	\N	59	t
67	U994555	28	f	f	772636771691928997	2021-08-16	\N	70	f
69	U921057	28	f	f	628538550339798312	2021-08-23	\N	72	t
57	U799757	28	f	f	920179802491920935	2021-08-25	\N	60	t
1	U638107	28	t	t	565	2021-08-26	\N	1	t
\.


--
-- Data for Name: api_bookmarkplaylist; Type: TABLE DATA; Schema: public; Owner: evafilm_user
--

COPY public.api_bookmarkplaylist (id, playlist_id, user_id) FROM stdin;
21	129	60
54	129	1
23	85	1
24	124	1
58	83	60
59	124	59
\.


--
-- Data for Name: api_comment; Type: TABLE DATA; Schema: public; Owner: evafilm_user
--

COPY public.api_comment (id, comment, status, is_reveal, date_shamsi, date, playlist_id, user_id) FROM stdin;
16	ghghhg	0	f	26  1400	2021-08-17	88	1
19	 	1	f	26  1400	2021-08-17	130	1
20	    ! :)	1	f	26  1400	2021-08-17	114	1
21	  	0	f	01  1400	2021-08-23	89	72
22	kugtg	0	f	04  1400	2021-08-26	79	1
\.


--
-- Data for Name: api_historyplaylist; Type: TABLE DATA; Schema: public; Owner: evafilm_user
--

COPY public.api_historyplaylist (id, "current_time", created_at, updated_at, episode_id, user_id) FROM stdin;
10	68	2021-06-25 10:13:20.486579+00	2021-06-25 10:13:20.486627+00	58	1
11	180	2021-08-06 19:21:28.790504+00	2021-08-06 19:21:28.790534+00	27	1
12	59	2021-08-18 14:29:50.491113+00	2021-08-18 14:29:50.491141+00	44	1
13	285	2021-08-18 14:32:43.24882+00	2021-08-18 14:35:43.252975+00	45	1
15	0	2021-08-22 17:12:16.562494+00	2021-08-22 18:00:58.752246+00	31	1
16	71	2021-08-22 18:02:37.925204+00	2021-08-22 18:02:37.925233+00	41	1
17	110	2021-08-26 10:52:52.966021+00	2021-08-26 10:53:53.144688+00	35	1
2	1266	2021-06-09 18:43:35.186557+00	2021-06-11 10:37:18.498698+00	69	1
18	103	2021-08-26 19:51:21.331939+00	2021-08-26 19:52:21.357153+00	33	59
19	3822	2021-08-26 19:55:02.75403+00	2021-08-26 21:02:25.661185+00	79	59
20	6367	2021-08-27 13:20:12.551328+00	2021-08-27 13:26:12.416538+00	65	1
21	39	2021-08-27 13:58:41.405125+00	2021-08-27 13:59:41.478654+00	63	1
14	6382	2021-08-21 16:17:22.913333+00	2021-08-31 19:50:50.672816+00	79	1
\.


--
-- Data for Name: api_likedplaylist; Type: TABLE DATA; Schema: public; Owner: evafilm_user
--

COPY public.api_likedplaylist (id, liked, playlist_id, user_id) FROM stdin;
3	1	76	1
4	1	88	1
6	1	129	1
5	1	115	1
7	1	129	60
11	1	132	1
10	0	127	1
8	1	85	1
9	1	130	1
12	1	83	60
13	1	124	59
\.


--
-- Data for Name: api_videoedit; Type: TABLE DATA; Schema: public; Owner: evafilm_user
--

COPY public.api_videoedit (id, titration_time, episode_id, censor_times) FROM stdin;
27	0:0	27	0:0
30	0:0	30	0:0
31	0:0	31	0:0
32	0:0	32	0:0
33	0:0	33	0:0
34	0:0	34	0:0
35	0:0	35	0:0
36	0:0	36	0:0
37	0:0	37	0:0
38	0:0	38	0:0
39	0:0	39	0:0
40	0:0	40	0:0
41	0:0	41	0:0
42	0:0	42	0:0
43	0:0	43	0:0
44	0:0	44	0:0
45	0:0	45	0:0
46	0:0	46	0:0
47	0:0	47	0:0
48	0:0	48	0:0
49	0:0	49	0:0
50	0:0	50	0:0
51	0:0	51	0:0
53	0:0	53	0:0
54	0:0	54	0:0
55	0:0	55	0:0
56	0:0	56	0:0
57	0:0	57	0:0
58	0:0	58	0:0
59	0:0	59	0:0
60	0:0	60	0:0
61	0:0	61	0:0
62	0:0	62	0:0
63	0:0	63	0:0
64	0:0	64	0:0
65	0:0	65	0:0
66	0:0	66	0:0
67	0:0	67	0:0
68	0:0	68	0:0
69	0:0	69	0:0
79	0:0	79	0:0
90	0:0	91	0:0
91	0:0	92	0:0
92	0:0	93	0:0
93	0:0	94	0:0
94	0:0	95	0:0
95	0:0	96	0:0
\.


--
-- Data for Name: auth_group; Type: TABLE DATA; Schema: public; Owner: evafilm_user
--

COPY public.auth_group (id, name) FROM stdin;
\.


--
-- Data for Name: auth_group_permissions; Type: TABLE DATA; Schema: public; Owner: evafilm_user
--

COPY public.auth_group_permissions (id, group_id, permission_id) FROM stdin;
\.


--
-- Data for Name: auth_permission; Type: TABLE DATA; Schema: public; Owner: evafilm_user
--

COPY public.auth_permission (id, name, content_type_id, codename) FROM stdin;
1	Can add log entry	1	add_logentry
2	Can change log entry	1	change_logentry
3	Can delete log entry	1	delete_logentry
4	Can view log entry	1	view_logentry
5	Can add permission	2	add_permission
6	Can change permission	2	change_permission
7	Can delete permission	2	delete_permission
8	Can view permission	2	view_permission
9	Can add group	3	add_group
10	Can change group	3	change_group
11	Can delete group	3	delete_group
12	Can view group	3	view_group
13	Can add user	4	add_user
14	Can change user	4	change_user
15	Can delete user	4	delete_user
16	Can view user	4	view_user
17	Can add content type	5	add_contenttype
18	Can change content type	5	change_contenttype
19	Can delete content type	5	delete_contenttype
20	Can view content type	5	view_contenttype
21	Can add session	6	add_session
22	Can change session	6	change_session
23	Can delete session	6	delete_session
24	Can view session	6	view_session
25	Can add subscription plan	7	add_subscriptionplan
26	Can change subscription plan	7	change_subscriptionplan
27	Can delete subscription plan	7	delete_subscriptionplan
28	Can view subscription plan	7	view_subscriptionplan
29	Can add user profile	8	add_userprofile
30	Can change user profile	8	change_userprofile
31	Can delete user profile	8	delete_userprofile
32	Can view user profile	8	view_userprofile
33	Can add subscription	9	add_subscription
34	Can change subscription	9	change_subscription
35	Can delete subscription	9	delete_subscription
36	Can view subscription	9	view_subscription
37	Can add actor	10	add_actor
38	Can change actor	10	change_actor
39	Can delete actor	10	delete_actor
40	Can view actor	10	view_actor
41	Can add category	11	add_category
42	Can change category	11	change_category
43	Can delete category	11	delete_category
44	Can view category	11	view_category
45	Can add contact	12	add_contact
46	Can change contact	12	change_contact
47	Can delete contact	12	delete_contact
48	Can view contact	12	view_contact
49	Can add country	13	add_country
50	Can change country	13	change_country
51	Can delete country	13	delete_country
52	Can view country	13	view_country
53	Can add director	14	add_director
54	Can change director	14	change_director
55	Can delete director	14	delete_director
56	Can view director	14	view_director
57	Can add play list	15	add_playlist
58	Can change play list	15	change_playlist
59	Can delete play list	15	delete_playlist
60	Can view play list	15	view_playlist
61	Can add season	16	add_season
62	Can change season	16	change_season
63	Can delete season	16	delete_season
64	Can view season	16	view_season
65	Can add episode	17	add_episode
66	Can change episode	17	change_episode
67	Can delete episode	17	delete_episode
68	Can view episode	17	view_episode
69	Can add transaction	18	add_transaction
70	Can change transaction	18	change_transaction
71	Can delete transaction	18	delete_transaction
72	Can view transaction	18	view_transaction
73	Can add video edit	19	add_videoedit
74	Can change video edit	19	change_videoedit
75	Can delete video edit	19	delete_videoedit
76	Can view video edit	19	view_videoedit
77	Can add liked play list	20	add_likedplaylist
78	Can change liked play list	20	change_likedplaylist
79	Can delete liked play list	20	delete_likedplaylist
80	Can view liked play list	20	view_likedplaylist
81	Can add history play list	21	add_historyplaylist
82	Can change history play list	21	change_historyplaylist
83	Can delete history play list	21	delete_historyplaylist
84	Can view history play list	21	view_historyplaylist
85	Can add comment	22	add_comment
86	Can change comment	22	change_comment
87	Can delete comment	22	delete_comment
88	Can view comment	22	view_comment
89	Can add bookmark play list	23	add_bookmarkplaylist
90	Can change bookmark play list	23	change_bookmarkplaylist
91	Can delete bookmark play list	23	delete_bookmarkplaylist
92	Can view bookmark play list	23	view_bookmarkplaylist
93	Can add 	24	add_send_message
94	Can change 	24	change_send_message
95	Can delete 	24	delete_send_message
96	Can view 	24	view_send_message
97	Can add site	25	add_site
98	Can change site	25	change_site
99	Can delete site	25	delete_site
100	Can view site	25	view_site
101	Can add  	26	add_discount
102	Can change  	26	change_discount
103	Can delete  	26	delete_discount
104	Can view  	26	view_discount
105	Can add 	27	add_checkuserdiscount
106	Can change 	27	change_checkuserdiscount
107	Can delete 	27	delete_checkuserdiscount
108	Can view 	27	view_checkuserdiscount
109	Can add  	28	add_startappcnsr
110	Can change  	28	change_startappcnsr
111	Can delete  	28	delete_startappcnsr
112	Can view  	28	view_startappcnsr
113	Can add 	29	add_middelappcnsr
114	Can change 	29	change_middelappcnsr
115	Can delete 	29	delete_middelappcnsr
116	Can view 	29	view_middelappcnsr
117	Can add  	30	add_endappcnsr
118	Can change  	30	change_endappcnsr
119	Can delete  	30	delete_endappcnsr
120	Can view  	30	view_endappcnsr
121	Can add 	31	add_robots
122	Can change 	31	change_robots
123	Can delete 	31	delete_robots
124	Can view 	31	view_robots
125	Can add  	32	add_giftcard
126	Can change  	32	change_giftcard
127	Can delete  	32	delete_giftcard
128	Can view  	32	view_giftcard
129	Can add   	33	add_giftcard_related_to_user
130	Can change   	33	change_giftcard_related_to_user
131	Can delete   	33	delete_giftcard_related_to_user
132	Can view   	33	view_giftcard_related_to_user
133	Can add    (  )	34	add_registericode
134	Can change    (  )	34	change_registericode
135	Can delete    (  )	34	delete_registericode
136	Can view    (  )	34	view_registericode
137	Can add    ( )	35	add_icode
138	Can change    ( )	35	change_icode
139	Can delete    ( )	35	delete_icode
140	Can view    ( )	35	view_icode
141	Can add  	36	add_invitecode
142	Can change  	36	change_invitecode
143	Can delete  	36	delete_invitecode
144	Can view  	36	view_invitecode
145	Can add 	37	add_profile
146	Can change 	37	change_profile
147	Can delete 	37	delete_profile
148	Can view 	37	view_profile
149	Can add  	38	add_invitor_code
150	Can change  	38	change_invitor_code
151	Can delete  	38	delete_invitor_code
152	Can view  	38	view_invitor_code
153	Can add   	39	add_generated_invitor_code
154	Can change   	39	change_generated_invitor_code
155	Can delete   	39	delete_generated_invitor_code
156	Can view   	39	view_generated_invitor_code
\.


--
-- Data for Name: auth_user; Type: TABLE DATA; Schema: public; Owner: evafilm_user
--

COPY public.auth_user (id, password, last_login, is_superuser, username, first_name, last_name, email, is_staff, is_active, date_joined) FROM stdin;
70	pbkdf2_sha256$260000$ryn56S2WxN9FECPfJ9nweE$Numyu/YHq8cJzfHT6kdC3T4rvsTngUjxBhY2IVjCImk=	2021-08-30 06:06:40.768464+00	f	9381029915			arash9775@gmail.com	f	t	2021-08-16 06:28:10.56283+00
1	pbkdf2_sha256$260000$mdLkJXTiVlKrqO23sct1uG$sNbmTFEsgCoBEpveNBnMpBsO918Q85RnFKZZnp4uvpU=	2021-08-31 19:04:38.353989+00	t	admin	amir	hosein	admin@evafilm.ir	t	t	2021-05-08 07:19:57+00
60	pbkdf2_sha256$260000$kwpBQI7t6KNrc0fnPbgkuW$Y6cTFeakvMEymjwUDFHs/eOyxJRX+IY0wLMB4GHARtQ=	2021-08-18 15:03:31.904184+00	f	9384104825			rahimi.f.h@gmsil.com	f	t	2021-08-10 15:37:08.087252+00
72	pbkdf2_sha256$260000$yvggBBwBRLxxMJFfQsHsVJ$mpxic5TzelUNB5Tf1tF1sKQjFewbxVJGFUGf0rmu3LE=	2021-08-23 06:17:31.084581+00	f	9383236603			mohammadnet687@gmail.com	f	t	2021-08-23 06:15:55.949429+00
59	pbkdf2_sha256$260000$YbwYrFW2XH77vmZI7zgBz4$pms2Hmffdge2vo51fxusVK1h9feDTxbEWpr/oCfr5pg=	2021-08-27 15:46:37.023433+00	f	9125502517		 	dj1372@gmail.com	f	t	2021-08-10 14:50:41.709773+00
76	pbkdf2_sha256$260000$5jyrddSn5BF4fRVAHIB9qb$ro2cdk7zSdm4n2u/Kc6tnjuvd4qsPa87LfCnc/l4g14=	2021-08-30 05:52:26.589538+00	f	9012679848		 	dj1372@gmail.com	f	t	2021-08-26 18:53:23.430027+00
68	pbkdf2_sha256$260000$hhUshqgUrg4ExoM4GJ0jXW$k29Do+eD0eEwuuRhiYeZgbRlFSFfieNhJ2msoztQdTI=	2021-08-10 16:43:45.727807+00	f	9184058726			test@gimail.com	f	t	2021-08-10 16:43:04.941861+00
\.


--
-- Data for Name: auth_user_groups; Type: TABLE DATA; Schema: public; Owner: evafilm_user
--

COPY public.auth_user_groups (id, user_id, group_id) FROM stdin;
\.


--
-- Data for Name: auth_user_user_permissions; Type: TABLE DATA; Schema: public; Owner: evafilm_user
--

COPY public.auth_user_user_permissions (id, user_id, permission_id) FROM stdin;
\.


--
-- Data for Name: cnsr_endappcnsr; Type: TABLE DATA; Schema: public; Owner: evafilm_user
--

COPY public.cnsr_endappcnsr (id, s, e, active, episode_id) FROM stdin;
3	00:00:00	00:00:10	t	37
4	00:00:00	00:00:10	t	38
\.


--
-- Data for Name: cnsr_middelappcnsr; Type: TABLE DATA; Schema: public; Owner: evafilm_user
--

COPY public.cnsr_middelappcnsr (id, s, e, active, episode_id) FROM stdin;
19	00:00:00	00:00:10	t	37
20	00:00:00	00:00:10	t	33
21	00:00:00	00:00:10	t	50
\.


--
-- Data for Name: cnsr_startappcnsr; Type: TABLE DATA; Schema: public; Owner: evafilm_user
--

COPY public.cnsr_startappcnsr (id, e, active, episode_id, s) FROM stdin;
43	00:00:10	t	37	00:00:00
44	00:00:10	t	38	00:00:00
\.


--
-- Data for Name: discount_app_checkuserdiscount; Type: TABLE DATA; Schema: public; Owner: evafilm_user
--

COPY public.discount_app_checkuserdiscount (id, status, date_use, discount_id, user_id) FROM stdin;
25	t	2021-08-29 16:31:36.391372+00	14	76
26	t	2021-08-29 16:32:44.233073+00	15	76
\.


--
-- Data for Name: discount_app_discount; Type: TABLE DATA; Schema: public; Owner: evafilm_user
--

COPY public.discount_app_discount (id, title, code, discount_percent, valid_from, valid_to, active) FROM stdin;
14	eva90	eva90	90	2021-08-29 14:20:44+00	2021-09-29 15:20:45+00	t
15	eva91	eva91	90	2021-08-29 14:38:20+00	2021-09-29 15:38:21+00	t
16	eva92	eva92	90	2021-08-29 14:41:56+00	2021-09-29 15:41:57+00	t
\.


--
-- Data for Name: django_admin_log; Type: TABLE DATA; Schema: public; Owner: evafilm_user
--

COPY public.django_admin_log (id, action_time, object_id, object_repr, action_flag, change_message, content_type_id, user_id) FROM stdin;
1	2021-05-08 07:24:42.323193+00	1		1	[{"added": {}}]	11	1
2	2021-05-08 07:24:59.560239+00	2		1	[{"added": {}}]	11	1
3	2021-05-08 07:25:27.131526+00	3	 	1	[{"added": {}}]	11	1
4	2021-05-08 07:25:49.087242+00	4		1	[{"added": {}}]	11	1
5	2021-05-08 12:32:13.9484+00	1	United States	1	[{"added": {}}]	13	1
6	2021-05-08 12:32:18.442658+00	1	test | Type: 1 | ID: 1	1	[{"added": {}}]	15	1
7	2021-05-08 12:33:11.307276+00	1	test - 1 | ID: 1	1	[{"added": {}}]	17	1
8	2021-05-08 12:33:48.161588+00	1	test | Type: 2 | ID: 1	2	[{"changed": {"fields": ["\\u0646\\u0648\\u0639 \\u0641\\u06cc\\u0644\\u0645"]}}]	15	1
9	2021-05-08 12:34:14.32529+00	1	test - 1	1	[{"added": {}}]	16	1
10	2021-05-08 12:34:35.457438+00	1	test - 1 | ID: 1	2	[{"changed": {"fields": ["\\u0641\\u0635\\u0644"]}}]	17	1
11	2021-05-08 12:35:03.926074+00	1	test - 1 | ID: 1	2	[{"changed": {"fields": ["\\u062e\\u0644\\u0627\\u0635\\u0647 \\u0627\\u06cc\\u0646 \\u0627\\u067e\\u06cc\\u0632\\u0648\\u062f"]}}]	17	1
12	2021-05-08 15:11:36.094304+00	1	Actor test	1	[{"added": {}}]	10	1
13	2021-05-08 15:11:49.550729+00	1	test | Type: 2 | ID: 1	2	[{"changed": {"fields": ["\\u0628\\u0627\\u0632\\u06cc\\u06af\\u0631\\u0627\\u0646"]}}]	15	1
14	2021-05-08 16:28:43.685077+00	2	09125502517	1	[{"added": {}}]	4	1
15	2021-05-08 16:35:20.145868+00	1	p1 -   	1	[{"added": {}}]	7	1
16	2021-05-08 16:46:15.732831+00	1	test | Type: 2 | ID: 1	2	[{"changed": {"fields": ["\\u0622\\u062f\\u0631\\u0633 \\u062a\\u0631\\u06cc\\u0644\\u0631"]}}]	15	1
17	2021-05-08 17:58:13.654494+00	2	09125502517	2	[{"changed": {"fields": ["Staff status"]}}]	4	1
18	2021-05-09 19:21:59.076217+00	3	9125502517	2	[{"changed": {"fields": ["Staff status"]}}]	4	1
19	2021-05-10 14:29:29.913+00	2	09125502517	3		4	1
20	2021-05-10 14:29:53.79837+00	5	845455566	3		4	1
21	2021-05-10 14:30:00.192518+00	6	9012679848	3		4	1
22	2021-05-10 14:30:13.370633+00	8	9125502517 	3		4	1
23	2021-05-10 14:31:52.781415+00	3	9125502517	2	[{"changed": {"fields": ["Superuser status"]}}]	4	1
24	2021-05-10 14:47:53.920051+00	9	9212837520	2	[{"changed": {"fields": ["Staff status"]}}]	4	1
25	2021-05-10 15:07:56.826662+00	3	aaa | Type: 1 | ID: 3	3		15	1
26	2021-05-10 15:08:04.029485+00	1	test | Type: 2 | ID: 1	3		15	1
27	2021-05-10 15:51:51.618099+00	4	9120331557	2	[]	8	1
28	2021-05-10 16:06:54.322649+00	4	9120331557	2	[{"changed": {"fields": ["Api token"]}}]	8	1
29	2021-05-10 16:07:29.759208+00	1	admin	2	[{"changed": {"fields": ["Api token"]}}]	8	1
30	2021-05-10 17:56:07.432711+00	1		3		11	1
31	2021-05-10 17:56:12.622328+00	2		3		11	1
32	2021-05-10 17:56:17.262982+00	3	 	3		11	1
33	2021-05-10 17:56:21.997964+00	4		3		11	1
34	2021-05-10 17:56:48.710138+00	5		1	[{"added": {}}]	11	1
35	2021-05-10 17:57:09.72033+00	6	 	1	[{"added": {}}]	11	1
36	2021-05-10 17:57:28.624593+00	7		1	[{"added": {}}]	11	1
37	2021-05-10 17:57:47.857029+00	8		1	[{"added": {}}]	11	1
38	2021-05-10 17:58:08.389695+00	9		1	[{"added": {}}]	11	1
39	2021-05-10 17:58:24.95042+00	10		1	[{"added": {}}]	11	1
40	2021-05-10 17:58:47.534935+00	11		1	[{"added": {}}]	11	1
41	2021-05-10 17:59:01.996714+00	12		1	[{"added": {}}]	11	1
42	2021-05-10 17:59:16.882259+00	13		1	[{"added": {}}]	11	1
43	2021-05-10 17:59:36.211834+00	14		1	[{"added": {}}]	11	1
44	2021-05-10 18:00:07.084092+00	15	 	1	[{"added": {}}]	11	1
45	2021-05-10 18:00:23.545579+00	16		1	[{"added": {}}]	11	1
46	2021-05-10 18:00:40.348078+00	17		1	[{"added": {}}]	11	1
47	2021-05-10 18:00:55.335398+00	18		1	[{"added": {}}]	11	1
48	2021-05-10 18:01:12.647319+00	19		1	[{"added": {}}]	11	1
49	2021-05-10 18:01:41.592871+00	20		1	[{"added": {}}]	11	1
50	2021-05-10 18:01:58.455584+00	21	 	1	[{"added": {}}]	11	1
51	2021-05-10 18:02:20.725955+00	22	 	1	[{"added": {}}]	11	1
52	2021-05-10 18:02:36.672664+00	23		1	[{"added": {}}]	11	1
53	2021-05-10 18:02:56.051813+00	24		1	[{"added": {}}]	11	1
54	2021-05-10 18:03:56.674308+00	2		1	[{"added": {}}]	13	1
55	2021-05-10 18:04:03.833966+00	3	 	1	[{"added": {}}]	13	1
56	2021-05-10 18:04:09.90408+00	4		1	[{"added": {}}]	13	1
57	2021-05-10 18:04:14.909201+00	5	 	1	[{"added": {}}]	13	1
58	2021-05-10 18:04:21.959312+00	6		1	[{"added": {}}]	13	1
59	2021-05-10 18:04:26.89673+00	7		1	[{"added": {}}]	13	1
60	2021-05-10 18:04:31.594947+00	8		1	[{"added": {}}]	13	1
61	2021-05-10 18:04:36.933469+00	9		1	[{"added": {}}]	13	1
62	2021-05-10 18:04:52.69299+00	1	United States	3		13	1
63	2021-05-11 04:08:52.262941+00	5	Connie Nielsen	2	[{"changed": {"fields": ["\\u062a\\u0635\\u0648\\u06cc\\u0631 \\u0628\\u0627\\u0632\\u06cc\\u06af\\u0631"]}}]	10	1
64	2021-05-12 12:07:58.222149+00	2	The Lord of the Rings: The Fellowship of the Ring | Type: 1 | ID: 2	2	[{"changed": {"fields": ["\\u062f\\u0633\\u062a\\u0647 \\u0628\\u0646\\u062f\\u06cc \\u0648 \\u0698\\u0627\\u0646\\u0631", "\\u062a\\u0635\\u0648\\u06cc\\u0631 \\u0641\\u06cc\\u0644\\u0645", "\\u06a9\\u0634\\u0648\\u0631"]}}]	15	1
70	2021-05-16 15:42:52.647402+00	3	admin	1	[{"added": {}}]	9	1
71	2021-05-16 15:43:18.116007+00	1	admin	2	[{"changed": {"fields": ["Is verified", "Is subscribed"]}}]	8	1
72	2021-05-16 21:05:37.046216+00	25		1	[{"added": {}}]	11	1
73	2021-05-16 21:05:51.783239+00	10	usa	1	[{"added": {}}]	13	1
74	2021-05-16 21:05:55.765097+00	6	Green Book | Type: 1 | ID: 6	1	[{"added": {}}]	15	1
75	2021-05-17 18:14:45.335639+00	11	Breaking Bad | Type: 1 | ID: 11	3		15	1
76	2021-05-17 18:14:45.34392+00	10	Breaking Bad | Type: 1 | ID: 10	3		15	1
77	2021-05-18 09:00:38.638832+00	3	Marielle Heller	3		14	1
78	2021-05-18 10:07:23.558393+00	7	Micah Howard	3		14	1
79	2021-05-18 10:07:23.569651+00	5	Buck Taylor	3		14	1
80	2021-05-18 10:07:23.57485+00	4	Marielle Heller	3		14	1
81	2021-05-18 11:12:29.153066+00	25	Batman Begins(2005) | Type: 1 | ID: 25	3		15	1
82	2021-05-18 11:12:29.16612+00	24	The Dark Knight(2008) | Type: 1 | ID: 24	3		15	1
83	2021-05-18 11:15:50.7479+00	28	testURL | Type: 1 | ID: 28	1	[{"added": {}}]	15	1
84	2021-05-18 11:20:36.132514+00	29	asdas | Type: 1 | ID: 29	1	[{"added": {}}]	15	1
85	2021-05-18 11:20:53.980908+00	29	asdas | Type: 1 | ID: 29	3		15	1
86	2021-05-18 11:23:50.200235+00	28	testURL | Type: 1 | ID: 28	3		15	1
87	2021-05-18 11:23:50.210998+00	27	Batman Begins(2005) | Type: 1 | ID: 27	3		15	1
88	2021-05-18 15:57:48.408918+00	4	Nobody2 | Type: 1 | ID: 4	2	[{"changed": {"fields": ["\\u0646\\u0627\\u0645 \\u0627\\u0646\\u06af\\u0644\\u06cc\\u0633\\u06cc"]}}]	15	1
89	2021-05-18 15:58:59.128812+00	4	Nobody | Type: 1 | ID: 4	2	[{"changed": {"fields": ["\\u0646\\u0627\\u0645 \\u0627\\u0646\\u06af\\u0644\\u06cc\\u0633\\u06cc"]}}]	15	1
90	2021-05-18 17:00:54.683933+00	34	Good Will Hunting(1997) | Type: 1 | ID: 34	3		15	1
91	2021-05-18 17:00:54.690457+00	33	The Accountant(2016) | Type: 1 | ID: 33	3		15	1
92	2021-05-18 17:00:54.694209+00	32	The Dark Knight Rises(2012) | Type: 1 | ID: 32	3		15	1
93	2021-05-18 17:00:54.69762+00	31	Batman Begins(2005) | Type: 1 | ID: 31	3		15	1
94	2021-05-18 17:00:54.701823+00	23	test film | Type: 1 | ID: 23	3		15	1
95	2021-05-18 17:00:54.705562+00	22	The Hunger Games(2012) | Type: 1 | ID: 22	3		15	1
96	2021-05-18 17:00:54.709178+00	19	Baby Driver(2017) | Type: 1 | ID: 19	3		15	1
97	2021-05-18 17:00:54.712707+00	17	Hell or High Water(2016) | Type: 1 | ID: 17	3		15	1
98	2021-05-18 17:00:54.716324+00	15	The Queen's Gambit | Type: 1 | ID: 15	3		15	1
99	2021-05-18 17:00:54.719886+00	9	Breaking Bad | Type: 1 | ID: 9	3		15	1
100	2021-05-18 17:00:54.723507+00	8	Edward Scissorhands(1990) | Type: 1 | ID: 8	3		15	1
101	2021-05-18 17:00:54.729167+00	6	Green Book | Type: 1 | ID: 6	3		15	1
102	2021-05-18 18:31:29.730161+00	35	movie/35/test-film/-/movie/35/test film/ 	1	[{"added": {}}]	15	1
103	2021-05-19 11:15:22.190618+00	36	Taxi Driver(1976) | Type: 1 | ID: 36	2	[{"changed": {"fields": ["\\u062f\\u0633\\u062a\\u0647 \\u0628\\u0646\\u062f\\u06cc \\u0648 \\u0698\\u0627\\u0646\\u0631", "\\u0646\\u0627\\u0645 \\u0641\\u0627\\u0631\\u0633\\u06cc", "\\u062e\\u0644\\u0627\\u0635\\u0647 \\u0641\\u06cc\\u0644\\u0645", "\\u06a9\\u0634\\u0648\\u0631"]}}]	15	1
104	2021-05-19 15:22:04.801104+00	25		3		11	1
105	2021-05-19 15:22:04.811605+00	24		3		11	1
106	2021-05-19 15:22:04.816637+00	23		3		11	1
107	2021-05-19 15:22:04.820629+00	22	 	3		11	1
108	2021-05-19 15:22:04.82508+00	21	 	3		11	1
109	2021-05-19 15:22:04.829792+00	20		3		11	1
110	2021-05-19 15:22:04.833837+00	19		3		11	1
111	2021-05-19 15:22:04.838106+00	18		3		11	1
112	2021-05-19 15:22:04.841909+00	17		3		11	1
113	2021-05-19 15:22:04.845947+00	16		3		11	1
114	2021-05-19 15:22:04.851338+00	15	 	3		11	1
115	2021-05-19 15:22:04.854805+00	14		3		11	1
116	2021-05-19 15:22:04.858588+00	13		3		11	1
117	2021-05-19 15:22:04.862082+00	12		3		11	1
118	2021-05-19 15:22:04.865777+00	11		3		11	1
119	2021-05-19 15:22:04.869907+00	10		3		11	1
120	2021-05-19 15:22:04.873942+00	9		3		11	1
121	2021-05-19 15:22:04.877505+00	8		3		11	1
122	2021-05-19 15:22:04.881396+00	7		3		11	1
123	2021-05-19 15:22:04.884867+00	6	 	3		11	1
124	2021-05-19 15:22:04.888865+00	5		3		11	1
125	2021-05-19 15:23:15.941222+00	26		1	[{"added": {}}]	11	1
126	2021-05-19 15:24:01.59742+00	27		1	[{"added": {}}]	11	1
127	2021-05-19 15:24:21.629918+00	28		1	[{"added": {}}]	11	1
128	2021-05-19 15:24:54.923335+00	29		1	[{"added": {}}]	11	1
129	2021-05-19 15:25:14.887601+00	30		1	[{"added": {}}]	11	1
130	2021-05-19 15:25:27.924925+00	31		1	[{"added": {}}]	11	1
131	2021-05-19 15:26:06.190185+00	32		1	[{"added": {}}]	11	1
132	2021-05-19 15:26:18.86469+00	33		1	[{"added": {}}]	11	1
133	2021-05-19 15:26:33.127003+00	34		1	[{"added": {}}]	11	1
134	2021-05-19 15:27:00.733079+00	35		1	[{"added": {}}]	11	1
135	2021-05-19 15:28:00.852949+00	36	 	1	[{"added": {}}]	11	1
136	2021-05-19 15:28:36.347009+00	37	 	1	[{"added": {}}]	11	1
137	2021-05-19 15:29:04.932608+00	38		1	[{"added": {}}]	11	1
138	2021-05-19 15:29:21.792557+00	39		1	[{"added": {}}]	11	1
139	2021-05-19 15:29:48.152833+00	40		1	[{"added": {}}]	11	1
140	2021-05-19 15:30:26.694575+00	41	 	1	[{"added": {}}]	11	1
141	2021-05-19 15:31:30.171058+00	42	  	1	[{"added": {}}]	11	1
142	2021-05-19 15:31:52.506718+00	43		1	[{"added": {}}]	11	1
143	2021-05-19 15:32:31.418788+00	44	 	1	[{"added": {}}]	11	1
144	2021-05-19 15:35:52.923531+00	45		1	[{"added": {}}]	11	1
145	2021-05-19 15:36:16.742949+00	46	 	1	[{"added": {}}]	11	1
146	2021-05-19 15:36:43.228376+00	47		1	[{"added": {}}]	11	1
147	2021-05-19 15:37:23.100766+00	48	 	1	[{"added": {}}]	11	1
148	2021-05-19 15:37:46.677917+00	49		1	[{"added": {}}]	11	1
149	2021-05-19 15:38:01.920653+00	50		1	[{"added": {}}]	11	1
150	2021-05-19 15:38:26.99042+00	51		1	[{"added": {}}]	11	1
151	2021-05-19 15:40:38.676149+00	4	Nobody | Type: 1 | ID: 4	2	[{"changed": {"fields": ["\\u062f\\u0633\\u062a\\u0647 \\u0628\\u0646\\u062f\\u06cc \\u0648 \\u0698\\u0627\\u0646\\u0631"]}}]	15	1
152	2021-05-19 15:47:27.773938+00	26		2	[{"changed": {"fields": ["Name en"]}}]	11	1
153	2021-05-19 15:48:08.912748+00	31		2	[{"changed": {"fields": ["Name en"]}}]	11	1
154	2021-05-19 15:48:22.854975+00	46	 	2	[{"changed": {"fields": ["Name en"]}}]	11	1
155	2021-05-19 15:48:31.910732+00	30		2	[{"changed": {"fields": ["Name en"]}}]	11	1
156	2021-05-19 15:50:42.079052+00	26		2	[{"changed": {"fields": ["Name en"]}}]	11	1
157	2021-05-19 15:50:59.887313+00	46	 	2	[{"changed": {"fields": ["Name en"]}}]	11	1
158	2021-05-19 15:51:18.32328+00	31		2	[{"changed": {"fields": ["Name en"]}}]	11	1
159	2021-05-19 15:51:37.108371+00	30		2	[{"changed": {"fields": ["Name en"]}}]	11	1
160	2021-05-19 15:56:33.427189+00	26		2	[{"changed": {"fields": ["Name en"]}}]	11	1
161	2021-05-19 15:56:43.386032+00	27		2	[{"changed": {"fields": ["Name en"]}}]	11	1
162	2021-05-19 15:56:51.045939+00	28		2	[{"changed": {"fields": ["Name en"]}}]	11	1
163	2021-05-19 15:56:58.47967+00	29		2	[{"changed": {"fields": ["Name en"]}}]	11	1
164	2021-05-19 15:57:06.438923+00	30		2	[{"changed": {"fields": ["Name en"]}}]	11	1
165	2021-05-19 15:57:14.915114+00	31		2	[{"changed": {"fields": ["Name en"]}}]	11	1
166	2021-05-19 15:57:24.412205+00	32		2	[{"changed": {"fields": ["Name en"]}}]	11	1
167	2021-05-19 15:57:32.521429+00	33		2	[{"changed": {"fields": ["Name en"]}}]	11	1
168	2021-05-19 15:57:40.817579+00	34		2	[{"changed": {"fields": ["Name en"]}}]	11	1
169	2021-05-19 15:57:47.770219+00	35		2	[{"changed": {"fields": ["Name en"]}}]	11	1
170	2021-05-19 15:57:58.201173+00	36	 	2	[{"changed": {"fields": ["Name en"]}}]	11	1
171	2021-05-19 15:58:08.30271+00	37	 	2	[{"changed": {"fields": ["Name en"]}}]	11	1
172	2021-05-19 15:58:19.214678+00	38		2	[{"changed": {"fields": ["Name en"]}}]	11	1
173	2021-05-19 15:58:27.036251+00	39		2	[{"changed": {"fields": ["Name en"]}}]	11	1
174	2021-05-19 15:58:34.298544+00	40		2	[{"changed": {"fields": ["Name en"]}}]	11	1
175	2021-05-19 15:58:40.181467+00	40		2	[]	11	1
176	2021-05-19 15:58:54.013902+00	41	 	2	[{"changed": {"fields": ["Name en"]}}]	11	1
177	2021-05-19 15:59:01.97291+00	42	  	2	[{"changed": {"fields": ["Name en"]}}]	11	1
178	2021-05-19 15:59:09.948401+00	43		2	[{"changed": {"fields": ["Name en"]}}]	11	1
179	2021-05-19 15:59:31.089765+00	44	 	2	[{"changed": {"fields": ["Name en"]}}]	11	1
180	2021-05-19 15:59:41.666474+00	45		2	[{"changed": {"fields": ["Name en"]}}]	11	1
181	2021-05-19 15:59:52.965034+00	46	 	2	[{"changed": {"fields": ["Name en"]}}]	11	1
182	2021-05-19 16:00:00.314628+00	47		2	[{"changed": {"fields": ["Name en"]}}]	11	1
183	2021-05-19 16:00:11.250366+00	48	 	2	[{"changed": {"fields": ["Name en"]}}]	11	1
184	2021-05-19 16:00:18.4222+00	49		2	[{"changed": {"fields": ["Name en"]}}]	11	1
185	2021-05-19 16:00:38.790605+00	50		2	[{"changed": {"fields": ["Name en"]}}]	11	1
186	2021-05-19 16:00:45.077127+00	51		2	[{"changed": {"fields": ["Name en"]}}]	11	1
187	2021-05-19 16:01:08.003093+00	26		2	[{"changed": {"fields": ["Page url"]}}]	11	1
188	2021-05-19 16:01:15.015991+00	27		2	[{"changed": {"fields": ["Page url"]}}]	11	1
189	2021-05-19 16:01:28.843786+00	28		2	[{"changed": {"fields": ["Page url"]}}]	11	1
190	2021-05-19 16:01:36.49021+00	29		2	[{"changed": {"fields": ["Page url"]}}]	11	1
191	2021-05-19 16:01:49.834025+00	30		2	[{"changed": {"fields": ["Page url"]}}]	11	1
192	2021-05-19 16:02:04.800151+00	31		2	[{"changed": {"fields": ["Page url"]}}]	11	1
193	2021-05-19 16:02:21.01548+00	32		2	[{"changed": {"fields": ["Page url"]}}]	11	1
194	2021-05-19 16:02:41.150821+00	46	 	2	[{"changed": {"fields": ["Page url"]}}]	11	1
195	2021-05-19 19:04:40.465783+00	42	Harry Potter and the Sorcerer's Stone(2001) | Type: 1 | ID: 42	3		15	1
196	2021-05-19 19:04:40.471861+00	41	Mud(2012) | Type: 1 | ID: 41	3		15	1
197	2021-05-19 19:04:40.475378+00	39	Gisaengchung(2019) | Type: 1 | ID: 39	3		15	1
198	2021-05-19 19:04:40.478869+00	38	Fight Club(1999) | Type: 1 | ID: 38	3		15	1
199	2021-05-19 19:04:40.482423+00	37	The Devil's Advocate(1997) | Type: 1 | ID: 37	3		15	1
200	2021-05-19 19:11:25.564262+00	43	Harry Potter and the Deathly Hallows: Part 1(2010) | Type: 1 | ID: 43	2	[{"changed": {"fields": ["\\u062f\\u0633\\u062a\\u0647 \\u0628\\u0646\\u062f\\u06cc \\u0648 \\u0698\\u0627\\u0646\\u0631", "\\u062e\\u0644\\u0627\\u0635\\u0647 \\u0641\\u06cc\\u0644\\u0645", "\\u0645\\u062f\\u062a \\u0632\\u0645\\u0627\\u0646 \\u0641\\u06cc\\u0644\\u0645", "\\u06a9\\u0634\\u0648\\u0631"]}}]	15	1
201	2021-05-19 19:12:08.853547+00	43	Harry Potter and the Deathly Hallows: Part 1(2010) | Type: 1 | ID: 43	2	[{"changed": {"fields": ["\\u062f\\u0631\\u062c\\u0647 \\u0628\\u0646\\u062f\\u06cc \\u0633\\u0646\\u06cc"]}}]	15	1
202	2021-05-19 19:12:56.613183+00	4	Nobody | Type: 1 | ID: 4	2	[{"changed": {"fields": ["\\u062f\\u0631\\u062c\\u0647 \\u0628\\u0646\\u062f\\u06cc \\u0633\\u0646\\u06cc"]}}]	15	1
203	2021-05-19 19:13:33.614404+00	43	Harry Potter and the Deathly Hallows: Part 1(2010) | Type: 1 | ID: 43	2	[{"changed": {"fields": ["\\u062f\\u0631\\u062c\\u0647 \\u0628\\u0646\\u062f\\u06cc \\u0633\\u0646\\u06cc"]}}]	15	1
204	2021-05-19 19:14:10.323596+00	43	Harry Potter and the Deathly Hallows: Part 1(2010) | Type: 1 | ID: 43	2	[{"changed": {"fields": ["\\u062f\\u0631\\u062c\\u0647 \\u0628\\u0646\\u062f\\u06cc \\u0633\\u0646\\u06cc"]}}]	15	1
205	2021-05-20 07:25:29.748561+00	46	Three Billboards Outside Ebbing, Missouri(2017) | Type: 1 | ID: 46	2	[{"changed": {"fields": ["\\u062f\\u0633\\u062a\\u0647 \\u0628\\u0646\\u062f\\u06cc \\u0648 \\u0698\\u0627\\u0646\\u0631", "\\u0646\\u0627\\u0645 \\u0641\\u0627\\u0631\\u0633\\u06cc", "\\u062e\\u0644\\u0627\\u0635\\u0647 \\u0641\\u06cc\\u0644\\u0645", "\\u0645\\u062f\\u062a \\u0632\\u0645\\u0627\\u0646 \\u0641\\u06cc\\u0644\\u0645", "\\u062f\\u0631\\u062c\\u0647 \\u0628\\u0646\\u062f\\u06cc \\u0633\\u0646\\u06cc", "\\u0628\\u0627\\u0632\\u06cc\\u06af\\u0631\\u0627\\u0646", "\\u06a9\\u0627\\u0631\\u06af\\u0631\\u062f\\u0627\\u0646", "\\u06a9\\u0634\\u0648\\u0631"]}}]	15	1
206	2021-06-02 17:29:11.982383+00	3	9125502517	2	[{"changed": {"fields": ["First name", "Last name", "Email address"]}}]	4	1
207	2021-06-02 17:30:00.724147+00	1	 	1	[{"added": {}}]	24	1
208	2021-06-02 17:30:14.99663+00	1	 	2	[{"changed": {"fields": ["\\u0632\\u0645\\u0627\\u0646 \\u0627\\u0631\\u0633\\u0627\\u0644"]}}]	24	1
209	2021-06-02 17:31:45.028913+00	2	 	1	[{"added": {}}]	24	1
210	2021-06-02 17:31:57.470701+00	2	 	2	[{"changed": {"fields": ["\\u0632\\u0645\\u0627\\u0646 \\u0627\\u0631\\u0633\\u0627\\u0644"]}}]	24	1
211	2021-06-02 17:32:28.277724+00	2	 	2	[{"changed": {"fields": ["\\u0632\\u0645\\u0627\\u0646 \\u0627\\u0631\\u0633\\u0627\\u0644"]}}]	24	1
212	2021-06-02 17:33:04.37065+00	2	 	2	[{"changed": {"fields": ["\\u0632\\u0645\\u0627\\u0646 \\u0627\\u0631\\u0633\\u0627\\u0644"]}}]	24	1
213	2021-06-02 17:33:09.767001+00	2	 	2	[{"changed": {"fields": ["\\u0632\\u0645\\u0627\\u0646 \\u0627\\u0631\\u0633\\u0627\\u0644"]}}]	24	1
214	2021-06-02 17:33:48.331042+00	3	 	1	[{"added": {}}]	24	1
215	2021-06-02 17:45:42.066004+00	3	 	2	[{"changed": {"fields": ["\\u0632\\u0645\\u0627\\u0646 \\u0627\\u0631\\u0633\\u0627\\u0644"]}}]	24	1
216	2021-06-02 17:48:49.043336+00	15	9107647361	2	[{"changed": {"fields": ["Email address"]}}]	4	1
217	2021-06-02 17:49:29.097566+00	4	 	1	[{"added": {}}]	24	1
218	2021-06-02 17:49:33.076527+00	4	 	2	[{"changed": {"fields": ["\\u0632\\u0645\\u0627\\u0646 \\u0627\\u0631\\u0633\\u0627\\u0644"]}}]	24	1
219	2021-06-02 17:50:10.855485+00	2	 	2	[{"changed": {"fields": ["\\u0632\\u0645\\u0627\\u0646 \\u0627\\u0631\\u0633\\u0627\\u0644"]}}]	24	1
220	2021-06-02 18:03:00.136891+00	5		1	[{"added": {}}]	24	1
221	2021-06-02 18:03:06.745876+00	5		2	[{"changed": {"fields": ["\\u0632\\u0645\\u0627\\u0646 \\u0627\\u0631\\u0633\\u0627\\u0644"]}}]	24	1
314	2021-06-08 17:40:23.081686+00	49	Michael Caine	3		10	1
222	2021-06-02 18:10:19.060892+00	4	 	2	[{"changed": {"fields": ["\\u0627\\u0639\\u0636\\u0627\\u06cc \\u0631\\u0627 \\u0627\\u0646\\u062a\\u062e\\u0627\\u0628 \\u06a9\\u0646\\u06cc\\u062f"]}}]	24	1
223	2021-06-02 18:10:39.833576+00	2	 	2	[{"changed": {"fields": ["\\u0632\\u0645\\u0627\\u0646 \\u0627\\u0631\\u0633\\u0627\\u0644"]}}]	24	1
224	2021-06-02 18:12:02.977455+00	6	  	1	[{"added": {}}]	24	1
225	2021-06-02 18:12:16.572712+00	6	  	2	[{"changed": {"fields": ["\\u0632\\u0645\\u0627\\u0646 \\u0627\\u0631\\u0633\\u0627\\u0644"]}}]	24	1
226	2021-06-03 04:55:45.807215+00	51		2	[{"changed": {"fields": ["Page url"]}}]	11	1
227	2021-06-03 04:56:35.642694+00	51		2	[{"changed": {"fields": ["Page url"]}}]	11	1
228	2021-06-03 16:02:30.060014+00	4	Nobody - 2 | ID: 4	3		17	1
229	2021-06-03 16:02:41.100159+00	4	Nobody - 2	3		16	1
231	2021-06-04 05:20:43.62589+00	2	v1 -  .     	1	[{"added": {}}]	7	1
232	2021-06-04 05:20:59.768787+00	2	v1 -       	2	[{"changed": {"fields": ["Title"]}}]	7	1
233	2021-06-08 09:29:09.652817+00	46	Three Billboards Outside Ebbing, Missouri(2017) | Type: 1 | ID: 46	3		15	1
234	2021-06-08 09:29:09.674401+00	45	The Grey(2011) | Type: 1 | ID: 45	3		15	1
235	2021-06-08 09:29:09.678834+00	44	Schindler's List(1993) | Type: 1 | ID: 44	3		15	1
236	2021-06-08 09:29:09.682945+00	43	Harry Potter and the Deathly Hallows: Part 1(2010) | Type: 1 | ID: 43	3		15	1
237	2021-06-08 09:29:09.686156+00	40	Dallas Buyers Club(2013) | Type: 1 | ID: 40	3		15	1
238	2021-06-08 09:29:09.689794+00	36	Taxi Driver(1976) | Type: 1 | ID: 36	3		15	1
239	2021-06-08 09:29:09.693163+00	35	test film | Type: 1 | ID: 35	3		15	1
240	2021-06-08 09:29:09.69623+00	2	The Lord of the Rings: The Fellowship of the Ring | Type: 1 | ID: 2	3		15	1
241	2021-06-08 17:40:22.772343+00	154	Ralph Fiennes	3		10	1
242	2021-06-08 17:40:22.780945+00	151	Carey Mulligan	3		10	1
243	2021-06-08 17:40:22.784297+00	150	Matthew Perry	3		10	1
244	2021-06-08 17:40:22.787465+00	149	Matt LeBlanc	3		10	1
245	2021-06-08 17:40:22.790962+00	148	Lisa Kudrow	3		10	1
246	2021-06-08 17:40:22.793731+00	147	Courteney Cox	3		10	1
247	2021-06-08 17:40:22.796885+00	146	Jennifer Aniston	3		10	1
248	2021-06-08 17:40:22.79984+00	145	Alejandro Barrios	3		10	1
249	2021-06-08 17:40:22.802878+00	144	Sam Rockwell	3		10	1
250	2021-06-08 17:40:22.805912+00	143	Kerry Condon	3		10	1
251	2021-06-08 17:40:22.808719+00	142	Caleb Landry Jones	3		10	1
252	2021-06-08 17:40:22.811902+00	141	Frances McDormand	3		10	1
253	2021-06-08 17:40:22.815336+00	140	Joe Anderson	3		10	1
254	2021-06-08 17:40:22.818562+00	139	Dallas Roberts	3		10	1
255	2021-06-08 17:40:22.82161+00	138	Dermot Mulroney	3		10	1
256	2021-06-08 17:40:22.824466+00	137	Frank Grillo	3		10	1
257	2021-06-08 17:40:22.827371+00	135	Jonathan Sagall	3		10	1
258	2021-06-08 17:40:22.830299+00	134	Caroline Goodall	3		10	1
259	2021-06-08 17:40:22.833267+00	133	Ralph Fiennes	3		10	1
260	2021-06-08 17:40:22.836237+00	132	Ben Kingsley	3		10	1
261	2021-06-08 17:40:22.839319+00	129	Harry Melling	3		10	1
262	2021-06-08 17:40:22.842288+00	128	Richard Griffiths	3		10	1
263	2021-06-08 17:40:22.845533+00	127	Emma Watson	3		10	1
264	2021-06-08 17:40:22.848118+00	126	Bill Nighy	3		10	1
265	2021-06-08 17:40:22.850847+00	125	Daniel Radcliffe	3		10	1
266	2021-06-08 17:40:22.853826+00	124	Saunders Triplets	3		10	1
267	2021-06-08 17:40:22.856772+00	123	Robbie Coltrane	3		10	1
268	2021-06-08 17:40:22.859809+00	122	Maggie Smith	3		10	1
269	2021-06-08 17:40:22.862815+00	121	Richard Harris	3		10	1
270	2021-06-08 17:40:22.865923+00	120	Sam Shepard	3		10	1
271	2021-06-08 17:40:22.883491+00	119	Jacob Lofland	3		10	1
272	2021-06-08 17:40:22.926591+00	118	Tye Sheridan	3		10	1
273	2021-06-08 17:40:22.945557+00	117	Reese Witherspoon	3		10	1
274	2021-06-08 17:40:22.949395+00	115	Steve Zahn	3		10	1
275	2021-06-08 17:40:22.954091+00	114	Denis O'Hare	3		10	1
276	2021-06-08 17:40:22.957547+00	113	Jared Leto	3		10	1
277	2021-06-08 17:40:22.961041+00	112	Jennifer Garner	3		10	1
278	2021-06-08 17:40:22.96468+00	111	Matthew McConaughey	3		10	1
279	2021-06-08 17:40:22.968456+00	110	So-dam Park	3		10	1
280	2021-06-08 17:40:22.971831+00	109	Woo-sik Choi	3		10	1
281	2021-06-08 17:40:22.977468+00	108	Yeo-jeong Cho	3		10	1
282	2021-06-08 17:40:22.980763+00	107	Sun-kyun Lee	3		10	1
283	2021-06-08 17:40:22.986431+00	106	Kang-ho Song	3		10	1
284	2021-06-08 17:40:22.989578+00	105	Richmond Arquette	3		10	1
285	2021-06-08 17:40:22.992721+00	104	Zach Grenier	3		10	1
286	2021-06-08 17:40:22.995674+00	103	Meat Loaf	3		10	1
287	2021-06-08 17:40:22.998606+00	102	Brad Pitt	3		10	1
288	2021-06-08 17:40:23.001506+00	101	Edward Norton	3		10	1
289	2021-06-08 17:40:23.004291+00	100	Judith Ivey	3		10	1
290	2021-06-08 17:40:23.007177+00	99	Jeffrey Jones	3		10	1
291	2021-06-08 17:40:23.009758+00	98	Charlize Theron	3		10	1
292	2021-06-08 17:40:23.012579+00	97	Al Pacino	3		10	1
293	2021-06-08 17:40:23.015675+00	96	Keanu Reeves	3		10	1
294	2021-06-08 17:40:23.018597+00	95	Garth Avery	3		10	1
295	2021-06-08 17:40:23.022846+00	94	Gino Ardito	3		10	1
296	2021-06-08 17:40:23.026034+00	93	Victor Argo	3		10	1
297	2021-06-08 17:40:23.029831+00	92	Frank Adu	3		10	1
298	2021-06-08 17:40:23.032575+00	91	Diahnne Abbott	3		10	1
299	2021-06-08 17:40:23.035422+00	90	Rachel Majorowski	3		10	1
300	2021-06-08 17:40:23.038309+00	89	John Mighton	3		10	1
301	2021-06-08 17:40:23.041252+00	88	Stellan Skarsgrd	3		10	1
302	2021-06-08 17:40:23.04423+00	86	Matt Damon	3		10	1
303	2021-06-08 17:40:23.047138+00	85	Jeffrey Tambor	3		10	1
304	2021-06-08 17:40:23.050084+00	83	J.K. Simmons	3		10	1
305	2021-06-08 17:40:23.052904+00	82	Anna Kendrick	3		10	1
306	2021-06-08 17:40:23.055784+00	81	Ben Affleck	3		10	1
307	2021-06-08 17:40:23.059271+00	80	Anne Hathaway	3		10	1
308	2021-06-08 17:40:23.062643+00	79	Joseph Gordon-Levitt	3		10	1
309	2021-06-08 17:40:23.066088+00	78	Tom Hardy	3		10	1
310	2021-06-08 17:40:23.069392+00	55	Gary Oldman	3		10	1
311	2021-06-08 17:40:23.072737+00	54	Katie Holmes	3		10	1
312	2021-06-08 17:40:23.07569+00	53	Liam Neeson	3		10	1
313	2021-06-08 17:40:23.078769+00	50	Maggie Gyllenhaal	3		10	1
315	2021-06-08 17:40:23.085806+00	48	Aaron Eckhart	3		10	1
316	2021-06-08 17:40:23.088657+00	47	Heath Ledger	3		10	1
317	2021-06-08 17:40:23.091351+00	46	Christian Bale	3		10	1
318	2021-06-08 17:40:23.094095+00	45	Liam Hemsworth	3		10	1
319	2021-06-08 17:40:23.09692+00	44	Willow Shields	3		10	1
320	2021-06-08 17:40:23.099758+00	43	Jennifer Lawrence	3		10	1
321	2021-06-08 17:40:23.102646+00	42	Wes Bentley	3		10	1
322	2021-06-08 17:40:23.105312+00	41	Stanley Tucci	3		10	1
323	2021-06-08 17:40:23.108122+00	30	Micah Howard	3		10	1
324	2021-06-08 17:40:23.111658+00	29	Eiza Gonzlez	3		10	1
325	2021-06-08 17:40:23.114926+00	28	Jon Hamm	3		10	1
326	2021-06-08 17:40:23.11828+00	27	Jon Bernthal	3		10	1
327	2021-06-08 17:40:23.121476+00	26	Ansel Elgort	3		10	1
328	2021-06-08 17:40:23.125003+00	20	Buck Taylor	3		10	1
329	2021-06-08 17:40:23.128442+00	19	William Sterchi	3		10	1
330	2021-06-08 17:40:23.131208+00	18	Chris Pine	3		10	1
331	2021-06-08 17:40:23.134116+00	17	Ben Foster	3		10	1
332	2021-06-08 17:40:23.137396+00	16	Dale Dickey	3		10	1
333	2021-06-08 17:40:23.140472+00	10	Marielle Heller	3		10	1
334	2021-06-08 17:40:23.143657+00	9	Marcin Dorocinski	3		10	1
335	2021-06-08 17:40:23.146665+00	8	Bill Camp	3		10	1
336	2021-06-08 17:40:23.150625+00	7	Chloe Pirrie	3		10	1
337	2021-06-08 17:40:23.153692+00	6	Anya Taylor-Joy	3		10	1
338	2021-06-08 17:40:23.156733+00	5	Connie Nielsen	3		10	1
339	2021-06-08 17:40:23.159938+00	4	Aleksey Serebryakov	3		10	1
340	2021-06-08 17:40:23.162851+00	3	Bob Odenkirk	3		10	1
341	2021-06-08 17:40:29.401847+00	2	Alan Howard	3		10	1
342	2021-06-08 17:40:29.406934+00	1	Actor test	3		10	1
343	2021-06-08 17:40:37.740165+00	48	The Dig | Type: 1 | ID: 48	3		15	1
344	2021-06-08 17:40:37.74567+00	47	Friends: The Reunion | Type: 1 | ID: 47	3		15	1
345	2021-06-08 17:40:37.748869+00	4	Nobody | Type: 1 | ID: 4	3		15	1
346	2021-06-08 17:40:49.785579+00	31	Ben Winston	3		14	1
347	2021-06-08 17:40:49.78989+00	30	Martin McDonagh	3		14	1
348	2021-06-08 17:40:49.79429+00	29	Joe Carnahan	3		14	1
349	2021-06-08 17:40:49.7973+00	28	Steven Spielberg	3		14	1
350	2021-06-08 17:40:49.799859+00	27	David Yates	3		14	1
351	2021-06-08 17:40:49.802957+00	26	Chris Columbus	3		14	1
352	2021-06-08 17:40:49.806215+00	25	Jeff Nichols	3		14	1
353	2021-06-08 17:40:49.80938+00	24	Jean-Marc Valle	3		14	1
354	2021-06-08 17:40:49.813743+00	23	Bong Joon Ho	3		14	1
355	2021-06-08 17:40:49.816742+00	22	David Fincher	3		14	1
356	2021-06-08 17:40:49.819626+00	21	Taylor Hackford	3		14	1
357	2021-06-08 17:40:49.822437+00	20	Martin Scorsese	3		14	1
358	2021-06-08 17:40:49.825324+00	19	Gus Van Sant	3		14	1
359	2021-06-08 17:40:49.828069+00	18	Gavin O'Connor	3		14	1
360	2021-06-08 17:40:49.830874+00	11	Christopher Nolan	3		14	1
361	2021-06-08 17:40:49.834548+00	10	Gary Ross	3		14	1
362	2021-06-08 17:40:49.837867+00	2	Ilya Naishuller	3		14	1
363	2021-06-08 17:40:49.840708+00	1	Peter Jackson	3		14	1
364	2021-06-08 17:51:18.219556+00	50		2	[{"changed": {"fields": ["Page url"]}}]	11	1
365	2021-06-08 17:51:29.037819+00	49		2	[{"changed": {"fields": ["Page url"]}}]	11	1
366	2021-06-08 17:51:39.426225+00	48	 	2	[{"changed": {"fields": ["Page url"]}}]	11	1
367	2021-06-08 17:51:50.410797+00	47		2	[{"changed": {"fields": ["Page url"]}}]	11	1
368	2021-06-08 17:51:58.049489+00	46	 	2	[]	11	1
369	2021-06-08 17:52:05.991344+00	45		2	[{"changed": {"fields": ["Page url"]}}]	11	1
370	2021-06-08 17:52:13.135448+00	44	 	2	[{"changed": {"fields": ["Page url"]}}]	11	1
371	2021-06-08 17:52:21.548703+00	43		2	[{"changed": {"fields": ["Page url"]}}]	11	1
372	2021-06-08 17:52:25.946058+00	43		2	[]	11	1
373	2021-06-08 17:52:32.17171+00	42	  	2	[{"changed": {"fields": ["Page url"]}}]	11	1
374	2021-06-08 17:53:29.012956+00	41	 	2	[{"changed": {"fields": ["Page url"]}}]	11	1
375	2021-06-08 17:53:38.609882+00	40		2	[{"changed": {"fields": ["Page url"]}}]	11	1
376	2021-06-08 17:53:45.078802+00	39		2	[{"changed": {"fields": ["Page url"]}}]	11	1
377	2021-06-08 17:53:51.25111+00	38		2	[{"changed": {"fields": ["Page url"]}}]	11	1
378	2021-06-08 17:53:56.579744+00	38		2	[]	11	1
379	2021-06-08 17:54:04.417605+00	37	 	2	[{"changed": {"fields": ["Page url"]}}]	11	1
380	2021-06-08 17:54:12.756603+00	36	 	2	[{"changed": {"fields": ["Page url"]}}]	11	1
381	2021-06-08 17:54:21.813307+00	34		2	[{"changed": {"fields": ["Page url"]}}]	11	1
382	2021-06-08 17:54:29.096682+00	35		2	[{"changed": {"fields": ["Page url"]}}]	11	1
383	2021-06-08 17:54:36.192188+00	33		2	[{"changed": {"fields": ["Page url"]}}]	11	1
384	2021-06-08 18:07:53.051343+00	52	Enola Holmes | Type: 1 | ID: 52	3		15	1
385	2021-06-08 18:07:53.061282+00	51	Enola Holmes | Type: 1 | ID: 51	3		15	1
386	2021-06-08 19:58:29.457984+00	56	Coming 2 America | Type: 1 | ID: 56	3		15	1
387	2021-06-08 20:27:27.654017+00	59	Coming 2 America | Type: 1 | ID: 59	3		15	1
388	2021-06-09 10:04:21.567979+00	63	Breaking Bad | Type: 1 | ID: 63	3		15	1
389	2021-06-09 11:04:42.645325+00	60	Coming 2 America | Type: 1 | ID: 60	3		15	1
390	2021-06-09 11:04:59.142623+00	64	Breaking Bad | Type: 1 | ID: 64	3		15	1
391	2021-06-09 12:19:32.54549+00	67	Enola Holmes | Type: 1 | ID: 67	3		15	1
392	2021-06-09 12:19:32.556351+00	53	Enola Holmes | Type: 1 | ID: 53	3		15	1
393	2021-06-09 12:21:45.785085+00	69	Greenland | Type: 1 | ID: 69	3		15	1
394	2021-06-09 16:02:03.697787+00	72	The Father | Type: 1 | ID: 72	3		15	1
395	2021-06-09 16:02:03.71664+00	71	Onward | Type: 1 | ID: 71	3		15	1
396	2021-06-09 16:02:03.721603+00	70	Run | Type: 1 | ID: 70	3		15	1
397	2021-06-09 16:02:03.725163+00	68	Enola Holmes | Type: 1 | ID: 68	3		15	1
398	2021-06-09 16:02:03.728331+00	66	Hubie Halloween | Type: 1 | ID: 66	3		15	1
399	2021-06-09 16:02:03.731664+00	65	News of the World | Type: 1 | ID: 65	3		15	1
400	2021-06-09 16:02:03.734967+00	62	Bloodshot | Type: 1 | ID: 62	3		15	1
401	2021-06-09 16:02:03.73811+00	61	The New Mutants | Type: 1 | ID: 61	3		15	1
402	2021-06-09 16:02:03.741378+00	58	Greenland | Type: 1 | ID: 58	3		15	1
403	2021-06-09 16:02:03.74431+00	57	The Midnight Sky | Type: 1 | ID: 57	3		15	1
404	2021-06-09 16:02:03.748945+00	55	Underwater | Type: 1 | ID: 55	3		15	1
405	2021-06-09 16:02:03.752436+00	54	Mulan | Type: 1 | ID: 54	3		15	1
406	2021-06-09 16:02:03.75606+00	50	Friends: The Reunion | Type: 1 | ID: 50	3		15	1
407	2021-06-09 16:02:03.759967+00	49	The Dig | Type: 1 | ID: 49	3		15	1
408	2021-06-09 16:02:11.944467+00	47	Florian Zeller	3		14	1
409	2021-06-09 16:02:11.951308+00	46	Dan Scanlon	3		14	1
410	2021-06-09 16:02:11.955311+00	45	Aneesh Chaganty	3		14	1
411	2021-06-09 16:02:11.958656+00	44	Steven Brill	3		14	1
412	2021-06-09 16:02:11.962427+00	43	Paul Greengrass	3		14	1
413	2021-06-09 16:02:11.966092+00	42	Vince Gilligan	3		14	1
414	2021-06-09 16:02:11.969876+00	41	Dave Wilson	3		14	1
415	2021-06-09 16:02:11.974046+00	40	Josh Boone	3		14	1
416	2021-06-09 16:02:11.978181+00	39	Ric Roman Waugh	3		14	1
417	2021-06-09 16:02:11.981224+00	38	George Clooney	3		14	1
418	2021-06-09 16:02:11.984652+00	37	Craig Brewer	3		14	1
419	2021-06-09 16:02:11.988136+00	36	William Eubank	3		14	1
420	2021-06-09 16:02:11.991922+00	35	Niki Caro	3		14	1
421	2021-06-09 16:02:11.995334+00	34	Harry Bradbeer	3		14	1
422	2021-06-09 16:02:11.998458+00	33	Ben Winston	3		14	1
423	2021-06-09 16:02:12.002003+00	32	Simon Stone	3		14	1
424	2021-06-09 16:02:19.336234+00	234	Imogen Poots	3		10	1
425	2021-06-09 16:02:19.341519+00	233	Olivia Williams	3		10	1
426	2021-06-09 16:02:19.346694+00	232	Mark Gatiss	3		10	1
427	2021-06-09 16:02:19.35016+00	231	Olivia Colman	3		10	1
428	2021-06-09 16:02:19.353704+00	230	Anthony Hopkins	3		10	1
429	2021-06-09 16:02:19.357354+00	229	Mel Rodriguez	3		10	1
430	2021-06-09 16:02:19.361262+00	228	Octavia Spencer	3		10	1
431	2021-06-09 16:02:19.364451+00	227	Julia Louis-Dreyfus	3		10	1
432	2021-06-09 16:02:19.368993+00	226	Chris Pratt	3		10	1
433	2021-06-09 16:02:19.372439+00	225	Tom Holland	3		10	1
434	2021-06-09 16:02:19.375734+00	224	Erik Athavale	3		10	1
435	2021-06-09 16:02:19.379016+00	223	Pat Healy	3		10	1
436	2021-06-09 16:02:19.382547+00	222	Sara Sohn	3		10	1
437	2021-06-09 16:02:19.385827+00	221	Kiera Allen	3		10	1
438	2021-06-09 16:02:19.391063+00	220	Sarah Paulson	3		10	1
439	2021-06-09 16:02:19.394766+00	219	Steve Buscemi	3		10	1
440	2021-06-09 16:02:19.397936+00	218	Ray Liotta	3		10	1
441	2021-06-09 16:02:19.401371+00	217	Julie Bowen	3		10	1
442	2021-06-09 16:02:19.404878+00	216	Kevin James	3		10	1
443	2021-06-09 16:02:19.408104+00	215	Adam Sandler	3		10	1
444	2021-06-09 16:02:19.411514+00	214	Andy Kastelic	3		10	1
445	2021-06-09 16:02:19.415049+00	213	Travis Johnson	3		10	1
446	2021-06-09 16:02:19.418301+00	212	Tom Astor	3		10	1
447	2021-06-09 16:02:19.421891+00	211	Helena Zengel	3		10	1
448	2021-06-09 16:02:19.425241+00	210	Tom Hanks	3		10	1
449	2021-06-09 16:02:19.428587+00	209	RJ Mitte	3		10	1
450	2021-06-09 16:02:19.431852+00	208	Betsy Brandt	3		10	1
451	2021-06-09 16:02:19.435164+00	207	Anna Gunn	3		10	1
452	2021-06-09 16:02:19.438608+00	206	Aaron Paul	3		10	1
453	2021-06-09 16:02:19.441971+00	205	Bryan Cranston	3		10	1
454	2021-06-09 16:02:19.445455+00	204	Talulah Riley	3		10	1
455	2021-06-09 16:02:19.449031+00	203	Toby Kebbell	3		10	1
456	2021-06-09 16:02:19.452366+00	202	Sam Heughan	3		10	1
457	2021-06-09 16:02:19.45592+00	201	Eiza Gonzlez	3		10	1
458	2021-06-09 16:02:19.45959+00	200	Vin Diesel	3		10	1
459	2021-06-09 16:02:19.463184+00	199	Blu Hunt	3		10	1
460	2021-06-09 16:02:19.466665+00	198	Alice Braga	3		10	1
461	2021-06-09 16:02:19.470135+00	197	Charlie Heaton	3		10	1
462	2021-06-09 16:02:19.473517+00	196	Anya Taylor-Joy	3		10	1
463	2021-06-09 16:02:19.477012+00	195	Maisie Williams	3		10	1
464	2021-06-09 16:02:19.480412+00	194	Randal Gonzalez	3		10	1
465	2021-06-09 16:02:19.483886+00	193	Scott Glenn	3		10	1
466	2021-06-09 16:02:19.491291+00	192	Roger Dale Floyd	3		10	1
467	2021-06-09 16:02:19.495063+00	191	Morena Baccarin	3		10	1
468	2021-06-09 16:02:19.498229+00	190	Gerard Butler	3		10	1
469	2021-06-09 16:02:19.501747+00	189	Kyle Chandler	3		10	1
470	2021-06-09 16:02:19.505988+00	188	Caoilinn Springall	3		10	1
471	2021-06-09 16:02:19.513794+00	187	David Oyelowo	3		10	1
472	2021-06-09 16:02:19.517657+00	186	Felicity Jones	3		10	1
473	2021-06-09 16:02:19.520917+00	185	George Clooney	3		10	1
474	2021-06-09 16:02:19.524934+00	184	Leslie Jones	3		10	1
475	2021-06-09 16:02:19.528306+00	183	Jermaine Fowler	3		10	1
476	2021-06-09 16:02:19.531713+00	182	Shari Headley	3		10	1
477	2021-06-09 16:02:19.5352+00	181	Arsenio Hall	3		10	1
478	2021-06-09 16:02:19.540738+00	180	Eddie Murphy	3		10	1
479	2021-06-09 16:02:19.544548+00	179	John Gallagher Jr.	3		10	1
480	2021-06-09 16:02:19.54784+00	178	T.J. Miller	3		10	1
481	2021-06-09 16:02:19.552017+00	177	Mamoudou Athie	3		10	1
482	2021-06-09 16:02:19.556043+00	176	Vincent Cassel	3		10	1
483	2021-06-09 16:02:19.560513+00	175	Kristen Stewart	3		10	1
484	2021-06-09 16:02:19.56404+00	174	Jason Scott Lee	3		10	1
485	2021-06-09 16:02:19.567323+00	173	Jet Li	3		10	1
486	2021-06-09 16:02:19.570807+00	172	Gong Li	3		10	1
487	2021-06-09 16:02:19.574219+00	171	Donnie Yen	3		10	1
488	2021-06-09 16:02:19.577295+00	170	Yifei Liu	3		10	1
489	2021-06-09 16:02:19.581567+00	169	Louis Partridge	3		10	1
490	2021-06-09 16:02:19.585738+00	168	Helena Bonham Carter	3		10	1
491	2021-06-09 16:02:19.589171+00	167	Sam Claflin	3		10	1
492	2021-06-09 16:02:19.592942+00	166	Henry Cavill	3		10	1
493	2021-06-09 16:02:19.596333+00	165	Millie Bobby Brown	3		10	1
494	2021-06-09 16:02:19.600071+00	164	Matthew Perry	3		10	1
495	2021-06-09 16:02:19.603362+00	163	Matt LeBlanc	3		10	1
496	2021-06-09 16:02:19.606665+00	162	Lisa Kudrow	3		10	1
497	2021-06-09 16:02:19.609889+00	161	Courteney Cox	3		10	1
498	2021-06-09 16:02:19.61305+00	160	Jennifer Aniston	3		10	1
499	2021-06-09 16:02:19.61601+00	159	Stephen Worrall	3		10	1
500	2021-06-09 16:02:19.619274+00	158	Johnny Flynn	3		10	1
501	2021-06-09 16:02:19.623009+00	157	Lily James	3		10	1
502	2021-06-09 16:02:19.627351+00	156	Ralph Fiennes	3		10	1
503	2021-06-09 16:02:19.630734+00	155	Carey Mulligan	3		10	1
504	2021-06-09 16:19:14.107144+00	79	Enola Holmes | Type: 1 | ID: 79	2	[{"changed": {"fields": ["\\u0627\\u0645\\u062a\\u06cc\\u0627\\u0632 \\u06a9\\u0627\\u0631\\u0628\\u0631\\u0627\\u0646", "\\u0631\\u0627\\u06cc\\u06af\\u0627\\u0646 \\u0627\\u0633\\u062a", "\\u0645\\u062f\\u062a \\u0632\\u0645\\u0627\\u0646 \\u0641\\u06cc\\u0644\\u0645", "\\u062f\\u0631\\u062c\\u0647 \\u0628\\u0646\\u062f\\u06cc \\u0633\\u0646\\u06cc"]}}]	15	1
539	2021-06-11 15:15:24.964131+00	36	Mulan - 1 | ID: 36	2	[{"changed": {"fields": ["\\u0644\\u06cc\\u0646\\u06a9 \\u067e\\u062e\\u0634 "]}}]	17	1
540	2021-06-11 15:17:44.984591+00	123	The Matrix | Type: 1 | ID: 123	3		15	1
505	2021-06-09 16:19:30.424086+00	82	Mulan | Type: 1 | ID: 82	2	[{"changed": {"fields": ["\\u0627\\u0645\\u062a\\u06cc\\u0627\\u0632 \\u06a9\\u0627\\u0631\\u0628\\u0631\\u0627\\u0646", "\\u0631\\u0627\\u06cc\\u06af\\u0627\\u0646 \\u0627\\u0633\\u062a", "\\u0645\\u062f\\u062a \\u0632\\u0645\\u0627\\u0646 \\u0641\\u06cc\\u0644\\u0645", "\\u062f\\u0631\\u062c\\u0647 \\u0628\\u0646\\u062f\\u06cc \\u0633\\u0646\\u06cc"]}}]	15	1
506	2021-06-09 18:37:09.49394+00	115	Cruella | Type: 1 | ID: 115	2	[{"changed": {"fields": ["\\u0646\\u0627\\u0645 \\u0641\\u0627\\u0631\\u0633\\u06cc", "\\u062e\\u0644\\u0627\\u0635\\u0647 \\u0641\\u06cc\\u0644\\u0645", "\\u0627\\u0645\\u062a\\u06cc\\u0627\\u0632 \\u06a9\\u0627\\u0631\\u0628\\u0631\\u0627\\u0646", "\\u0631\\u0627\\u06cc\\u06af\\u0627\\u0646 \\u0627\\u0633\\u062a", "\\u0645\\u062f\\u062a \\u0632\\u0645\\u0627\\u0646 \\u0641\\u06cc\\u0644\\u0645", "\\u062f\\u0631\\u062c\\u0647 \\u0628\\u0646\\u062f\\u06cc \\u0633\\u0646\\u06cc", "Page url"]}}]	15	1
507	2021-06-09 18:38:10.929011+00	69	Cruella - 1 | ID: 69	2	[{"changed": {"fields": ["\\u062f\\u0631 \\u062f\\u0633\\u062a\\u0631\\u0633 \\u0628\\u0627 \\u06a9\\u06cc\\u0641\\u06cc\\u062a 1080p", "\\u0644\\u06cc\\u0646\\u06a9 \\u067e\\u062e\\u0634 "]}}]	17	1
508	2021-06-09 18:41:29.302505+00	69	Cruella - 1 | ID: 69	2	[{"changed": {"fields": ["\\u0632\\u06cc\\u0631\\u0646\\u0648\\u06cc\\u0633 VTT"]}}]	17	1
509	2021-06-10 11:08:59.412793+00	74	Coming 2 America | Type: 1 | ID: 74	3		15	1
510	2021-06-10 14:58:49.342788+00	118	The Shape of Water | Type: 1 | ID: 118	3		15	1
511	2021-06-11 14:23:26.155464+00	1	p1 -   	2	[{"changed": {"fields": ["Price"]}}]	7	1
512	2021-06-11 14:23:51.429275+00	2	v1 -         	2	[{"changed": {"fields": ["Title"]}}]	7	1
513	2021-06-11 14:27:26.223952+00	73	Friends: The Reunion | Type: 1 | ID: 73	2	[{"changed": {"fields": ["\\u0646\\u0627\\u0645 \\u0641\\u0627\\u0631\\u0633\\u06cc", "\\u062e\\u0644\\u0627\\u0635\\u0647 \\u0641\\u06cc\\u0644\\u0645", "\\u0627\\u0645\\u062a\\u06cc\\u0627\\u0632 \\u06a9\\u0627\\u0631\\u0628\\u0631\\u0627\\u0646", "\\u062f\\u0631\\u062c\\u0647 \\u0628\\u0646\\u062f\\u06cc \\u0633\\u0646\\u06cc", "Page url"]}}]	15	1
514	2021-06-11 14:34:29.445863+00	27	Friends: The Reunion - 1 | ID: 27	2	[{"changed": {"fields": ["Title", "\\u0644\\u06cc\\u0646\\u06a9 \\u067e\\u062e\\u0634 "]}}]	17	1
515	2021-06-11 14:35:14.796509+00	27	Friends: The Reunion - 1 | ID: 27	2	[{"changed": {"fields": ["Title"]}}]	17	1
516	2021-06-11 14:35:52.247277+00	73	Friends: The Reunion | Type: 1 | ID: 73	2	[{"changed": {"fields": ["Page url"]}}]	15	1
517	2021-06-11 14:36:34.737095+00	73	Friends: The Reunion | Type: 1 | ID: 73	2	[{"changed": {"fields": ["Page url"]}}]	15	1
518	2021-06-11 14:37:17.655576+00	73	Friends: The Reunion | Type: 1 | ID: 73	2	[{"changed": {"fields": ["Page url"]}}]	15	1
519	2021-06-11 14:38:33.965749+00	27	Friends: The Reunion - 1 | ID: 27	2	[{"changed": {"fields": ["\\u0644\\u06cc\\u0646\\u06a9 \\u067e\\u062e\\u0634 "]}}]	17	1
520	2021-06-11 14:39:23.327509+00	27	Friends: The Reunion - 1 | ID: 27	2	[]	17	1
521	2021-06-11 14:42:57.276619+00	27	Friends: The Reunion - 1 | ID: 27	2	[{"changed": {"fields": ["\\u0644\\u06cc\\u0646\\u06a9 \\u067e\\u062e\\u0634 "]}}]	17	1
522	2021-06-11 14:45:56.264107+00	75	The Dig | Type: 1 | ID: 75	2	[{"changed": {"fields": ["\\u0646\\u0627\\u0645 \\u0641\\u0627\\u0631\\u0633\\u06cc", "\\u062e\\u0644\\u0627\\u0635\\u0647 \\u0641\\u06cc\\u0644\\u0645", "\\u0627\\u0645\\u062a\\u06cc\\u0627\\u0632 \\u06a9\\u0627\\u0631\\u0628\\u0631\\u0627\\u0646", "\\u0645\\u062f\\u062a \\u0632\\u0645\\u0627\\u0646 \\u0641\\u06cc\\u0644\\u0645", "\\u062f\\u0631\\u062c\\u0647 \\u0628\\u0646\\u062f\\u06cc \\u0633\\u0646\\u06cc", "Page url"]}}]	15	1
523	2021-06-11 14:46:46.560949+00	29	The Dig - 1 | ID: 29	2	[{"changed": {"fields": ["\\u0644\\u06cc\\u0646\\u06a9 \\u067e\\u062e\\u0634 "]}}]	17	1
524	2021-06-11 14:50:59.006425+00	75	The Dig | Type: 1 | ID: 75	3		15	1
525	2021-06-11 14:52:39.18268+00	76	The Midnight Sky | Type: 1 | ID: 76	2	[{"changed": {"fields": ["\\u0646\\u0627\\u0645 \\u0641\\u0627\\u0631\\u0633\\u06cc", "\\u062e\\u0644\\u0627\\u0635\\u0647 \\u0641\\u06cc\\u0644\\u0645", "\\u0627\\u0645\\u062a\\u06cc\\u0627\\u0632 \\u06a9\\u0627\\u0631\\u0628\\u0631\\u0627\\u0646", "\\u0645\\u062f\\u062a \\u0632\\u0645\\u0627\\u0646 \\u0641\\u06cc\\u0644\\u0645", "\\u062f\\u0631\\u062c\\u0647 \\u0628\\u0646\\u062f\\u06cc \\u0633\\u0646\\u06cc", "Page url"]}}]	15	1
526	2021-06-11 14:53:39.496894+00	30	The Midnight Sky - 1 | ID: 30	2	[{"changed": {"fields": ["\\u0644\\u06cc\\u0646\\u06a9 \\u067e\\u062e\\u0634 "]}}]	17	1
527	2021-06-11 14:55:27.507493+00	77	News of the World | Type: 1 | ID: 77	2	[{"changed": {"fields": ["\\u0646\\u0627\\u0645 \\u0641\\u0627\\u0631\\u0633\\u06cc", "\\u062e\\u0644\\u0627\\u0635\\u0647 \\u0641\\u06cc\\u0644\\u0645", "\\u0627\\u0645\\u062a\\u06cc\\u0627\\u0632 \\u06a9\\u0627\\u0631\\u0628\\u0631\\u0627\\u0646", "\\u0645\\u062f\\u062a \\u0632\\u0645\\u0627\\u0646 \\u0641\\u06cc\\u0644\\u0645", "\\u062f\\u0631\\u062c\\u0647 \\u0628\\u0646\\u062f\\u06cc \\u0633\\u0646\\u06cc", "Page url"]}}]	15	1
528	2021-06-11 14:57:36.254912+00	31	News of the World - 1 | ID: 31	2	[{"changed": {"fields": ["\\u0644\\u06cc\\u0646\\u06a9 \\u067e\\u062e\\u0634 "]}}]	17	1
529	2021-06-11 14:59:40.309491+00	78	Hubie Halloween | Type: 1 | ID: 78	2	[{"changed": {"fields": ["\\u0646\\u0627\\u0645 \\u0641\\u0627\\u0631\\u0633\\u06cc", "\\u062e\\u0644\\u0627\\u0635\\u0647 \\u0641\\u06cc\\u0644\\u0645", "\\u0627\\u0645\\u062a\\u06cc\\u0627\\u0632 \\u06a9\\u0627\\u0631\\u0628\\u0631\\u0627\\u0646", "\\u0645\\u062f\\u062a \\u0632\\u0645\\u0627\\u0646 \\u0641\\u06cc\\u0644\\u0645", "\\u062f\\u0631\\u062c\\u0647 \\u0628\\u0646\\u062f\\u06cc \\u0633\\u0646\\u06cc", "Page url"]}}]	15	1
530	2021-06-11 15:00:25.060714+00	32	Hubie Halloween - 1 | ID: 32	2	[{"changed": {"fields": ["\\u0644\\u06cc\\u0646\\u06a9 \\u067e\\u062e\\u0634 "]}}]	17	1
531	2021-06-11 15:01:46.835414+00	32	Hubie Halloween - 1 | ID: 32	2	[]	17	1
532	2021-06-11 15:05:06.010025+00	79	Enola Holmes | Type: 1 | ID: 79	2	[{"changed": {"fields": ["\\u0646\\u0627\\u0645 \\u0641\\u0627\\u0631\\u0633\\u06cc", "\\u062e\\u0644\\u0627\\u0635\\u0647 \\u0641\\u06cc\\u0644\\u0645", "Page url"]}}]	15	1
533	2021-06-11 15:05:46.032953+00	33	Enola Holmes - 1 | ID: 33	2	[{"changed": {"fields": ["\\u0644\\u06cc\\u0646\\u06a9 \\u067e\\u062e\\u0634 "]}}]	17	1
534	2021-06-11 15:08:03.026942+00	80	The New Mutants | Type: 1 | ID: 80	2	[{"changed": {"fields": ["\\u0646\\u0627\\u0645 \\u0641\\u0627\\u0631\\u0633\\u06cc", "\\u062e\\u0644\\u0627\\u0635\\u0647 \\u0641\\u06cc\\u0644\\u0645", "\\u0627\\u0645\\u062a\\u06cc\\u0627\\u0632 \\u06a9\\u0627\\u0631\\u0628\\u0631\\u0627\\u0646", "\\u0645\\u062f\\u062a \\u0632\\u0645\\u0627\\u0646 \\u0641\\u06cc\\u0644\\u0645", "\\u062f\\u0631\\u062c\\u0647 \\u0628\\u0646\\u062f\\u06cc \\u0633\\u0646\\u06cc", "Page url"]}}]	15	1
535	2021-06-11 15:09:01.057417+00	34	The New Mutants - 1 | ID: 34	2	[{"changed": {"fields": ["\\u0644\\u06cc\\u0646\\u06a9 \\u067e\\u062e\\u0634 "]}}]	17	1
536	2021-06-11 15:12:06.285051+00	81	Greenland | Type: 1 | ID: 81	2	[{"changed": {"fields": ["\\u0646\\u0627\\u0645 \\u0641\\u0627\\u0631\\u0633\\u06cc", "\\u062e\\u0644\\u0627\\u0635\\u0647 \\u0641\\u06cc\\u0644\\u0645", "\\u0627\\u0645\\u062a\\u06cc\\u0627\\u0632 \\u06a9\\u0627\\u0631\\u0628\\u0631\\u0627\\u0646", "\\u0645\\u062f\\u062a \\u0632\\u0645\\u0627\\u0646 \\u0641\\u06cc\\u0644\\u0645", "\\u062f\\u0631\\u062c\\u0647 \\u0628\\u0646\\u062f\\u06cc \\u0633\\u0646\\u06cc", "Page url"]}}]	15	1
537	2021-06-11 15:12:45.173808+00	35	Greenland - 1 | ID: 35	2	[{"changed": {"fields": ["\\u0644\\u06cc\\u0646\\u06a9 \\u067e\\u062e\\u0634 "]}}]	17	1
538	2021-06-11 15:14:35.990562+00	82	Mulan | Type: 1 | ID: 82	2	[{"changed": {"fields": ["\\u0646\\u0627\\u0645 \\u0641\\u0627\\u0631\\u0633\\u06cc", "\\u062e\\u0644\\u0627\\u0635\\u0647 \\u0641\\u06cc\\u0644\\u0645", "Page url"]}}]	15	1
541	2021-06-11 15:17:44.992272+00	122	The Shape of Water | Type: 1 | ID: 122	3		15	1
542	2021-06-11 15:17:44.997086+00	121	Biohackers | Type: 2 | ID: 121	3		15	1
543	2021-06-11 15:17:45.00244+00	120	The Hobbit: The Battle of the Five Armies | Type: 1 | ID: 120	3		15	1
544	2021-06-11 15:17:45.00649+00	119	Narcos | Type: 2 | ID: 119	3		15	1
545	2021-06-11 15:17:45.013329+00	117	Game of Thrones | Type: 2 | ID: 117	3		15	1
546	2021-06-11 15:17:45.018007+00	116	Druk | Type: 1 | ID: 116	3		15	1
547	2021-06-11 15:20:39.321053+00	93	Klaus | Type: 1 | ID: 93	2	[{"changed": {"fields": ["\\u0646\\u0627\\u0645 \\u0641\\u0627\\u0631\\u0633\\u06cc", "\\u062e\\u0644\\u0627\\u0635\\u0647 \\u0641\\u06cc\\u0644\\u0645", "\\u0627\\u0645\\u062a\\u06cc\\u0627\\u0632 \\u06a9\\u0627\\u0631\\u0628\\u0631\\u0627\\u0646", "\\u0645\\u062f\\u062a \\u0632\\u0645\\u0627\\u0646 \\u0641\\u06cc\\u0644\\u0645", "\\u062f\\u0631\\u062c\\u0647 \\u0628\\u0646\\u062f\\u06cc \\u0633\\u0646\\u06cc", "Page url"]}}]	15	1
548	2021-06-11 15:22:08.176089+00	92	Jumanji: Welcome to the Jungle | Type: 1 | ID: 92	2	[{"changed": {"fields": ["\\u0646\\u0627\\u0645 \\u0641\\u0627\\u0631\\u0633\\u06cc", "\\u062e\\u0644\\u0627\\u0635\\u0647 \\u0641\\u06cc\\u0644\\u0645", "\\u0627\\u0645\\u062a\\u06cc\\u0627\\u0632 \\u06a9\\u0627\\u0631\\u0628\\u0631\\u0627\\u0646", "\\u0645\\u062f\\u062a \\u0632\\u0645\\u0627\\u0646 \\u0641\\u06cc\\u0644\\u0645", "\\u062f\\u0631\\u062c\\u0647 \\u0628\\u0646\\u062f\\u06cc \\u0633\\u0646\\u06cc", "Page url"]}}]	15	1
549	2021-06-11 15:24:16.94062+00	91	Jumanji: The Next Level | Type: 1 | ID: 91	2	[{"changed": {"fields": ["\\u0646\\u0627\\u0645 \\u0641\\u0627\\u0631\\u0633\\u06cc", "\\u062e\\u0644\\u0627\\u0635\\u0647 \\u0641\\u06cc\\u0644\\u0645", "\\u0627\\u0645\\u062a\\u06cc\\u0627\\u0632 \\u06a9\\u0627\\u0631\\u0628\\u0631\\u0627\\u0646", "\\u0645\\u062f\\u062a \\u0632\\u0645\\u0627\\u0646 \\u0641\\u06cc\\u0644\\u0645", "\\u062f\\u0631\\u062c\\u0647 \\u0628\\u0646\\u062f\\u06cc \\u0633\\u0646\\u06cc", "Page url"]}}]	15	1
550	2021-06-11 15:25:04.543809+00	90	Little Women | Type: 1 | ID: 90	2	[{"changed": {"fields": ["\\u0646\\u0627\\u0645 \\u0641\\u0627\\u0631\\u0633\\u06cc", "\\u062e\\u0644\\u0627\\u0635\\u0647 \\u0641\\u06cc\\u0644\\u0645", "\\u0627\\u0645\\u062a\\u06cc\\u0627\\u0632 \\u06a9\\u0627\\u0631\\u0628\\u0631\\u0627\\u0646", "\\u0645\\u062f\\u062a \\u0632\\u0645\\u0627\\u0646 \\u0641\\u06cc\\u0644\\u0645", "\\u062f\\u0631\\u062c\\u0647 \\u0628\\u0646\\u062f\\u06cc \\u0633\\u0646\\u06cc", "Page url"]}}]	15	1
551	2021-06-11 15:25:45.185809+00	89	Dolittle | Type: 1 | ID: 89	2	[{"changed": {"fields": ["\\u0646\\u0627\\u0645 \\u0641\\u0627\\u0631\\u0633\\u06cc", "\\u062e\\u0644\\u0627\\u0635\\u0647 \\u0641\\u06cc\\u0644\\u0645", "\\u0627\\u0645\\u062a\\u06cc\\u0627\\u0632 \\u06a9\\u0627\\u0631\\u0628\\u0631\\u0627\\u0646", "\\u0645\\u062f\\u062a \\u0632\\u0645\\u0627\\u0646 \\u0641\\u06cc\\u0644\\u0645", "\\u062f\\u0631\\u062c\\u0647 \\u0628\\u0646\\u062f\\u06cc \\u0633\\u0646\\u06cc", "Page url"]}}]	15	1
552	2021-06-11 15:26:41.227136+00	88	Underwater | Type: 1 | ID: 88	2	[{"changed": {"fields": ["\\u0646\\u0627\\u0645 \\u0641\\u0627\\u0631\\u0633\\u06cc", "\\u062e\\u0644\\u0627\\u0635\\u0647 \\u0641\\u06cc\\u0644\\u0645", "\\u0627\\u0645\\u062a\\u06cc\\u0627\\u0632 \\u06a9\\u0627\\u0631\\u0628\\u0631\\u0627\\u0646", "\\u0645\\u062f\\u062a \\u0632\\u0645\\u0627\\u0646 \\u0641\\u06cc\\u0644\\u0645", "\\u062f\\u0631\\u062c\\u0647 \\u0628\\u0646\\u062f\\u06cc \\u0633\\u0646\\u06cc", "Page url"]}}]	15	1
553	2021-06-11 15:28:02.046875+00	87	Sonic the Hedgehog | Type: 1 | ID: 87	2	[{"changed": {"fields": ["\\u0646\\u0627\\u0645 \\u0641\\u0627\\u0631\\u0633\\u06cc", "\\u062e\\u0644\\u0627\\u0635\\u0647 \\u0641\\u06cc\\u0644\\u0645", "\\u0627\\u0645\\u062a\\u06cc\\u0627\\u0632 \\u06a9\\u0627\\u0631\\u0628\\u0631\\u0627\\u0646", "\\u0645\\u062f\\u062a \\u0632\\u0645\\u0627\\u0646 \\u0641\\u06cc\\u0644\\u0645", "\\u062f\\u0631\\u062c\\u0647 \\u0628\\u0646\\u062f\\u06cc \\u0633\\u0646\\u06cc", "Page url"]}}]	15	1
554	2021-06-11 15:28:49.559011+00	86	Minari | Type: 1 | ID: 86	2	[{"changed": {"fields": ["\\u0646\\u0627\\u0645 \\u0641\\u0627\\u0631\\u0633\\u06cc", "\\u062e\\u0644\\u0627\\u0635\\u0647 \\u0641\\u06cc\\u0644\\u0645", "\\u0627\\u0645\\u062a\\u06cc\\u0627\\u0632 \\u06a9\\u0627\\u0631\\u0628\\u0631\\u0627\\u0646", "\\u0645\\u062f\\u062a \\u0632\\u0645\\u0627\\u0646 \\u0641\\u06cc\\u0644\\u0645", "\\u062f\\u0631\\u062c\\u0647 \\u0628\\u0646\\u062f\\u06cc \\u0633\\u0646\\u06cc", "Page url"]}}]	15	1
555	2021-06-11 15:29:29.268593+00	85	The Father | Type: 1 | ID: 85	2	[{"changed": {"fields": ["\\u0646\\u0627\\u0645 \\u0641\\u0627\\u0631\\u0633\\u06cc", "\\u062e\\u0644\\u0627\\u0635\\u0647 \\u0641\\u06cc\\u0644\\u0645", "\\u0627\\u0645\\u062a\\u06cc\\u0627\\u0632 \\u06a9\\u0627\\u0631\\u0628\\u0631\\u0627\\u0646", "\\u0645\\u062f\\u062a \\u0632\\u0645\\u0627\\u0646 \\u0641\\u06cc\\u0644\\u0645", "\\u062f\\u0631\\u062c\\u0647 \\u0628\\u0646\\u062f\\u06cc \\u0633\\u0646\\u06cc", "Page url"]}}]	15	1
556	2021-06-11 15:30:27.111449+00	84	Onward | Type: 1 | ID: 84	2	[{"changed": {"fields": ["\\u0646\\u0627\\u0645 \\u0641\\u0627\\u0631\\u0633\\u06cc", "\\u062e\\u0644\\u0627\\u0635\\u0647 \\u0641\\u06cc\\u0644\\u0645", "\\u0627\\u0645\\u062a\\u06cc\\u0627\\u0632 \\u06a9\\u0627\\u0631\\u0628\\u0631\\u0627\\u0646", "\\u0645\\u062f\\u062a \\u0632\\u0645\\u0627\\u0646 \\u0641\\u06cc\\u0644\\u0645", "\\u062f\\u0631\\u062c\\u0647 \\u0628\\u0646\\u062f\\u06cc \\u0633\\u0646\\u06cc", "Page url"]}}]	15	1
557	2021-06-11 15:31:03.232174+00	83	Bloodshot | Type: 1 | ID: 83	2	[{"changed": {"fields": ["\\u0646\\u0627\\u0645 \\u0641\\u0627\\u0631\\u0633\\u06cc", "\\u062e\\u0644\\u0627\\u0635\\u0647 \\u0641\\u06cc\\u0644\\u0645", "\\u0627\\u0645\\u062a\\u06cc\\u0627\\u0632 \\u06a9\\u0627\\u0631\\u0628\\u0631\\u0627\\u0646", "\\u0645\\u062f\\u062a \\u0632\\u0645\\u0627\\u0646 \\u0641\\u06cc\\u0644\\u0645", "\\u062f\\u0631\\u062c\\u0647 \\u0628\\u0646\\u062f\\u06cc \\u0633\\u0646\\u06cc", "Page url"]}}]	15	1
558	2021-06-11 15:32:51.060621+00	114	Always Be My Maybe | Type: 1 | ID: 114	2	[{"changed": {"fields": ["\\u0646\\u0627\\u0645 \\u0641\\u0627\\u0631\\u0633\\u06cc", "\\u062e\\u0644\\u0627\\u0635\\u0647 \\u0641\\u06cc\\u0644\\u0645", "\\u0627\\u0645\\u062a\\u06cc\\u0627\\u0632 \\u06a9\\u0627\\u0631\\u0628\\u0631\\u0627\\u0646", "\\u0645\\u062f\\u062a \\u0632\\u0645\\u0627\\u0646 \\u0641\\u06cc\\u0644\\u0645", "\\u062f\\u0631\\u062c\\u0647 \\u0628\\u0646\\u062f\\u06cc \\u0633\\u0646\\u06cc", "Page url"]}}]	15	1
559	2021-06-11 15:33:41.460363+00	113	Downton Abbey | Type: 1 | ID: 113	2	[{"changed": {"fields": ["\\u0646\\u0627\\u0645 \\u0641\\u0627\\u0631\\u0633\\u06cc", "\\u062e\\u0644\\u0627\\u0635\\u0647 \\u0641\\u06cc\\u0644\\u0645", "\\u0627\\u0645\\u062a\\u06cc\\u0627\\u0632 \\u06a9\\u0627\\u0631\\u0628\\u0631\\u0627\\u0646", "\\u0645\\u062f\\u062a \\u0632\\u0645\\u0627\\u0646 \\u0641\\u06cc\\u0644\\u0645", "\\u062f\\u0631\\u062c\\u0647 \\u0628\\u0646\\u062f\\u06cc \\u0633\\u0646\\u06cc", "Page url"]}}]	15	1
560	2021-06-11 15:34:12.418455+00	112	Midway | Type: 1 | ID: 112	2	[{"changed": {"fields": ["\\u0646\\u0627\\u0645 \\u0641\\u0627\\u0631\\u0633\\u06cc", "\\u062e\\u0644\\u0627\\u0635\\u0647 \\u0641\\u06cc\\u0644\\u0645", "\\u0627\\u0645\\u062a\\u06cc\\u0627\\u0632 \\u06a9\\u0627\\u0631\\u0628\\u0631\\u0627\\u0646", "\\u0645\\u062f\\u062a \\u0632\\u0645\\u0627\\u0646 \\u0641\\u06cc\\u0644\\u0645", "\\u062f\\u0631\\u062c\\u0647 \\u0628\\u0646\\u062f\\u06cc \\u0633\\u0646\\u06cc", "Page url"]}}]	15	1
561	2021-06-11 15:34:44.171528+00	111	Togo | Type: 1 | ID: 111	2	[{"changed": {"fields": ["\\u0646\\u0627\\u0645 \\u0641\\u0627\\u0631\\u0633\\u06cc", "\\u062e\\u0644\\u0627\\u0635\\u0647 \\u0641\\u06cc\\u0644\\u0645", "\\u0627\\u0645\\u062a\\u06cc\\u0627\\u0632 \\u06a9\\u0627\\u0631\\u0628\\u0631\\u0627\\u0646", "\\u0645\\u062f\\u062a \\u0632\\u0645\\u0627\\u0646 \\u0641\\u06cc\\u0644\\u0645", "\\u062f\\u0631\\u062c\\u0647 \\u0628\\u0646\\u062f\\u06cc \\u0633\\u0646\\u06cc", "Page url"]}}]	15	1
626	2021-06-12 13:39:25.320171+00	40	Minari - 1 | ID: 40	2	[{"changed": {"fields": ["\\u0644\\u06cc\\u0646\\u06a9 \\u062f\\u0627\\u0646\\u0644\\u0648\\u062f"]}}]	17	1
628	2021-06-12 13:39:51.315111+00	42	Underwater - 1 | ID: 42	2	[{"changed": {"fields": ["\\u0644\\u06cc\\u0646\\u06a9 \\u062f\\u0627\\u0646\\u0644\\u0648\\u062f"]}}]	17	1
562	2021-06-11 15:35:18.945789+00	110	The Call of the Wild | Type: 1 | ID: 110	2	[{"changed": {"fields": ["\\u0646\\u0627\\u0645 \\u0641\\u0627\\u0631\\u0633\\u06cc", "\\u062e\\u0644\\u0627\\u0635\\u0647 \\u0641\\u06cc\\u0644\\u0645", "\\u0627\\u0645\\u062a\\u06cc\\u0627\\u0632 \\u06a9\\u0627\\u0631\\u0628\\u0631\\u0627\\u0646", "\\u0645\\u062f\\u062a \\u0632\\u0645\\u0627\\u0646 \\u0641\\u06cc\\u0644\\u0645", "\\u062f\\u0631\\u062c\\u0647 \\u0628\\u0646\\u062f\\u06cc \\u0633\\u0646\\u06cc", "Page url"]}}]	15	1
563	2021-06-11 15:35:56.715576+00	109	Greyhound | Type: 1 | ID: 109	2	[{"changed": {"fields": ["\\u0646\\u0627\\u0645 \\u0641\\u0627\\u0631\\u0633\\u06cc", "\\u062e\\u0644\\u0627\\u0635\\u0647 \\u0641\\u06cc\\u0644\\u0645", "\\u0627\\u0645\\u062a\\u06cc\\u0627\\u0632 \\u06a9\\u0627\\u0631\\u0628\\u0631\\u0627\\u0646", "\\u0645\\u062f\\u062a \\u0632\\u0645\\u0627\\u0646 \\u0641\\u06cc\\u0644\\u0645", "\\u062f\\u0631\\u062c\\u0647 \\u0628\\u0646\\u062f\\u06cc \\u0633\\u0646\\u06cc", "Page url"]}}]	15	1
564	2021-06-11 15:36:30.808736+00	108	Run | Type: 1 | ID: 108	2	[{"changed": {"fields": ["\\u0646\\u0627\\u0645 \\u0641\\u0627\\u0631\\u0633\\u06cc", "\\u062e\\u0644\\u0627\\u0635\\u0647 \\u0641\\u06cc\\u0644\\u0645", "\\u0627\\u0645\\u062a\\u06cc\\u0627\\u0632 \\u06a9\\u0627\\u0631\\u0628\\u0631\\u0627\\u0646", "\\u0645\\u062f\\u062a \\u0632\\u0645\\u0627\\u0646 \\u0641\\u06cc\\u0644\\u0645", "\\u062f\\u0631\\u062c\\u0647 \\u0628\\u0646\\u062f\\u06cc \\u0633\\u0646\\u06cc", "Page url"]}}]	15	1
565	2021-06-11 15:37:42.884286+00	107	Godzilla: King of the Monsters | Type: 1 | ID: 107	2	[{"changed": {"fields": ["\\u0646\\u0627\\u0645 \\u0641\\u0627\\u0631\\u0633\\u06cc", "\\u062e\\u0644\\u0627\\u0635\\u0647 \\u0641\\u06cc\\u0644\\u0645", "\\u0627\\u0645\\u062a\\u06cc\\u0627\\u0632 \\u06a9\\u0627\\u0631\\u0628\\u0631\\u0627\\u0646", "\\u0645\\u062f\\u062a \\u0632\\u0645\\u0627\\u0646 \\u0641\\u06cc\\u0644\\u0645", "\\u062f\\u0631\\u062c\\u0647 \\u0628\\u0646\\u062f\\u06cc \\u0633\\u0646\\u06cc", "Page url"]}}]	15	1
566	2021-06-11 15:38:31.929773+00	106	Dark Phoenix | Type: 1 | ID: 106	2	[{"changed": {"fields": ["\\u0646\\u0627\\u0645 \\u0641\\u0627\\u0631\\u0633\\u06cc", "\\u062e\\u0644\\u0627\\u0635\\u0647 \\u0641\\u06cc\\u0644\\u0645", "\\u0627\\u0645\\u062a\\u06cc\\u0627\\u0632 \\u06a9\\u0627\\u0631\\u0628\\u0631\\u0627\\u0646", "\\u0645\\u062f\\u062a \\u0632\\u0645\\u0627\\u0646 \\u0641\\u06cc\\u0644\\u0645", "\\u062f\\u0631\\u062c\\u0647 \\u0628\\u0646\\u062f\\u06cc \\u0633\\u0646\\u06cc", "Page url"]}}]	15	1
567	2021-06-11 15:39:16.61787+00	105	Men in Black: International | Type: 1 | ID: 105	2	[{"changed": {"fields": ["\\u0646\\u0627\\u0645 \\u0641\\u0627\\u0631\\u0633\\u06cc", "\\u062e\\u0644\\u0627\\u0635\\u0647 \\u0641\\u06cc\\u0644\\u0645", "\\u0627\\u0645\\u062a\\u06cc\\u0627\\u0632 \\u06a9\\u0627\\u0631\\u0628\\u0631\\u0627\\u0646", "\\u0645\\u062f\\u062a \\u0632\\u0645\\u0627\\u0646 \\u0641\\u06cc\\u0644\\u0645", "\\u062f\\u0631\\u062c\\u0647 \\u0628\\u0646\\u062f\\u06cc \\u0633\\u0646\\u06cc", "Page url"]}}]	15	1
568	2021-06-11 15:40:23.522711+00	104	Murder Mystery | Type: 1 | ID: 104	2	[{"changed": {"fields": ["\\u0646\\u0627\\u0645 \\u0641\\u0627\\u0631\\u0633\\u06cc", "\\u062e\\u0644\\u0627\\u0635\\u0647 \\u0641\\u06cc\\u0644\\u0645", "\\u0627\\u0645\\u062a\\u06cc\\u0627\\u0632 \\u06a9\\u0627\\u0631\\u0628\\u0631\\u0627\\u0646", "\\u0645\\u062f\\u062a \\u0632\\u0645\\u0627\\u0646 \\u0641\\u06cc\\u0644\\u0645", "\\u062f\\u0631\\u062c\\u0647 \\u0628\\u0646\\u062f\\u06cc \\u0633\\u0646\\u06cc", "Page url"]}}]	15	1
569	2021-06-11 15:41:31.961593+00	103	Fast & Furious Presents: Hobbs & Shaw | Type: 1 | ID: 103	2	[{"changed": {"fields": ["\\u0646\\u0627\\u0645 \\u0641\\u0627\\u0631\\u0633\\u06cc", "\\u062e\\u0644\\u0627\\u0635\\u0647 \\u0641\\u06cc\\u0644\\u0645", "\\u0627\\u0645\\u062a\\u06cc\\u0627\\u0632 \\u06a9\\u0627\\u0631\\u0628\\u0631\\u0627\\u0646", "\\u0645\\u062f\\u062a \\u0632\\u0645\\u0627\\u0646 \\u0641\\u06cc\\u0644\\u0645", "\\u062f\\u0631\\u062c\\u0647 \\u0628\\u0646\\u062f\\u06cc \\u0633\\u0646\\u06cc", "Page url"]}}]	15	1
570	2021-06-11 15:42:39.006387+00	102	Scary Stories to Tell in the Dark | Type: 1 | ID: 102	2	[{"changed": {"fields": ["\\u0646\\u0627\\u0645 \\u0641\\u0627\\u0631\\u0633\\u06cc", "\\u062e\\u0644\\u0627\\u0635\\u0647 \\u0641\\u06cc\\u0644\\u0645", "\\u0627\\u0645\\u062a\\u06cc\\u0627\\u0632 \\u06a9\\u0627\\u0631\\u0628\\u0631\\u0627\\u0646", "\\u0645\\u062f\\u062a \\u0632\\u0645\\u0627\\u0646 \\u0641\\u06cc\\u0644\\u0645", "\\u062f\\u0631\\u062c\\u0647 \\u0628\\u0646\\u062f\\u06cc \\u0633\\u0646\\u06cc", "Page url"]}}]	15	1
571	2021-06-11 15:43:40.933175+00	101	Just Mercy | Type: 1 | ID: 101	2	[{"changed": {"fields": ["\\u062e\\u0644\\u0627\\u0635\\u0647 \\u0641\\u06cc\\u0644\\u0645", "\\u0627\\u0645\\u062a\\u06cc\\u0627\\u0632 \\u06a9\\u0627\\u0631\\u0628\\u0631\\u0627\\u0646", "\\u0645\\u062f\\u062a \\u0632\\u0645\\u0627\\u0646 \\u0641\\u06cc\\u0644\\u0645", "\\u062f\\u0631\\u062c\\u0647 \\u0628\\u0646\\u062f\\u06cc \\u0633\\u0646\\u06cc", "Page url"]}}]	15	1
572	2021-06-11 15:44:42.933301+00	100	A Beautiful Day in the Neighborhood | Type: 1 | ID: 100	2	[{"changed": {"fields": ["\\u0646\\u0627\\u0645 \\u0641\\u0627\\u0631\\u0633\\u06cc", "\\u062e\\u0644\\u0627\\u0635\\u0647 \\u0641\\u06cc\\u0644\\u0645", "\\u0627\\u0645\\u062a\\u06cc\\u0627\\u0632 \\u06a9\\u0627\\u0631\\u0628\\u0631\\u0627\\u0646", "\\u0645\\u062f\\u062a \\u0632\\u0645\\u0627\\u0646 \\u0641\\u06cc\\u0644\\u0645", "\\u062f\\u0631\\u062c\\u0647 \\u0628\\u0646\\u062f\\u06cc \\u0633\\u0646\\u06cc", "Page url"]}}]	15	1
573	2021-06-11 15:45:37.937223+00	99	Gemini Man | Type: 1 | ID: 99	2	[{"changed": {"fields": ["\\u0646\\u0627\\u0645 \\u0641\\u0627\\u0631\\u0633\\u06cc", "\\u062e\\u0644\\u0627\\u0635\\u0647 \\u0641\\u06cc\\u0644\\u0645", "\\u0627\\u0645\\u062a\\u06cc\\u0627\\u0632 \\u06a9\\u0627\\u0631\\u0628\\u0631\\u0627\\u0646", "\\u0645\\u062f\\u062a \\u0632\\u0645\\u0627\\u0646 \\u0641\\u06cc\\u0644\\u0645", "\\u062f\\u0631\\u062c\\u0647 \\u0628\\u0646\\u062f\\u06cc \\u0633\\u0646\\u06cc", "Page url"]}}]	15	1
574	2021-06-11 15:46:29.007762+00	101	Just Mercy | Type: 1 | ID: 101	2	[{"changed": {"fields": ["\\u0646\\u0627\\u0645 \\u0641\\u0627\\u0631\\u0633\\u06cc"]}}]	15	1
575	2021-06-11 15:47:44.338046+00	98	Maleficent: Mistress of Evil | Type: 1 | ID: 98	2	[{"changed": {"fields": ["\\u0646\\u0627\\u0645 \\u0641\\u0627\\u0631\\u0633\\u06cc", "\\u062e\\u0644\\u0627\\u0635\\u0647 \\u0641\\u06cc\\u0644\\u0645", "\\u0627\\u0645\\u062a\\u06cc\\u0627\\u0632 \\u06a9\\u0627\\u0631\\u0628\\u0631\\u0627\\u0646", "\\u0645\\u062f\\u062a \\u0632\\u0645\\u0627\\u0646 \\u0641\\u06cc\\u0644\\u0645", "\\u062f\\u0631\\u062c\\u0647 \\u0628\\u0646\\u062f\\u06cc \\u0633\\u0646\\u06cc", "Page url"]}}]	15	1
576	2021-06-11 15:48:22.705781+00	97	Maleficent | Type: 1 | ID: 97	2	[{"changed": {"fields": ["\\u0646\\u0627\\u0645 \\u0641\\u0627\\u0631\\u0633\\u06cc", "\\u062e\\u0644\\u0627\\u0635\\u0647 \\u0641\\u06cc\\u0644\\u0645", "\\u0627\\u0645\\u062a\\u06cc\\u0627\\u0632 \\u06a9\\u0627\\u0631\\u0628\\u0631\\u0627\\u0646", "\\u0645\\u062f\\u062a \\u0632\\u0645\\u0627\\u0646 \\u0641\\u06cc\\u0644\\u0645", "\\u062f\\u0631\\u062c\\u0647 \\u0628\\u0646\\u062f\\u06cc \\u0633\\u0646\\u06cc", "Page url"]}}]	15	1
577	2021-06-11 15:49:41.469061+00	96	Frozen | Type: 1 | ID: 96	2	[{"changed": {"fields": ["\\u0646\\u0627\\u0645 \\u0641\\u0627\\u0631\\u0633\\u06cc", "\\u062e\\u0644\\u0627\\u0635\\u0647 \\u0641\\u06cc\\u0644\\u0645", "\\u0627\\u0645\\u062a\\u06cc\\u0627\\u0632 \\u06a9\\u0627\\u0631\\u0628\\u0631\\u0627\\u0646", "\\u0645\\u062f\\u062a \\u0632\\u0645\\u0627\\u0646 \\u0641\\u06cc\\u0644\\u0645", "\\u062f\\u0631\\u062c\\u0647 \\u0628\\u0646\\u062f\\u06cc \\u0633\\u0646\\u06cc", "Page url"]}}]	15	1
578	2021-06-11 15:50:19.587835+00	95	Frozen II | Type: 1 | ID: 95	2	[{"changed": {"fields": ["\\u0646\\u0627\\u0645 \\u0641\\u0627\\u0631\\u0633\\u06cc", "\\u062e\\u0644\\u0627\\u0635\\u0647 \\u0641\\u06cc\\u0644\\u0645", "\\u0627\\u0645\\u062a\\u06cc\\u0627\\u0632 \\u06a9\\u0627\\u0631\\u0628\\u0631\\u0627\\u0646", "\\u0645\\u062f\\u062a \\u0632\\u0645\\u0627\\u0646 \\u0641\\u06cc\\u0644\\u0645", "\\u062f\\u0631\\u062c\\u0647 \\u0628\\u0646\\u062f\\u06cc \\u0633\\u0646\\u06cc", "Page url"]}}]	15	1
627	2021-06-12 13:39:39.065902+00	41	Sonic the Hedgehog - 1 | ID: 41	2	[{"changed": {"fields": ["\\u0644\\u06cc\\u0646\\u06a9 \\u062f\\u0627\\u0646\\u0644\\u0648\\u062f"]}}]	17	1
744	2021-06-21 18:49:06.968875+00	4	CheckUserDiscount object (4)	3		27	1
579	2021-06-11 15:50:55.678831+00	94	Last Christmas | Type: 1 | ID: 94	2	[{"changed": {"fields": ["\\u0646\\u0627\\u0645 \\u0641\\u0627\\u0631\\u0633\\u06cc", "\\u062e\\u0644\\u0627\\u0635\\u0647 \\u0641\\u06cc\\u0644\\u0645", "\\u0627\\u0645\\u062a\\u06cc\\u0627\\u0632 \\u06a9\\u0627\\u0631\\u0628\\u0631\\u0627\\u0646", "\\u0645\\u062f\\u062a \\u0632\\u0645\\u0627\\u0646 \\u0641\\u06cc\\u0644\\u0645", "\\u062f\\u0631\\u062c\\u0647 \\u0628\\u0646\\u062f\\u06cc \\u0633\\u0646\\u06cc", "Page url"]}}]	15	1
580	2021-06-11 15:52:29.714513+00	37	Bloodshot - 1 | ID: 37	2	[{"changed": {"fields": ["\\u0644\\u06cc\\u0646\\u06a9 \\u067e\\u062e\\u0634 "]}}]	17	1
581	2021-06-11 15:53:39.054761+00	38	Onward - 1 | ID: 38	2	[{"changed": {"fields": ["\\u0644\\u06cc\\u0646\\u06a9 \\u067e\\u062e\\u0634 "]}}]	17	1
582	2021-06-11 15:54:51.596934+00	39	The Father - 1 | ID: 39	2	[{"changed": {"fields": ["\\u0644\\u06cc\\u0646\\u06a9 \\u067e\\u062e\\u0634 "]}}]	17	1
583	2021-06-11 15:56:01.538744+00	40	Minari - 1 | ID: 40	2	[{"changed": {"fields": ["\\u0644\\u06cc\\u0646\\u06a9 \\u067e\\u062e\\u0634 "]}}]	17	1
584	2021-06-11 15:57:17.396306+00	41	Sonic the Hedgehog - 1 | ID: 41	2	[{"changed": {"fields": ["\\u0644\\u06cc\\u0646\\u06a9 \\u067e\\u062e\\u0634 "]}}]	17	1
585	2021-06-11 15:58:31.455633+00	42	Underwater - 1 | ID: 42	2	[{"changed": {"fields": ["\\u0644\\u06cc\\u0646\\u06a9 \\u067e\\u062e\\u0634 "]}}]	17	1
586	2021-06-11 15:59:35.53+00	43	Dolittle - 1 | ID: 43	2	[{"changed": {"fields": ["\\u0644\\u06cc\\u0646\\u06a9 \\u067e\\u062e\\u0634 "]}}]	17	1
587	2021-06-11 16:00:53.492179+00	44	Little Women - 1 | ID: 44	2	[{"changed": {"fields": ["\\u0644\\u06cc\\u0646\\u06a9 \\u067e\\u062e\\u0634 "]}}]	17	1
588	2021-06-11 16:02:16.984578+00	45	Jumanji: The Next Level - 1 | ID: 45	2	[{"changed": {"fields": ["\\u0644\\u06cc\\u0646\\u06a9 \\u067e\\u062e\\u0634 "]}}]	17	1
589	2021-06-11 16:03:25.929314+00	46	Jumanji: Welcome to the Jungle - 1 | ID: 46	2	[{"changed": {"fields": ["\\u0644\\u06cc\\u0646\\u06a9 \\u067e\\u062e\\u0634 "]}}]	17	1
590	2021-06-11 16:04:32.779087+00	47	Klaus - 1 | ID: 47	2	[{"changed": {"fields": ["\\u0644\\u06cc\\u0646\\u06a9 \\u067e\\u062e\\u0634 "]}}]	17	1
591	2021-06-11 16:05:48.973282+00	48	Last Christmas - 1 | ID: 48	2	[{"changed": {"fields": ["\\u0644\\u06cc\\u0646\\u06a9 \\u067e\\u062e\\u0634 "]}}]	17	1
592	2021-06-11 16:07:18.808688+00	49	Frozen II - 1 | ID: 49	2	[{"changed": {"fields": ["\\u0644\\u06cc\\u0646\\u06a9 \\u067e\\u062e\\u0634 "]}}]	17	1
593	2021-06-11 16:07:56.478702+00	50	Frozen - 1 | ID: 50	2	[{"changed": {"fields": ["\\u0644\\u06cc\\u0646\\u06a9 \\u067e\\u062e\\u0634 "]}}]	17	1
594	2021-06-11 16:13:30.133272+00	52	Maleficent: Mistress of Evil - 1 | ID: 52	2	[{"changed": {"fields": ["\\u0644\\u06cc\\u0646\\u06a9 \\u067e\\u062e\\u0634 "]}}]	17	1
595	2021-06-11 16:13:49.254271+00	51	Maleficent - 1 | ID: 51	2	[{"changed": {"fields": ["\\u0644\\u06cc\\u0646\\u06a9 \\u067e\\u062e\\u0634 "]}}]	17	1
596	2021-06-11 16:55:19.663672+00	53	Gemini Man - 1 | ID: 53	2	[{"changed": {"fields": ["\\u0644\\u06cc\\u0646\\u06a9 \\u067e\\u062e\\u0634 "]}}]	17	1
597	2021-06-11 16:57:15.039489+00	54	A Beautiful Day in the Neighborhood - 1 | ID: 54	2	[{"changed": {"fields": ["\\u0644\\u06cc\\u0646\\u06a9 \\u067e\\u062e\\u0634 "]}}]	17	1
598	2021-06-11 16:58:25.760294+00	55	Just Mercy - 1 | ID: 55	2	[{"changed": {"fields": ["\\u0644\\u06cc\\u0646\\u06a9 \\u067e\\u062e\\u0634 "]}}]	17	1
599	2021-06-11 16:59:40.387073+00	56	Scary Stories to Tell in the Dark - 1 | ID: 56	2	[{"changed": {"fields": ["\\u0644\\u06cc\\u0646\\u06a9 \\u067e\\u062e\\u0634 "]}}]	17	1
600	2021-06-11 17:01:04.705752+00	57	Fast & Furious Presents: Hobbs & Shaw - 1 | ID: 57	2	[{"changed": {"fields": ["\\u0644\\u06cc\\u0646\\u06a9 \\u067e\\u062e\\u0634 "]}}]	17	1
601	2021-06-11 17:02:16.309818+00	103	Fast & Furious Presents: Hobbs & Shaw | Type: 1 | ID: 103	2	[{"changed": {"fields": ["Page url"]}}]	15	1
602	2021-06-11 17:03:33.694476+00	58	Murder Mystery - 1 | ID: 58	2	[{"changed": {"fields": ["\\u0644\\u06cc\\u0646\\u06a9 \\u067e\\u062e\\u0634 "]}}]	17	1
603	2021-06-11 17:07:03.138349+00	59	Men in Black: International - 1 | ID: 59	2	[{"changed": {"fields": ["\\u0644\\u06cc\\u0646\\u06a9 \\u067e\\u062e\\u0634 "]}}]	17	1
604	2021-06-11 17:08:01.706762+00	60	Dark Phoenix - 1 | ID: 60	2	[{"changed": {"fields": ["\\u0644\\u06cc\\u0646\\u06a9 \\u067e\\u062e\\u0634 "]}}]	17	1
605	2021-06-11 17:09:27.004961+00	61	Godzilla: King of the Monsters - 1 | ID: 61	2	[{"changed": {"fields": ["\\u0644\\u06cc\\u0646\\u06a9 \\u067e\\u062e\\u0634 "]}}]	17	1
606	2021-06-11 17:10:08.882357+00	62	Run - 1 | ID: 62	2	[{"changed": {"fields": ["\\u0644\\u06cc\\u0646\\u06a9 \\u067e\\u062e\\u0634 "]}}]	17	1
607	2021-06-11 17:10:53.469785+00	63	Greyhound - 1 | ID: 63	2	[{"changed": {"fields": ["\\u0644\\u06cc\\u0646\\u06a9 \\u067e\\u062e\\u0634 "]}}]	17	1
608	2021-06-11 17:11:35.820616+00	64	The Call of the Wild - 1 | ID: 64	2	[{"changed": {"fields": ["\\u0644\\u06cc\\u0646\\u06a9 \\u067e\\u062e\\u0634 "]}}]	17	1
609	2021-06-11 17:12:45.146333+00	65	Togo - 1 | ID: 65	2	[{"changed": {"fields": ["\\u0644\\u06cc\\u0646\\u06a9 \\u067e\\u062e\\u0634 "]}}]	17	1
610	2021-06-11 17:13:37.651378+00	66	Midway - 1 | ID: 66	2	[{"changed": {"fields": ["\\u0644\\u06cc\\u0646\\u06a9 \\u067e\\u062e\\u0634 "]}}]	17	1
611	2021-06-11 17:14:27.859093+00	67	Downton Abbey - 1 | ID: 67	2	[{"changed": {"fields": ["\\u0644\\u06cc\\u0646\\u06a9 \\u067e\\u062e\\u0634 "]}}]	17	1
612	2021-06-11 17:15:13.366289+00	68	Always Be My Maybe - 1 | ID: 68	2	[{"changed": {"fields": ["\\u0644\\u06cc\\u0646\\u06a9 \\u067e\\u062e\\u0634 "]}}]	17	1
613	2021-06-12 08:11:54.65136+00	2	evafilm.stream	1	[{"added": {}}]	25	1
614	2021-06-12 08:12:01.810993+00	1	example.com	3		25	1
615	2021-06-12 13:36:44.460014+00	27	Friends: The Reunion - 1 | ID: 27	2	[{"changed": {"fields": ["\\u0644\\u06cc\\u0646\\u06a9 \\u062f\\u0627\\u0646\\u0644\\u0648\\u062f"]}}]	17	1
616	2021-06-12 13:36:57.563966+00	30	The Midnight Sky - 1 | ID: 30	2	[{"changed": {"fields": ["\\u0644\\u06cc\\u0646\\u06a9 \\u062f\\u0627\\u0646\\u0644\\u0648\\u062f"]}}]	17	1
617	2021-06-12 13:37:19.938898+00	31	News of the World - 1 | ID: 31	2	[{"changed": {"fields": ["\\u0644\\u06cc\\u0646\\u06a9 \\u062f\\u0627\\u0646\\u0644\\u0648\\u062f"]}}]	17	1
618	2021-06-12 13:37:33.501872+00	32	Hubie Halloween - 1 | ID: 32	2	[{"changed": {"fields": ["\\u0644\\u06cc\\u0646\\u06a9 \\u062f\\u0627\\u0646\\u0644\\u0648\\u062f"]}}]	17	1
619	2021-06-12 13:37:48.131836+00	33	Enola Holmes - 1 | ID: 33	2	[{"changed": {"fields": ["\\u0644\\u06cc\\u0646\\u06a9 \\u062f\\u0627\\u0646\\u0644\\u0648\\u062f"]}}]	17	1
620	2021-06-12 13:38:05.080168+00	34	The New Mutants - 1 | ID: 34	2	[{"changed": {"fields": ["\\u0644\\u06cc\\u0646\\u06a9 \\u062f\\u0627\\u0646\\u0644\\u0648\\u062f"]}}]	17	1
621	2021-06-12 13:38:19.200387+00	35	Greenland - 1 | ID: 35	2	[{"changed": {"fields": ["\\u0644\\u06cc\\u0646\\u06a9 \\u062f\\u0627\\u0646\\u0644\\u0648\\u062f"]}}]	17	1
622	2021-06-12 13:38:35.830547+00	36	Mulan - 1 | ID: 36	2	[{"changed": {"fields": ["\\u0644\\u06cc\\u0646\\u06a9 \\u062f\\u0627\\u0646\\u0644\\u0648\\u062f"]}}]	17	1
623	2021-06-12 13:38:48.232907+00	37	Bloodshot - 1 | ID: 37	2	[{"changed": {"fields": ["\\u0644\\u06cc\\u0646\\u06a9 \\u062f\\u0627\\u0646\\u0644\\u0648\\u062f"]}}]	17	1
624	2021-06-12 13:38:59.68009+00	38	Onward - 1 | ID: 38	2	[{"changed": {"fields": ["\\u0644\\u06cc\\u0646\\u06a9 \\u062f\\u0627\\u0646\\u0644\\u0648\\u062f"]}}]	17	1
625	2021-06-12 13:39:11.144184+00	39	The Father - 1 | ID: 39	2	[{"changed": {"fields": ["\\u0644\\u06cc\\u0646\\u06a9 \\u062f\\u0627\\u0646\\u0644\\u0648\\u062f"]}}]	17	1
629	2021-06-12 13:40:18.610477+00	43	Dolittle - 1 | ID: 43	2	[{"changed": {"fields": ["\\u0644\\u06cc\\u0646\\u06a9 \\u062f\\u0627\\u0646\\u0644\\u0648\\u062f"]}}]	17	1
630	2021-06-12 13:40:35.713544+00	44	Little Women - 1 | ID: 44	2	[{"changed": {"fields": ["\\u0644\\u06cc\\u0646\\u06a9 \\u062f\\u0627\\u0646\\u0644\\u0648\\u062f"]}}]	17	1
631	2021-06-12 13:40:49.032223+00	45	Jumanji: The Next Level - 1 | ID: 45	2	[{"changed": {"fields": ["\\u0644\\u06cc\\u0646\\u06a9 \\u062f\\u0627\\u0646\\u0644\\u0648\\u062f"]}}]	17	1
632	2021-06-12 13:40:59.730282+00	46	Jumanji: Welcome to the Jungle - 1 | ID: 46	2	[{"changed": {"fields": ["\\u0644\\u06cc\\u0646\\u06a9 \\u062f\\u0627\\u0646\\u0644\\u0648\\u062f"]}}]	17	1
633	2021-06-12 13:41:18.199127+00	47	Klaus - 1 | ID: 47	2	[{"changed": {"fields": ["\\u0644\\u06cc\\u0646\\u06a9 \\u062f\\u0627\\u0646\\u0644\\u0648\\u062f"]}}]	17	1
634	2021-06-12 13:41:32.937819+00	48	Last Christmas - 1 | ID: 48	2	[{"changed": {"fields": ["\\u0644\\u06cc\\u0646\\u06a9 \\u062f\\u0627\\u0646\\u0644\\u0648\\u062f"]}}]	17	1
635	2021-06-12 13:41:45.356232+00	49	Frozen II - 1 | ID: 49	2	[{"changed": {"fields": ["\\u0644\\u06cc\\u0646\\u06a9 \\u062f\\u0627\\u0646\\u0644\\u0648\\u062f"]}}]	17	1
636	2021-06-12 13:41:55.444334+00	50	Frozen - 1 | ID: 50	2	[{"changed": {"fields": ["\\u0644\\u06cc\\u0646\\u06a9 \\u062f\\u0627\\u0646\\u0644\\u0648\\u062f"]}}]	17	1
637	2021-06-12 13:42:09.555799+00	51	Maleficent - 1 | ID: 51	2	[{"changed": {"fields": ["\\u0644\\u06cc\\u0646\\u06a9 \\u062f\\u0627\\u0646\\u0644\\u0648\\u062f"]}}]	17	1
638	2021-06-12 13:42:20.044286+00	52	Maleficent: Mistress of Evil - 1 | ID: 52	2	[{"changed": {"fields": ["\\u0644\\u06cc\\u0646\\u06a9 \\u062f\\u0627\\u0646\\u0644\\u0648\\u062f"]}}]	17	1
639	2021-06-12 13:42:31.041452+00	53	Gemini Man - 1 | ID: 53	2	[{"changed": {"fields": ["\\u0644\\u06cc\\u0646\\u06a9 \\u062f\\u0627\\u0646\\u0644\\u0648\\u062f"]}}]	17	1
640	2021-06-12 13:42:42.530943+00	54	A Beautiful Day in the Neighborhood - 1 | ID: 54	2	[{"changed": {"fields": ["\\u0644\\u06cc\\u0646\\u06a9 \\u062f\\u0627\\u0646\\u0644\\u0648\\u062f"]}}]	17	1
641	2021-06-12 13:42:57.87205+00	55	Just Mercy - 1 | ID: 55	2	[{"changed": {"fields": ["\\u0644\\u06cc\\u0646\\u06a9 \\u062f\\u0627\\u0646\\u0644\\u0648\\u062f"]}}]	17	1
642	2021-06-12 13:43:10.759439+00	56	Scary Stories to Tell in the Dark - 1 | ID: 56	2	[{"changed": {"fields": ["\\u0644\\u06cc\\u0646\\u06a9 \\u062f\\u0627\\u0646\\u0644\\u0648\\u062f"]}}]	17	1
643	2021-06-12 13:43:22.661274+00	57	Fast & Furious Presents: Hobbs & Shaw - 1 | ID: 57	2	[{"changed": {"fields": ["\\u0644\\u06cc\\u0646\\u06a9 \\u062f\\u0627\\u0646\\u0644\\u0648\\u062f"]}}]	17	1
644	2021-06-12 13:43:38.893977+00	58	Murder Mystery - 1 | ID: 58	2	[{"changed": {"fields": ["\\u0644\\u06cc\\u0646\\u06a9 \\u062f\\u0627\\u0646\\u0644\\u0648\\u062f"]}}]	17	1
645	2021-06-12 13:43:50.978763+00	59	Men in Black: International - 1 | ID: 59	2	[{"changed": {"fields": ["\\u0644\\u06cc\\u0646\\u06a9 \\u062f\\u0627\\u0646\\u0644\\u0648\\u062f"]}}]	17	1
646	2021-06-12 13:44:03.966228+00	60	Dark Phoenix - 1 | ID: 60	2	[{"changed": {"fields": ["\\u0644\\u06cc\\u0646\\u06a9 \\u062f\\u0627\\u0646\\u0644\\u0648\\u062f"]}}]	17	1
647	2021-06-12 13:44:14.85432+00	61	Godzilla: King of the Monsters - 1 | ID: 61	2	[{"changed": {"fields": ["\\u0644\\u06cc\\u0646\\u06a9 \\u062f\\u0627\\u0646\\u0644\\u0648\\u062f"]}}]	17	1
648	2021-06-12 13:44:37.055952+00	62	Run - 1 | ID: 62	2	[{"changed": {"fields": ["\\u0644\\u06cc\\u0646\\u06a9 \\u062f\\u0627\\u0646\\u0644\\u0648\\u062f"]}}]	17	1
649	2021-06-12 13:44:52.124361+00	63	Greyhound - 1 | ID: 63	2	[{"changed": {"fields": ["\\u0644\\u06cc\\u0646\\u06a9 \\u062f\\u0627\\u0646\\u0644\\u0648\\u062f"]}}]	17	1
650	2021-06-12 13:45:04.349129+00	64	The Call of the Wild - 1 | ID: 64	2	[{"changed": {"fields": ["\\u0644\\u06cc\\u0646\\u06a9 \\u062f\\u0627\\u0646\\u0644\\u0648\\u062f"]}}]	17	1
651	2021-06-12 13:45:17.541438+00	65	Togo - 1 | ID: 65	2	[{"changed": {"fields": ["\\u0644\\u06cc\\u0646\\u06a9 \\u062f\\u0627\\u0646\\u0644\\u0648\\u062f"]}}]	17	1
652	2021-06-12 13:45:31.800353+00	66	Midway - 1 | ID: 66	2	[{"changed": {"fields": ["\\u0644\\u06cc\\u0646\\u06a9 \\u062f\\u0627\\u0646\\u0644\\u0648\\u062f"]}}]	17	1
653	2021-06-12 13:45:45.192346+00	67	Downton Abbey - 1 | ID: 67	2	[{"changed": {"fields": ["\\u0644\\u06cc\\u0646\\u06a9 \\u062f\\u0627\\u0646\\u0644\\u0648\\u062f"]}}]	17	1
654	2021-06-12 13:45:57.143923+00	68	Always Be My Maybe - 1 | ID: 68	2	[{"changed": {"fields": ["\\u0644\\u06cc\\u0646\\u06a9 \\u062f\\u0627\\u0646\\u0644\\u0648\\u062f"]}}]	17	1
655	2021-06-12 13:46:10.306858+00	69	Cruella - 1 | ID: 69	2	[{"changed": {"fields": ["\\u0644\\u06cc\\u0646\\u06a9 \\u062f\\u0627\\u0646\\u0644\\u0648\\u062f"]}}]	17	1
656	2021-06-12 13:47:33.984084+00	3	admin	2	[{"changed": {"fields": ["Plan", "End date"]}}]	9	1
657	2021-06-12 15:20:34.206211+00	124	The Conjuring: The Devil Made Me Do It | Type: 1 | ID: 124	2	[{"changed": {"fields": ["\\u0646\\u0627\\u0645 \\u0641\\u0627\\u0631\\u0633\\u06cc", "\\u062e\\u0644\\u0627\\u0635\\u0647 \\u0641\\u06cc\\u0644\\u0645", "\\u0627\\u0645\\u062a\\u06cc\\u0627\\u0632 \\u06a9\\u0627\\u0631\\u0628\\u0631\\u0627\\u0646", "\\u0645\\u062f\\u062a \\u0632\\u0645\\u0627\\u0646 \\u0641\\u06cc\\u0644\\u0645", "\\u062f\\u0631\\u062c\\u0647 \\u0628\\u0646\\u062f\\u06cc \\u0633\\u0646\\u06cc", "Page url"]}}]	15	1
658	2021-06-12 15:22:54.050818+00	124	The Conjuring: The Devil Made Me Do It | Type: 1 | ID: 124	2	[{"changed": {"fields": ["\\u062e\\u0644\\u0627\\u0635\\u0647 \\u0641\\u06cc\\u0644\\u0645"]}}]	15	1
659	2021-06-12 15:29:58.218709+00	124	The Conjuring: The Devil Made Me Do It | Type: 1 | ID: 124	2	[{"changed": {"fields": ["\\u0631\\u0627\\u06cc\\u06af\\u0627\\u0646 \\u0627\\u0633\\u062a"]}}]	15	1
660	2021-06-12 16:13:46.087263+00	78	The Conjuring: The Devil Made Me Do It - 1 | ID: 78	2	[{"changed": {"fields": ["\\u0644\\u06cc\\u0646\\u06a9 \\u067e\\u062e\\u0634 ", "\\u0644\\u06cc\\u0646\\u06a9 \\u062f\\u0627\\u0646\\u0644\\u0648\\u062f"]}}]	17	1
661	2021-06-12 16:15:53.242137+00	78	The Conjuring: The Devil Made Me Do It - 1 | ID: 78	2	[{"changed": {"fields": ["\\u0632\\u06cc\\u0631\\u0646\\u0648\\u06cc\\u0633 VTT"]}}]	17	1
662	2021-06-12 16:19:17.234004+00	78	The Conjuring: The Devil Made Me Do It	2	[{"changed": {"fields": ["\\u062a\\u0627\\u06cc\\u0645 \\u062a\\u06cc\\u062a\\u0631 \\u0634\\u0631\\u0648\\u0639 \\u0627\\u067e\\u06cc\\u0632\\u0648\\u062f", "\\u062a\\u0627\\u06cc\\u0645 \\u0633\\u0627\\u0646\\u0633\\u0648\\u0631"]}}]	19	1
663	2021-06-13 19:37:19.359053+00	4	9224286054	1	[{"added": {}}]	9	1
665	2021-06-16 19:57:06.656692+00	1	 80 _80	1	[{"added": {}}]	26	1
666	2021-06-16 20:04:11.254767+00	1	 95 _95	2	[{"changed": {"fields": ["\\u0639\\u0646\\u0648\\u0627\\u0646 \\u06a9\\u062f \\u062a\\u062e\\u0641\\u06cc\\u0641", "\\u062f\\u0631 \\u0635\\u062f \\u06a9\\u062f \\u062a\\u062e\\u0641\\u06cc\\u0641 "]}}]	26	1
667	2021-06-16 20:07:08.744343+00	1	p1 -   	2	[{"changed": {"fields": ["Spacial id"]}}]	7	1
668	2021-06-16 20:07:13.769565+00	2	v1 -         	2	[]	7	1
669	2021-06-16 20:08:04.308581+00	2	v1 -         	2	[]	7	1
670	2021-06-16 20:08:40.712985+00	3	admin	2	[]	9	1
671	2021-06-16 20:09:26.17164+00	1	CheckUserDiscount object (1)	3		27	1
672	2021-06-16 20:09:38.613718+00	1	 95 _95	2	[]	26	1
743	2021-06-21 16:59:06.24062+00	18	9012679848	2	[{"changed": {"fields": ["Plan"]}}]	9	1
673	2021-06-16 20:30:14.133148+00	1	 99 _99	2	[{"changed": {"fields": ["\\u0639\\u0646\\u0648\\u0627\\u0646 \\u06a9\\u062f \\u062a\\u062e\\u0641\\u06cc\\u0641", "\\u062f\\u0631 \\u0635\\u062f \\u06a9\\u062f \\u062a\\u062e\\u0641\\u06cc\\u0641 "]}}]	26	1
674	2021-06-16 21:07:14.391884+00	1	 99 _99	2	[]	26	1
675	2021-06-16 21:10:03.623848+00	2	CheckUserDiscount object (2)	3		27	1
676	2021-06-16 21:10:14.19937+00	1	 99 _99	3		26	1
677	2021-06-17 12:12:44.359179+00	2	evafilm.stream	3		25	1
678	2021-06-17 14:02:05.237335+00	4	evafilm.stream/	2	[{"changed": {"fields": ["Domain name", "Display name"]}}]	25	1
679	2021-06-17 14:42:48.378766+00	4	evafilm.stream	2	[{"changed": {"fields": ["Domain name", "Display name"]}}]	25	1
680	2021-06-17 15:57:56.472526+00	1	StartAppCnsr object (1)	1	[{"added": {}}]	28	1
681	2021-06-17 16:06:27.827684+00	1	StartAppCnsr object (1)	3		28	1
682	2021-06-17 18:11:42.876975+00	124	The Conjuring: The Devil Made Me Do It | Type: 2 | ID: 124	2	[{"changed": {"fields": ["\\u0646\\u0648\\u0639 \\u0641\\u06cc\\u0644\\u0645", "\\u0627\\u0645\\u062a\\u06cc\\u0627\\u0632 \\u06a9\\u0627\\u0631\\u0628\\u0631\\u0627\\u0646"]}}]	15	1
683	2021-06-17 18:12:43.346631+00	79	The Conjuring: The Devil Made Me Do It - 2 | ID: 79	2	[{"changed": {"fields": ["Title"]}}]	17	1
684	2021-06-17 18:12:57.475628+00	78	The Conjuring: The Devil Made Me Do It - 1 | ID: 78	2	[{"changed": {"fields": ["Title"]}}]	17	1
685	2021-06-17 19:52:28.634573+00	81	The Conjuring: The Devil Made Me Do It - 3 | ID: 81	3		17	1
686	2021-06-17 19:53:01.608455+00	78	The Conjuring: The Devil Made Me Do It - 1 | ID: 78	2	[{"changed": {"fields": ["Title"]}}]	17	1
687	2021-06-17 20:37:46.457227+00	27	StartAppCnsr object (27)	1	[{"added": {}}]	28	1
688	2021-06-17 20:45:13.906079+00	30	StartAppCnsr object (30)	3		28	1
689	2021-06-17 20:51:45.357166+00	35	StartAppCnsr object (35)	3		28	1
690	2021-06-17 20:51:45.380552+00	34	StartAppCnsr object (34)	3		28	1
691	2021-06-17 20:51:45.38657+00	33	StartAppCnsr object (33)	3		28	1
692	2021-06-17 20:54:07.341375+00	38	StartAppCnsr object (38)	3		28	1
693	2021-06-17 20:54:07.348015+00	37	StartAppCnsr object (37)	3		28	1
694	2021-06-17 20:54:07.352293+00	36	StartAppCnsr object (36)	3		28	1
702	2021-06-19 18:28:14.111148+00	1	Robots object (1)	1	[{"added": {}}]	31	1
703	2021-06-19 18:28:59.457856+00	2	Robots object (2)	1	[{"added": {}}]	31	1
704	2021-06-19 18:29:23.660718+00	3	Robots object (3)	1	[{"added": {}}]	31	1
705	2021-06-19 18:29:33.84646+00	4	Robots object (4)	1	[{"added": {}}]	31	1
706	2021-06-19 18:29:43.294053+00	5	Robots object (5)	1	[{"added": {}}]	31	1
707	2021-06-19 18:29:54.019105+00	6	Robots object (6)	1	[{"added": {}}]	31	1
708	2021-06-19 18:30:11.463961+00	7	Robots object (7)	1	[{"added": {}}]	31	1
709	2021-06-19 18:33:00.884035+00	52		1	[{"added": {}}]	11	1
710	2021-06-19 18:34:48.480975+00	52		3		11	1
711	2021-06-19 18:41:08.993797+00	7	  	1	[{"added": {}}]	24	1
712	2021-06-19 18:41:23.691256+00	7	  	2	[{"changed": {"fields": ["\\u0632\\u0645\\u0627\\u0646 \\u0627\\u0631\\u0633\\u0627\\u0644"]}}]	24	1
713	2021-06-19 18:42:57.80929+00	8		1	[{"added": {}}]	24	1
714	2021-06-19 18:43:02.261664+00	8		2	[{"changed": {"fields": ["\\u0632\\u0645\\u0627\\u0646 \\u0627\\u0631\\u0633\\u0627\\u0644"]}}]	24	1
715	2021-06-19 18:44:25.631573+00	2	95 _99	3		26	1
716	2021-06-19 18:45:48.595453+00	3	  90 _90	1	[{"added": {}}]	26	1
717	2021-06-19 18:47:33.403974+00	2	v1 -         	2	[{"changed": {"fields": ["Valid days", "Price"]}}]	7	1
718	2021-06-19 18:47:44.588195+00	1	p1 -   	2	[]	7	1
719	2021-06-19 18:48:04.68821+00	3	p2 -   	1	[{"added": {}}]	7	1
720	2021-06-19 18:48:40.637674+00	4	p3 -   	1	[{"added": {}}]	7	1
721	2021-06-19 18:49:51.007647+00	2	v1 -    ( )	2	[{"changed": {"fields": ["Title"]}}]	7	1
722	2021-06-19 19:20:02.500239+00	9	   3	1	[{"added": {}}]	24	1
723	2021-06-19 19:20:27.525537+00	9	   3	2	[{"changed": {"fields": ["\\u0632\\u0645\\u0627\\u0646 \\u0627\\u0631\\u0633\\u0627\\u0644"]}}]	24	1
724	2021-06-19 19:22:20.284929+00	3	  90 _90	2	[{"changed": {"fields": ["\\u0648\\u0636\\u0639\\u06cc\\u062a"]}}]	26	1
725	2021-06-19 19:22:26.48356+00	3	  90 _90	2	[{"changed": {"fields": ["\\u0648\\u0636\\u0639\\u06cc\\u062a"]}}]	26	1
726	2021-06-19 19:23:46.96931+00	3	  90 _90	2	[]	26	1
727	2021-06-20 02:17:03.971515+00	4	p2_95	1	[{"added": {}}]	26	1
728	2021-06-20 02:17:34.836097+00	5	p3_95	1	[{"added": {}}]	26	1
729	2021-06-20 02:17:57.669712+00	6	p4_95	1	[{"added": {}}]	26	1
730	2021-06-20 16:15:08.137966+00	1	  	1	[{"added": {}}]	32	1
732	2021-06-20 16:26:47.687653+00	124	The Conjuring: The Devil Made Me Do It | Type: 2 | ID: 124	2	[{"changed": {"fields": ["\\u0627\\u0645\\u062a\\u06cc\\u0627\\u0632 \\u06a9\\u0627\\u0631\\u0628\\u0631\\u0627\\u0646", "Page url"]}}]	15	1
733	2021-06-20 16:27:45.436354+00	82	Mulan | Type: 1 | ID: 82	2	[{"changed": {"fields": ["\\u0627\\u0645\\u062a\\u06cc\\u0627\\u0632 \\u06a9\\u0627\\u0631\\u0628\\u0631\\u0627\\u0646"]}}]	15	1
734	2021-06-20 16:28:42.377068+00	79	Enola Holmes | Type: 1 | ID: 79	2	[{"changed": {"fields": ["\\u0627\\u0645\\u062a\\u06cc\\u0627\\u0632 \\u06a9\\u0627\\u0631\\u0628\\u0631\\u0627\\u0646"]}}]	15	1
735	2021-06-20 17:06:27.760264+00	1	9012679848_  	2	[]	33	1
736	2021-06-20 17:12:37.443084+00	1	  	2	[]	32	1
737	2021-06-20 17:16:16.543781+00	1	  	3		32	1
738	2021-06-20 17:29:00.446757+00	2	 	1	[{"added": {}}]	32	1
739	2021-06-21 16:41:02.332763+00	5	pxxx -  	1	[{"added": {}}]	7	1
740	2021-06-21 16:41:31.409108+00	6	pxxx2 -  vip	1	[{"added": {}}]	7	1
741	2021-06-21 16:42:56.098508+00	7	  50 _50	1	[{"added": {}}]	26	1
742	2021-06-21 16:54:47.054966+00	7	  50 _50	2	[]	26	1
745	2021-06-21 18:49:06.989445+00	3	CheckUserDiscount object (3)	3		27	1
746	2021-06-21 18:49:51.643894+00	18	9012679848	3		9	1
747	2021-06-21 18:51:31.020947+00	7	  50 _50	2	[]	26	1
748	2021-06-21 18:52:17.347001+00	8	50_50	1	[{"added": {}}]	26	1
749	2021-06-21 18:53:03.941446+00	9	50_50	1	[{"added": {}}]	26	1
750	2021-06-21 18:53:24.73953+00	10	50_50	1	[{"added": {}}]	26	1
751	2021-06-21 18:55:39.274312+00	5	pxxx -  	2	[{"changed": {"fields": ["Max valid days"]}}]	7	1
752	2021-06-21 18:59:05.71583+00	5	pxxx -  	2	[{"changed": {"fields": ["Max valid days"]}}]	7	1
753	2021-06-21 18:59:07.783878+00	5	pxxx -  	2	[]	7	1
754	2021-06-21 18:59:29.518518+00	20	9012679848	3		9	1
755	2021-06-21 19:00:28.02352+00	8	CheckUserDiscount object (8)	3		27	1
756	2021-06-21 19:00:28.030045+00	7	CheckUserDiscount object (7)	3		27	1
757	2021-06-21 19:00:28.034337+00	6	CheckUserDiscount object (6)	3		27	1
758	2021-06-21 19:00:28.037831+00	5	CheckUserDiscount object (5)	3		27	1
759	2021-06-21 19:04:41.962+00	21	9012679848	3		9	1
792	2021-06-22 17:59:35.624612+00	11	test_95	1	[{"added": {}}]	26	1
793	2021-06-22 17:59:38.90286+00	11	test_95	2	[]	26	1
794	2021-06-22 18:00:08.965063+00	12	test 2_90	1	[{"added": {}}]	26	1
795	2021-06-22 18:23:58.007774+00	6	pxxx2 -  vip	2	[{"changed": {"fields": ["Max valid days"]}}]	7	1
796	2021-06-22 18:24:20.796918+00	10	CheckUserDiscount object (10)	3		27	1
797	2021-06-22 18:24:20.802145+00	9	CheckUserDiscount object (9)	3		27	1
798	2021-06-22 18:24:37.649294+00	23	9012679848	3		9	1
799	2021-06-23 11:03:34.501899+00	126	Hell or High Water | Type: 1 | ID: 126	3		15	1
800	2021-06-23 15:37:32.46525+00	12	test 2_90	2	[]	26	1
801	2021-06-23 15:44:57.86072+00	56	9012679848	3		9	1
802	2021-06-23 15:46:06.355925+00	11	CheckUserDiscount object (11)	3		27	1
803	2021-06-23 15:53:32.82584+00	11	test_90	2	[{"changed": {"fields": ["\\u062f\\u0631 \\u0635\\u062f \\u06a9\\u062f \\u062a\\u062e\\u0641\\u06cc\\u0641 "]}}]	26	1
804	2021-06-25 07:03:30.216943+00	6	pxxx2 -  vip	3		7	1
805	2021-06-25 07:03:30.241173+00	5	pxxx -  	3		7	1
806	2021-06-25 07:03:51.794245+00	2	v1 -    ()	2	[{"changed": {"fields": ["Title"]}}]	7	1
807	2021-06-25 07:04:21.17426+00	4	p3 -   	2	[{"changed": {"fields": ["Price"]}}]	7	1
808	2021-06-25 07:05:56.338645+00	2	v1 -    ()	2	[{"changed": {"fields": ["Max valid days"]}}]	7	1
809	2021-06-25 07:09:18.352359+00	19	9106469	3		4	1
810	2021-06-25 07:09:36.49267+00	4	9120331557	3		4	1
811	2021-06-25 07:16:30.012985+00	126	admin - Created - 6855083	3		18	1
812	2021-06-25 07:16:30.019009+00	125	9012679848 - Created - 3324532	3		18	1
813	2021-06-25 07:16:30.021897+00	124	9012679848 - Created - 3945157	3		18	1
814	2021-06-25 07:16:30.027211+00	123	9012679848 - Settled - 7172353	3		18	1
815	2021-06-25 07:16:30.030156+00	122	9012679848 - Created - 9041043	3		18	1
816	2021-06-25 07:16:30.033002+00	120	admin - Created - 7416298	3		18	1
817	2021-06-25 07:16:30.036045+00	118	9012679848 - Created - 8818062	3		18	1
818	2021-06-25 07:16:30.039442+00	117	9012679848 - Created - 8040343	3		18	1
819	2021-06-25 07:16:30.042404+00	116	9125502517 - Created - 3045731	3		18	1
820	2021-06-25 07:16:30.045666+00	115	9125502517 - Created - 9188682	3		18	1
821	2021-06-25 07:16:30.048908+00	114	9125502517 - Created - 5929037	3		18	1
822	2021-06-25 07:16:30.051889+00	113	9125502517 - Created - 9818476	3		18	1
823	2021-06-25 07:16:30.054918+00	112	9125502517 - Created - 1958762	3		18	1
824	2021-06-25 07:16:30.057923+00	111	9125502517 - Settled - 5396138	3		18	1
825	2021-06-25 07:16:30.06095+00	110	9125502517 - Settled - 3192463	3		18	1
826	2021-06-25 07:16:30.064071+00	109	9125502517 - Created - 2250137	3		18	1
827	2021-06-25 07:16:30.06711+00	108	9125502517 - Created - 1287532	3		18	1
828	2021-06-25 07:16:30.070203+00	107	9125502517 - Created - 6421884	3		18	1
829	2021-06-25 07:16:30.073328+00	106	9125502517 - Created - 1889778	3		18	1
830	2021-06-25 07:16:30.076475+00	105	9125502517 - Created - 4736246	3		18	1
831	2021-06-25 07:16:30.079664+00	104	9125502517 - Created - 2992987	3		18	1
832	2021-06-25 07:16:30.083072+00	103	9125502517 - Created - 8498125	3		18	1
833	2021-06-25 07:16:30.085743+00	102	admin - Settled - 6158664	3		18	1
834	2021-06-25 07:16:30.088705+00	101	admin - Settled - 1603245	3		18	1
835	2021-06-25 07:16:30.091315+00	100	admin - Created - 1520646	3		18	1
836	2021-06-25 07:16:30.09411+00	99	admin - Settled - 4783571	3		18	1
837	2021-06-25 07:16:30.09667+00	98	admin - Created - 5836274	3		18	1
838	2021-06-25 07:16:30.099579+00	97	admin - Created - 9015558	3		18	1
839	2021-06-25 07:16:30.102368+00	96	admin - Created - 1202437	3		18	1
840	2021-06-25 07:16:30.10518+00	95	admin - Created - 7296097	3		18	1
841	2021-06-25 07:16:30.107872+00	94	mohammadsh - Settled - 1163559	3		18	1
842	2021-06-25 07:16:30.110873+00	93	mohammadsh - Created - 7566056	3		18	1
843	2021-06-25 07:16:30.113466+00	92	mohammadsh - Settled - 5067128	3		18	1
844	2021-06-25 07:16:30.116287+00	91	mohammadsh - Settled - 7984244	3		18	1
845	2021-06-25 07:16:30.119465+00	90	mohammadsh - Created - 4614694	3		18	1
846	2021-06-25 07:16:30.122253+00	89	mohammadsh - Settled - 6520639	3		18	1
847	2021-06-25 07:16:30.126018+00	88	mohammadsh - Created - 6208414	3		18	1
848	2021-06-25 07:16:30.129329+00	87	mohammadsh - Created - 9808517	3		18	1
849	2021-06-25 07:16:30.132545+00	86	mohammadsh - Created - 2194113	3		18	1
850	2021-06-25 07:16:30.135656+00	85	mohammadsh - Created - 2898052	3		18	1
851	2021-06-25 07:16:30.138584+00	84	admin - Created - 7534755	3		18	1
852	2021-06-25 07:16:30.14162+00	83	admin - Created - 3740542	3		18	1
853	2021-06-25 07:16:30.144494+00	82	admin - Created - 6129227	3		18	1
854	2021-06-25 07:16:30.147486+00	81	admin - Created - 3813865	3		18	1
855	2021-06-25 07:16:30.15033+00	80	admin - Created - 8180313	3		18	1
856	2021-06-25 07:16:30.153208+00	79	admin - Created - 1034424	3		18	1
857	2021-06-25 07:16:30.156088+00	78	mohammadsh - Created - 6304313	3		18	1
858	2021-06-25 07:16:30.158876+00	77	mohammadsh - Created - 7741702	3		18	1
859	2021-06-25 07:16:30.16195+00	76	mohammadsh - Created - 2291271	3		18	1
860	2021-06-25 07:16:30.164996+00	75	mohammadsh - Created - 9177148	3		18	1
861	2021-06-25 07:16:30.168021+00	74	mohammadsh - Created - 6843223	3		18	1
862	2021-06-25 07:16:30.17103+00	73	mohammadsh - Created - 7439525	3		18	1
863	2021-06-25 07:16:30.174176+00	72	mohammadsh - Created - 1126090	3		18	1
864	2021-06-25 07:16:30.179022+00	71	mohammadsh - Created - 7039566	3		18	1
865	2021-06-25 07:16:30.181986+00	70	admin - Created - 6990316	3		18	1
866	2021-06-25 07:16:30.184964+00	69	9107647361 - Created - 5938044	3		18	1
867	2021-06-25 07:16:30.188397+00	68	admin - Created - 5623975	3		18	1
868	2021-06-25 07:16:30.194016+00	67	admin - Created - 9924239	3		18	1
869	2021-06-25 07:16:30.197019+00	66	mohammadsh - Created - 7706117	3		18	1
870	2021-06-25 07:16:30.200134+00	64	mohammadsh - Created - 3757604	3		18	1
871	2021-06-25 07:16:30.20392+00	62	mohammadsh - Created - 5518728	3		18	1
872	2021-06-25 07:16:30.207881+00	59	mohammadsh - Created - 7828401	3		18	1
873	2021-06-25 07:16:30.210753+00	57	mohammadsh - Created - 7119880	3		18	1
874	2021-06-25 07:16:30.214065+00	47	admin - Created - 1438996	3		18	1
875	2021-06-25 07:16:30.216996+00	46	admin - Created - 3714676	3		18	1
876	2021-06-25 07:16:30.219815+00	45	mohammadsh - Created - 4831832	3		18	1
877	2021-06-25 07:16:30.222656+00	44	mohammadsh - Created - 9806230	3		18	1
878	2021-06-25 07:16:30.225859+00	43	admin - Created - 9248149	3		18	1
879	2021-06-25 07:16:30.228767+00	42	mohammadsh - Created - 6450012	3		18	1
880	2021-06-25 07:16:30.231382+00	41	mohammadsh - Created - 4532228	3		18	1
881	2021-06-25 07:16:30.234216+00	40	mohammadsh - Created - 8357934	3		18	1
882	2021-06-25 07:16:30.236973+00	39	mohammadsh - Created - 1908290587936997	3		18	1
883	2021-06-25 07:16:30.23969+00	38	9012679848 - Created - 2250289	3		18	1
884	2021-06-25 07:16:30.242636+00	37	9107647361 - Created - 4957345	3		18	1
885	2021-06-25 07:16:30.245306+00	36	9107647361 - Created - 1853427	3		18	1
886	2021-06-25 07:16:30.248043+00	35	9383236603 - Created - 3517619	3		18	1
887	2021-06-25 07:16:30.250773+00	34	9383236603 - Created - 2003457	3		18	1
888	2021-06-25 07:16:30.25361+00	33	9141881232 - Created - 4281736	3		18	1
889	2021-06-25 07:16:30.25669+00	32	9141881232 - Created - 4103545	3		18	1
890	2021-06-25 07:16:30.25942+00	31	9141881232 - Created - 9371753	3		18	1
891	2021-06-25 07:16:30.26221+00	30	9125502517 - Created - 4759439	3		18	1
892	2021-06-25 07:16:30.265723+00	29	9125502517 - Created - 2163222	3		18	1
893	2021-06-25 07:16:30.269114+00	28	9125502517 - Created - 2639365	3		18	1
894	2021-06-25 07:16:30.272108+00	27	admin - Created - 8083090	3		18	1
895	2021-06-25 07:16:30.275068+00	26	admin - Created - 6874727	3		18	1
896	2021-06-25 07:16:30.278094+00	25	admin - Created - 3319510	3		18	1
897	2021-06-25 07:16:30.28105+00	24	admin - Created - 4645213	3		18	1
898	2021-06-25 07:16:30.283927+00	23	mohammadsh - Created - 6971385	3		18	1
899	2021-06-25 07:16:30.286827+00	22	mohammadsh - Created - 1271777	3		18	1
900	2021-06-25 07:16:30.289773+00	21	mohammadsh - Created - 4673687	3		18	1
901	2021-06-25 07:16:30.293057+00	20	mohammadsh - Created - 8258936	3		18	1
902	2021-06-25 07:16:30.29614+00	19	mohammadsh - Created - 3665693	3		18	1
903	2021-06-25 07:16:30.299247+00	18	mohammadsh - Created - 7825151	3		18	1
904	2021-06-25 07:16:30.302488+00	17	mohammadsh - Created - 4065313	3		18	1
905	2021-06-25 07:16:30.305611+00	16	mohammadsh - Created - 3498093	3		18	1
906	2021-06-25 07:16:30.308467+00	15	mohammadsh - Created - 3904196	3		18	1
907	2021-06-25 07:16:30.311445+00	14	mohammadsh - Created - 3610556	3		18	1
908	2021-06-25 07:16:30.314796+00	13	mohammadsh - Created - 9650522	3		18	1
909	2021-06-25 07:16:30.318046+00	12	mohammadsh - Created - 6771923	3		18	1
910	2021-06-25 07:16:30.321248+00	11	9125502517 - Created - 2869833	3		18	1
911	2021-06-25 07:16:34.823387+00	10	mohammadsh - Created - 4035228	3		18	1
912	2021-06-25 07:16:34.829853+00	9	9125502517 - Created - 5420569	3		18	1
913	2021-06-25 07:16:34.833319+00	8	mohammadsh - Created - 8276897	3		18	1
914	2021-06-25 07:16:34.836355+00	7	9381029915 - Created - 2738018	3		18	1
915	2021-06-25 07:16:34.839246+00	6	9172701220 - Created - 7230939	3		18	1
916	2021-06-25 07:16:34.842362+00	5	9125502517 - Created - 9009234	3		18	1
917	2021-06-25 07:16:34.845724+00	4	9125502517 - Created - 4887482	3		18	1
918	2021-06-25 07:16:34.848632+00	3	9125502517 - Created - 6044733	3		18	1
919	2021-06-25 07:16:34.851363+00	2	9125502517 - Created - 8804932	3		18	1
920	2021-06-25 07:16:34.854361+00	1	9381029915 - Created - 1916436	3		18	1
921	2021-06-25 07:16:51.725235+00	9	   3	3		24	1
922	2021-06-25 07:16:51.729587+00	8		3		24	1
923	2021-06-25 07:16:51.73252+00	7	  	3		24	1
924	2021-06-25 07:16:51.736022+00	6	  	3		24	1
925	2021-06-25 07:16:51.740196+00	5		3		24	1
926	2021-06-25 07:16:51.743004+00	4	 	3		24	1
927	2021-06-25 07:16:51.746018+00	3	 	3		24	1
928	2021-06-25 07:16:51.7494+00	2	 	3		24	1
929	2021-06-25 07:16:51.753047+00	1	 	3		24	1
930	2021-06-25 07:17:52.903096+00	10	 	1	[{"added": {}}]	24	1
931	2021-06-25 07:17:56.305874+00	10	 	2	[{"changed": {"fields": ["\\u0632\\u0645\\u0627\\u0646 \\u0627\\u0631\\u0633\\u0627\\u0644"]}}]	24	1
932	2021-06-25 07:19:50.167807+00	12	test 2_90	3		26	1
933	2021-06-25 07:19:50.173064+00	11	test_90	3		26	1
934	2021-06-25 07:19:50.176252+00	10	50_50	3		26	1
935	2021-06-25 07:19:50.182639+00	9	50_50	3		26	1
936	2021-06-25 07:19:50.185786+00	8	50_50	3		26	1
937	2021-06-25 07:19:50.188824+00	7	  50 _50	3		26	1
938	2021-06-25 07:19:50.19198+00	6	p4_95	3		26	1
939	2021-06-25 07:19:50.194761+00	5	p3_95	3		26	1
940	2021-06-25 07:19:50.197821+00	4	p2_95	3		26	1
941	2021-06-25 07:19:50.201129+00	3	  90 _90	3		26	1
942	2021-06-25 07:20:01.054806+00	2	 	3		32	1
943	2021-07-12 20:35:49.269982+00	1	  : 0919	1	[{"added": {}}]	39	1
944	2021-07-12 20:37:50.107147+00	2	  : admin	1	[{"added": {}}]	38	1
945	2021-07-13 03:34:44.802344+00	2	  : admin	3		38	1
946	2021-07-13 03:34:44.809796+00	1	  : 123	3		38	1
947	2021-07-13 03:34:52.125871+00	1	  : 0919	3		39	1
948	2021-07-13 03:35:34.176572+00	2	  : admin	1	[{"added": {}}]	39	1
949	2021-07-13 03:35:48.789782+00	3	  : admin	1	[{"added": {}}]	39	1
950	2021-07-13 03:41:16.5613+00	16	9012679848	3		4	1
951	2021-07-13 15:29:01.157018+00	31	9012679848	2	[{"changed": {"fields": ["Is subscribed"]}}]	8	1
1105	2021-08-10 16:24:42.147333+00	62	9184058726	3		4	1
952	2021-07-13 15:30:27.442154+00	31	9012679848	2	[{"changed": {"fields": ["Is subscribed"]}}]	8	1
953	2021-07-13 15:30:45.912696+00	58	9012679848	1	[{"added": {}}]	9	1
954	2021-07-13 15:38:47.091545+00	35	09127450861	1	[{"added": {}}]	4	1
955	2021-07-13 16:00:10.003733+00	49	09127450861	3		38	1
956	2021-07-13 16:00:10.027222+00	48	9012679848	3		38	1
957	2021-07-13 16:00:10.031693+00	47	9012679848	3		38	1
958	2021-07-13 16:00:10.035603+00	46	9012679848	3		38	1
959	2021-07-13 16:00:10.040259+00	45	9012679848	3		38	1
960	2021-07-13 16:00:10.044132+00	44	9012679848	3		38	1
961	2021-07-13 16:00:10.047232+00	43	9012679848	3		38	1
962	2021-07-13 16:00:10.050661+00	42	9012679848	3		38	1
963	2021-07-13 16:00:10.054891+00	41	9012679848	3		38	1
964	2021-07-13 16:00:10.058029+00	11	9012679848	3		38	1
965	2021-07-13 16:00:10.060711+00	10	9012679848	3		38	1
966	2021-07-13 16:00:10.064239+00	9	9012679848	3		38	1
967	2021-07-13 16:00:10.067227+00	8	9012679848	3		38	1
968	2021-07-13 16:00:10.07021+00	7	9012679848	3		38	1
969	2021-07-13 16:00:10.073135+00	6	9012679848	3		38	1
970	2021-07-13 16:00:10.076389+00	5	9012679848	3		38	1
971	2021-07-13 16:00:10.079557+00	4	9012679848	3		38	1
972	2021-07-13 16:00:10.082738+00	3	9012679848	3		38	1
973	2021-07-13 16:00:25.637669+00	3	fgyuhtyujyt	3		39	1
974	2021-07-13 16:00:25.643662+00	2	invite_cod1	3		39	1
975	2021-07-13 16:06:22.807435+00	4	aaa_bbb	1	[{"added": {}}]	39	1
976	2021-07-13 16:16:35.381648+00	40	09199975655	1	[{"added": {}}]	4	1
977	2021-07-13 16:16:51.154698+00	50	09199975655	2	[{"changed": {"fields": ["Invited users"]}}]	38	1
978	2021-07-13 16:23:18.679449+00	50	09199975655	2	[{"changed": {"fields": ["Invitations"]}}]	38	1
979	2021-07-13 16:23:34.615333+00	50	09199975655	2	[{"changed": {"fields": ["Invitations"]}}]	38	1
980	2021-07-13 17:03:49.179504+00	4	aaa_bbb	3		39	1
981	2021-07-13 17:03:59.907829+00	5	aaa_bbb_c	1	[{"added": {}}]	39	1
982	2021-07-13 17:09:51.106038+00	6	welcome_to_new_world	1	[{"added": {}}]	39	1
983	2021-07-13 17:11:12.420095+00	35	09127450861	3		4	1
984	2021-07-13 17:11:12.42512+00	32	0919	3		4	1
985	2021-07-13 17:11:12.430338+00	28	09199975645	3		4	1
986	2021-07-13 17:11:12.433682+00	29	09199975646	3		4	1
987	2021-07-13 17:11:12.437222+00	31	09199975647	3		4	1
988	2021-07-13 17:11:12.440661+00	40	09199975655	3		4	1
989	2021-07-13 17:11:18.452183+00	33	123	3		4	1
990	2021-07-13 17:12:31.895085+00	31	9012679848	3		8	1
991	2021-07-13 17:12:31.900608+00	3	9125502517	3		8	1
992	2021-07-13 17:13:10.761871+00	34	9012679848	3		4	1
993	2021-07-13 17:13:10.768415+00	3	9125502517	3		4	1
994	2021-07-13 17:13:21.287049+00	20	9104696986	3		4	1
995	2021-07-13 17:17:41.702802+00	5	aaa_bbb_c	3		39	1
996	2021-07-13 17:17:47.302976+00	7	aaa_bbb_c	1	[{"added": {}}]	39	1
997	2021-07-13 17:29:11.487703+00	8	dsagfdg	1	[{"added": {}}]	39	1
998	2021-07-24 10:16:47.84235+00	13	Bloodshot | SE: 1 | Index: 1 | ID: 37 cnsr ID: 13	1	[{"added": {}}]	29	1
999	2021-07-24 10:40:36.841921+00	2	The Conjuring: The Devil Made Me Do It | SE: 1 | Index: 1 | ID: 79 cnsr ID: 2	3		30	1
1000	2021-07-24 10:40:44.293763+00	42	The Conjuring: The Devil Made Me Do It | SE: 1 | Index: 1 | ID: 79 cnsr ID: 42	3		28	1
1001	2021-07-24 10:40:52.536808+00	13	Bloodshot | SE: 1 | Index: 1 | ID: 37 cnsr ID: 13	3		29	1
1002	2021-07-24 10:40:52.541759+00	12	The Conjuring: The Devil Made Me Do It | SE: 1 | Index: 1 | ID: 79 cnsr ID: 12	3		29	1
1003	2021-07-24 10:41:05.21184+00	3	Bloodshot | SE: 1 | Index: 1 | ID: 37 cnsr ID: 3	1	[{"added": {}}]	30	1
1004	2021-07-24 10:41:11.41669+00	4	Onward | SE: 1 | Index: 1 | ID: 38 cnsr ID: 4	1	[{"added": {}}]	30	1
1005	2021-07-24 10:41:26.68397+00	43	Bloodshot | SE: 1 | Index: 1 | ID: 37 cnsr ID: 43	1	[{"added": {}}]	28	1
1006	2021-07-24 10:42:19.32357+00	44	Onward | SE: 1 | Index: 1 | ID: 38 cnsr ID: 44	1	[{"added": {}}]	28	1
1007	2021-07-24 10:42:36.888732+00	15	Bloodshot | SE: 1 | Index: 1 | ID: 37 cnsr ID: 15	1	[{"added": {}}]	29	1
1008	2021-07-24 11:27:29.374805+00	15	Bloodshot | SE: 1 | Index: 1 | ID: 37 cnsr ID: 15	3		29	1
1009	2021-07-24 11:27:36.169793+00	19	Bloodshot | SE: 1 | Index: 1 | ID: 37 cnsr ID: 19	1	[{"added": {}}]	29	1
1010	2021-07-24 11:27:44.361469+00	20	Enola Holmes | SE: 1 | Index: 1 | ID: 33 cnsr ID: 20	1	[{"added": {}}]	29	1
1011	2021-07-24 11:27:58.154058+00	21	Frozen | SE: 1 | Index: 1 | ID: 50 cnsr ID: 21	1	[{"added": {}}]	29	1
1012	2021-08-03 13:42:15.724398+00	115	Cruella | Type: 1 | ID: 115	2	[{"changed": {"fields": ["\\u0627\\u0645\\u062a\\u06cc\\u0627\\u0632 \\u06a9\\u0627\\u0631\\u0628\\u0631\\u0627\\u0646"]}}]	15	1
1013	2021-08-03 16:14:15.7047+00	3	admin	2	[]	9	1
1014	2021-08-03 16:21:03.863876+00	115	Cruella | Type: 1 | ID: 115	2	[{"changed": {"fields": ["\\u0627\\u0645\\u062a\\u06cc\\u0627\\u0632 \\u06a9\\u0627\\u0631\\u0628\\u0631\\u0627\\u0646", "Img1536x778"]}}]	15	1
1015	2021-08-03 18:02:26.839367+00	51		2	[{"changed": {"fields": ["\\u062a\\u0635\\u0648\\u06cc\\u0631 \\u062f\\u0633\\u062a\\u0647 \\u0628\\u0646\\u062f\\u06cc"]}}]	11	1
1016	2021-08-03 18:29:09.782312+00	14	mohammadsh	3		9	1
1017	2021-08-03 18:29:09.809874+00	4	9224286054	3		9	1
1018	2021-08-03 18:29:09.816333+00	3	admin	3		9	1
1019	2021-08-03 18:29:09.822513+00	1	9381029915	3		9	1
1020	2021-08-03 18:29:56.292215+00	59	admin	1	[{"added": {}}]	9	1
1021	2021-08-04 03:46:23.291213+00	26		2	[{"changed": {"fields": ["\\u062a\\u0635\\u0648\\u06cc\\u0631 \\u062f\\u0633\\u062a\\u0647 \\u0628\\u0646\\u062f\\u06cc"]}}]	11	1
1022	2021-08-04 03:47:02.124546+00	34		2	[{"changed": {"fields": ["\\u062a\\u0635\\u0648\\u06cc\\u0631 \\u062f\\u0633\\u062a\\u0647 \\u0628\\u0646\\u062f\\u06cc"]}}]	11	1
1023	2021-08-04 03:47:43.292483+00	34		2	[{"changed": {"fields": ["\\u062a\\u0635\\u0648\\u06cc\\u0631 \\u062f\\u0633\\u062a\\u0647 \\u0628\\u0646\\u062f\\u06cc"]}}]	11	1
1024	2021-08-04 03:48:01.113815+00	39		2	[{"changed": {"fields": ["\\u062a\\u0635\\u0648\\u06cc\\u0631 \\u062f\\u0633\\u062a\\u0647 \\u0628\\u0646\\u062f\\u06cc"]}}]	11	1
1025	2021-08-04 03:48:29.495896+00	30		2	[{"changed": {"fields": ["\\u062a\\u0635\\u0648\\u06cc\\u0631 \\u062f\\u0633\\u062a\\u0647 \\u0628\\u0646\\u062f\\u06cc"]}}]	11	1
1026	2021-08-04 03:48:54.751731+00	33		2	[{"changed": {"fields": ["\\u062a\\u0635\\u0648\\u06cc\\u0631 \\u062f\\u0633\\u062a\\u0647 \\u0628\\u0646\\u062f\\u06cc"]}}]	11	1
1027	2021-08-04 03:49:15.410009+00	28		2	[{"changed": {"fields": ["\\u062a\\u0635\\u0648\\u06cc\\u0631 \\u062f\\u0633\\u062a\\u0647 \\u0628\\u0646\\u062f\\u06cc"]}}]	11	1
1028	2021-08-04 03:49:58.1705+00	32		2	[{"changed": {"fields": ["\\u062a\\u0635\\u0648\\u06cc\\u0631 \\u062f\\u0633\\u062a\\u0647 \\u0628\\u0646\\u062f\\u06cc"]}}]	11	1
1106	2021-08-10 16:31:24.820204+00	63	9184058726	3		4	1
1107	2021-08-10 16:34:52.595738+00	64	9184058726	3		4	1
1029	2021-08-04 03:50:14.538214+00	38		2	[{"changed": {"fields": ["\\u062a\\u0635\\u0648\\u06cc\\u0631 \\u062f\\u0633\\u062a\\u0647 \\u0628\\u0646\\u062f\\u06cc"]}}]	11	1
1030	2021-08-04 03:50:27.363242+00	32		2	[{"changed": {"fields": ["\\u062a\\u0635\\u0648\\u06cc\\u0631 \\u062f\\u0633\\u062a\\u0647 \\u0628\\u0646\\u062f\\u06cc"]}}]	11	1
1031	2021-08-04 03:50:58.0303+00	29		2	[{"changed": {"fields": ["\\u062a\\u0635\\u0648\\u06cc\\u0631 \\u062f\\u0633\\u062a\\u0647 \\u0628\\u0646\\u062f\\u06cc"]}}]	11	1
1032	2021-08-04 03:52:30.649539+00	35		2	[{"changed": {"fields": ["\\u062a\\u0635\\u0648\\u06cc\\u0631 \\u062f\\u0633\\u062a\\u0647 \\u0628\\u0646\\u062f\\u06cc"]}}]	11	1
1033	2021-08-04 03:52:46.767055+00	36	 	2	[{"changed": {"fields": ["\\u062a\\u0635\\u0648\\u06cc\\u0631 \\u062f\\u0633\\u062a\\u0647 \\u0628\\u0646\\u062f\\u06cc"]}}]	11	1
1034	2021-08-04 03:52:56.904802+00	37	 	2	[{"changed": {"fields": ["\\u062a\\u0635\\u0648\\u06cc\\u0631 \\u062f\\u0633\\u062a\\u0647 \\u0628\\u0646\\u062f\\u06cc"]}}]	11	1
1035	2021-08-04 03:53:05.685918+00	42	  	2	[{"changed": {"fields": ["\\u062a\\u0635\\u0648\\u06cc\\u0631 \\u062f\\u0633\\u062a\\u0647 \\u0628\\u0646\\u062f\\u06cc"]}}]	11	1
1036	2021-08-04 03:53:17.036976+00	41	 	2	[{"changed": {"fields": ["\\u062a\\u0635\\u0648\\u06cc\\u0631 \\u062f\\u0633\\u062a\\u0647 \\u0628\\u0646\\u062f\\u06cc"]}}]	11	1
1037	2021-08-04 03:53:32.447711+00	40		2	[{"changed": {"fields": ["\\u062a\\u0635\\u0648\\u06cc\\u0631 \\u062f\\u0633\\u062a\\u0647 \\u0628\\u0646\\u062f\\u06cc"]}}]	11	1
1038	2021-08-04 03:53:52.126443+00	43		2	[{"changed": {"fields": ["\\u062a\\u0635\\u0648\\u06cc\\u0631 \\u062f\\u0633\\u062a\\u0647 \\u0628\\u0646\\u062f\\u06cc"]}}]	11	1
1039	2021-08-04 03:54:03.025294+00	44	 	2	[{"changed": {"fields": ["\\u062a\\u0635\\u0648\\u06cc\\u0631 \\u062f\\u0633\\u062a\\u0647 \\u0628\\u0646\\u062f\\u06cc"]}}]	11	1
1040	2021-08-04 03:54:18.271304+00	46	 	2	[{"changed": {"fields": ["\\u062a\\u0635\\u0648\\u06cc\\u0631 \\u062f\\u0633\\u062a\\u0647 \\u0628\\u0646\\u062f\\u06cc"]}}]	11	1
1041	2021-08-04 03:55:09.04163+00	47		2	[{"changed": {"fields": ["\\u062a\\u0635\\u0648\\u06cc\\u0631 \\u062f\\u0633\\u062a\\u0647 \\u0628\\u0646\\u062f\\u06cc"]}}]	11	1
1042	2021-08-04 03:55:18.52867+00	48	 	2	[{"changed": {"fields": ["\\u062a\\u0635\\u0648\\u06cc\\u0631 \\u062f\\u0633\\u062a\\u0647 \\u0628\\u0646\\u062f\\u06cc"]}}]	11	1
1043	2021-08-04 03:56:15.309077+00	45		2	[{"changed": {"fields": ["\\u062a\\u0635\\u0648\\u06cc\\u0631 \\u062f\\u0633\\u062a\\u0647 \\u0628\\u0646\\u062f\\u06cc"]}}]	11	1
1044	2021-08-04 03:56:35.373647+00	49		2	[{"changed": {"fields": ["\\u062a\\u0635\\u0648\\u06cc\\u0631 \\u062f\\u0633\\u062a\\u0647 \\u0628\\u0646\\u062f\\u06cc"]}}]	11	1
1045	2021-08-04 03:57:11.133851+00	27		2	[{"changed": {"fields": ["\\u062a\\u0635\\u0648\\u06cc\\u0631 \\u062f\\u0633\\u062a\\u0647 \\u0628\\u0646\\u062f\\u06cc"]}}]	11	1
1046	2021-08-04 03:57:30.221761+00	50		2	[{"changed": {"fields": ["\\u062a\\u0635\\u0648\\u06cc\\u0631 \\u062f\\u0633\\u062a\\u0647 \\u0628\\u0646\\u062f\\u06cc"]}}]	11	1
1047	2021-08-04 03:57:40.902574+00	31		2	[{"changed": {"fields": ["\\u062a\\u0635\\u0648\\u06cc\\u0631 \\u062f\\u0633\\u062a\\u0647 \\u0628\\u0646\\u062f\\u06cc"]}}]	11	1
1048	2021-08-04 04:14:31.615502+00	3	admin - The Midnight Sky	1	[{"added": {}}]	20	1
1049	2021-08-04 04:14:44.335788+00	4	admin - Underwater	1	[{"added": {}}]	20	1
1050	2021-08-04 04:15:16.012879+00	13	9384104825 - Friends: The Reunion	1	[{"added": {}}]	23	1
1051	2021-08-04 04:15:27.454709+00	14	9384104825 - Bloodshot	1	[{"added": {}}]	23	1
1052	2021-08-08 03:51:08.569934+00	42	9184058726	3		8	1
1053	2021-08-08 03:51:08.589597+00	41	9906901192	3		8	1
1054	2021-08-08 03:51:08.593913+00	40	9384104825	3		8	1
1055	2021-08-08 03:51:08.597619+00	39	9012679848	3		8	1
1056	2021-08-08 03:51:08.601869+00	38	9125502517	3		8	1
1057	2021-08-08 03:51:08.606339+00	25	alireza	3		8	1
1058	2021-08-08 03:51:08.609745+00	24	arian	3		8	1
1059	2021-08-08 03:51:08.613147+00	23	9179302656	3		8	1
1060	2021-08-08 03:51:08.6163+00	22	9381818358	3		8	1
1061	2021-08-08 03:51:08.619578+00	21	9224286054	3		8	1
1062	2021-08-08 03:51:08.623127+00	18	9383236603	3		8	1
1063	2021-08-08 03:51:08.626438+00	17	9141881232	3		8	1
1064	2021-08-08 03:51:08.629678+00	15	9107647361	3		8	1
1065	2021-08-08 03:51:08.632972+00	14	9123456789	3		8	1
1066	2021-08-08 03:51:08.636355+00	13	9172701220	3		8	1
1067	2021-08-08 03:51:08.640112+00	12	98989898965	3		8	1
1068	2021-08-08 03:51:08.644517+00	11	mohammadsh	3		8	1
1069	2021-08-08 03:51:08.647787+00	10	9193158088	3		8	1
1070	2021-08-08 03:51:08.651455+00	7	9381029915	3		8	1
1071	2021-08-08 03:51:30.951361+00	42	9012679848	3		4	1
1072	2021-08-08 03:51:30.956684+00	15	9107647361	3		4	1
1073	2021-08-08 03:51:30.960307+00	14	9123456789	3		4	1
1074	2021-08-08 03:51:30.963616+00	41	9125502517	3		4	1
1075	2021-08-08 03:51:30.967106+00	17	9141881232	3		4	1
1076	2021-08-08 03:51:30.970626+00	13	9172701220	3		4	1
1077	2021-08-08 03:51:30.974192+00	24	9179302656	3		4	1
1078	2021-08-08 03:51:30.977649+00	45	9184058726	3		4	1
1079	2021-08-08 03:51:30.981421+00	10	9193158088	3		4	1
1080	2021-08-08 03:51:30.985345+00	21	9224286054	3		4	1
1081	2021-08-08 03:51:30.989499+00	7	9381029915	3		4	1
1082	2021-08-08 03:51:30.993468+00	23	9381818358	3		4	1
1083	2021-08-08 03:51:30.997592+00	18	9383236603	3		4	1
1084	2021-08-08 03:51:31.00205+00	43	9384104825	3		4	1
1085	2021-08-08 03:51:31.006192+00	12	98989898965	3		4	1
1086	2021-08-08 03:51:31.009704+00	44	9906901192	3		4	1
1087	2021-08-08 03:51:31.013448+00	26	alireza	3		4	1
1088	2021-08-08 03:51:31.016677+00	25	arian	3		4	1
1089	2021-08-08 03:51:31.022809+00	11	mohammadsh	3		4	1
1090	2021-08-08 16:04:15.32196+00	115	Cruella | Type: 1 | ID: 115	2	[{"changed": {"fields": ["\\u0627\\u0645\\u062a\\u06cc\\u0627\\u0632 \\u06a9\\u0627\\u0631\\u0628\\u0631\\u0627\\u0646", "Img300x300"]}}]	15	1
1091	2021-08-08 18:58:40.396151+00	46	9125502517	3		4	1
1092	2021-08-09 11:14:55.139975+00	51	9125502517	3		4	1
1093	2021-08-10 04:18:29.573212+00	54	9184058726	3		4	1
1094	2021-08-10 04:53:07.285612+00	55	9184058726	3		4	1
1095	2021-08-10 14:49:54.858677+00	58	9012679848	3		4	1
1096	2021-08-10 14:49:54.876618+00	52	9125502517	3		4	1
1097	2021-08-10 14:49:54.881896+00	53	9125606529	3		4	1
1098	2021-08-10 14:49:54.886231+00	56	9183162175	3		4	1
1099	2021-08-10 14:49:54.889943+00	57	9184058726	3		4	1
1100	2021-08-10 14:49:54.893804+00	48	938 410 4825	3		4	1
1101	2021-08-10 14:49:54.897351+00	49	9381029915	3		4	1
1102	2021-08-10 14:49:54.900455+00	47	9384104825	3		4	1
1103	2021-08-10 14:49:54.904082+00	50	9397387609	3		4	1
1104	2021-08-10 16:18:06.259257+00	61	9184058726	3		4	1
1108	2021-08-10 16:36:57.857658+00	65	9184058726	3		4	1
1109	2021-08-10 16:37:58.379462+00	66	9184058726	3		4	1
1110	2021-08-10 16:42:54.204667+00	67	9184058726	3		4	1
1111	2021-08-10 17:24:31.726228+00	69	siavash	1	[{"added": {}}]	4	1
1112	2021-08-10 17:24:57.036687+00	69	siavash	2	[{"changed": {"fields": ["Staff status", "Superuser status", "User permissions", "Last login"]}}]	4	1
1113	2021-08-12 09:43:45.502391+00	51		2	[{"changed": {"fields": ["\\u062a\\u0635\\u0648\\u06cc\\u0631 \\u062f\\u0633\\u062a\\u0647 \\u0628\\u0646\\u062f\\u06cc"]}}]	11	1
1114	2021-08-12 10:00:28.477024+00	50		2	[{"changed": {"fields": ["\\u062a\\u0635\\u0648\\u06cc\\u0631 \\u062f\\u0633\\u062a\\u0647 \\u0628\\u0646\\u062f\\u06cc"]}}]	11	1
1115	2021-08-12 15:53:40.242594+00	132	Jungle Cruise | Type: 1 | ID: 132	2	[{"changed": {"fields": ["\\u062f\\u0633\\u062a\\u0647 \\u0628\\u0646\\u062f\\u06cc \\u0648 \\u0698\\u0627\\u0646\\u0631", "\\u0646\\u0627\\u0645 \\u0641\\u0627\\u0631\\u0633\\u06cc", "\\u062e\\u0644\\u0627\\u0635\\u0647 \\u0641\\u06cc\\u0644\\u0645", "\\u0627\\u0645\\u062a\\u06cc\\u0627\\u0632 \\u06a9\\u0627\\u0631\\u0628\\u0631\\u0627\\u0646", "\\u0645\\u062f\\u062a \\u0632\\u0645\\u0627\\u0646 \\u0641\\u06cc\\u0644\\u0645", "\\u062f\\u0631\\u062c\\u0647 \\u0628\\u0646\\u062f\\u06cc \\u0633\\u0646\\u06cc", "Img1536x778", "Img300x300"]}}]	15	1
1116	2021-08-12 15:55:34.482334+00	132	Jungle Cruise | Type: 1 | ID: 132	2	[{"changed": {"fields": ["\\u0627\\u0645\\u062a\\u06cc\\u0627\\u0632 \\u06a9\\u0627\\u0631\\u0628\\u0631\\u0627\\u0646", "Page url"]}}]	15	1
1117	2021-08-12 16:38:53.956487+00	132	Jungle Cruise | Type: 1 | ID: 132	2	[{"changed": {"fields": ["\\u0627\\u0645\\u062a\\u06cc\\u0627\\u0632 \\u06a9\\u0627\\u0631\\u0628\\u0631\\u0627\\u0646", "Img300x300"]}}]	15	1
1118	2021-08-12 16:39:53.76723+00	132	Jungle Cruise | Type: 1 | ID: 132	2	[{"changed": {"fields": ["\\u0627\\u0645\\u062a\\u06cc\\u0627\\u0632 \\u06a9\\u0627\\u0631\\u0628\\u0631\\u0627\\u0646", "Img300x300"]}}]	15	1
1119	2021-08-16 06:15:14.932245+00	1	admin	2	[]	4	1
1120	2021-08-16 06:17:00.503316+00	1	admin	2	[{"changed": {"fields": ["First name", "Last name"]}}]	4	1
1121	2021-08-17 10:01:48.44784+00	19	F9 - admin - 1	2	[{"changed": {"fields": ["Status"]}}]	22	1
1122	2021-08-17 11:33:28.270892+00	20	Always Be My Maybe - admin - 1	2	[{"changed": {"fields": ["Status"]}}]	22	1
1123	2021-08-21 17:21:53.122741+00	71	ah_test	1	[{"added": {}}]	4	1
1124	2021-08-21 17:22:38.914113+00	60	ah_test	1	[{"added": {}}]	9	1
1125	2021-08-24 17:22:28.081159+00	98	Maleficent: Mistress of Evil | Type: 1 | ID: 98	2	[{"changed": {"fields": ["\\u0627\\u0645\\u062a\\u06cc\\u0627\\u0632 \\u06a9\\u0627\\u0631\\u0628\\u0631\\u0627\\u0646"]}}]	15	1
1126	2021-08-24 17:23:33.345002+00	98	Maleficent: Mistress of Evil | Type: 1 | ID: 98	2	[{"changed": {"fields": ["\\u0627\\u0645\\u062a\\u06cc\\u0627\\u0632 \\u06a9\\u0627\\u0631\\u0628\\u0631\\u0627\\u0646", "Page url"]}}]	15	1
1127	2021-08-25 16:11:16.24218+00	97	Maleficent | Type: 1 | ID: 97	2	[{"changed": {"fields": ["\\u0627\\u0645\\u062a\\u06cc\\u0627\\u0632 \\u06a9\\u0627\\u0631\\u0628\\u0631\\u0627\\u0646"]}}]	15	1
1128	2021-08-25 16:12:28.928353+00	97	Maleficent | Type: 1 | ID: 97	2	[{"changed": {"fields": ["\\u0627\\u0645\\u062a\\u06cc\\u0627\\u0632 \\u06a9\\u0627\\u0631\\u0628\\u0631\\u0627\\u0646", "\\u062a\\u0635\\u0648\\u06cc\\u0631 \\u0627\\u0646\\u06af\\u0634\\u062a\\u06cc \\u0641\\u06cc\\u0644\\u0645"]}}]	15	1
1129	2021-08-26 18:52:51.114398+00	75	9012679848	3		4	1
1130	2021-08-27 11:31:40.246512+00	13	test_50	1	[{"added": {}}]	26	1
1131	2021-08-27 11:35:01.468098+00	14	CheckUserDiscount object (14)	1	[{"added": {}}]	27	1
1132	2021-08-27 11:36:05.419447+00	14	CheckUserDiscount object (14)	3		27	1
1133	2021-08-27 11:36:23.399132+00	13	test_50	2	[{"changed": {"fields": ["\\u0641\\u0639\\u0627\\u0644 \\u0627\\u0632", "\\u0632\\u0645\\u0627\\u0646 \\u067e\\u0627\\u06cc\\u0627\\u0646"]}}]	26	1
1134	2021-08-27 11:37:49.763254+00	3	11	1	[{"added": {}}]	32	1
1135	2021-08-29 14:19:30.045171+00	74	54654416546	3		4	1
1136	2021-08-29 14:19:30.066967+00	73	9543	3		4	1
1137	2021-08-29 14:19:30.071524+00	71	ah_test	3		4	1
1138	2021-08-29 14:19:30.075214+00	69	siavash	3		4	1
1139	2021-08-29 14:20:17.239712+00	13	test_50	3		26	1
1140	2021-08-29 14:20:50.953761+00	14	eva50_90	1	[{"added": {}}]	26	1
1141	2021-08-29 14:20:59.811574+00	14	eva90_90	2	[{"changed": {"fields": ["\\u0639\\u0646\\u0648\\u0627\\u0646 \\u06a9\\u062f \\u062a\\u062e\\u0641\\u06cc\\u0641", "\\u06a9\\u062f \\u062a\\u062e\\u0641\\u06cc\\u0641"]}}]	26	1
1142	2021-08-29 14:22:38.595922+00	1	p1 -   	2	[{"changed": {"fields": ["Valid days"]}}]	7	1
1143	2021-08-29 14:28:14.445629+00	15	CheckUserDiscount object (15)	3		27	1
1144	2021-08-29 14:29:28.331526+00	61	9012679848	3		9	1
1145	2021-08-29 14:33:46.922158+00	7	test -   	1	[{"added": {}}]	7	1
1146	2021-08-29 14:35:30.901571+00	16	CheckUserDiscount object (16)	3		27	1
1147	2021-08-29 14:35:38.416507+00	62	9012679848	3		9	1
1148	2021-08-29 14:38:25.677126+00	15	eva91_90	1	[{"added": {}}]	26	1
1149	2021-08-29 14:42:01.327902+00	16	eva92_90	1	[{"added": {}}]	26	1
1150	2021-08-29 14:46:37.198187+00	19	CheckUserDiscount object (19)	3		27	1
1151	2021-08-29 14:46:37.206302+00	18	CheckUserDiscount object (18)	3		27	1
1152	2021-08-29 14:46:37.210108+00	17	CheckUserDiscount object (17)	3		27	1
1153	2021-08-29 14:47:03.604081+00	63	9012679848	3		9	1
1154	2021-08-29 16:10:00.873836+00	22	CheckUserDiscount object (22)	3		27	1
1155	2021-08-29 16:10:00.895845+00	21	CheckUserDiscount object (21)	3		27	1
1156	2021-08-29 16:10:00.90143+00	20	CheckUserDiscount object (20)	3		27	1
1157	2021-08-29 16:10:09.76917+00	64	9012679848	3		9	1
1158	2021-08-29 16:28:35.300538+00	65	9012679848	3		9	1
1159	2021-08-29 16:29:24.984829+00	8	v4 -     50 	1	[{"added": {}}]	7	1
1160	2021-08-29 16:30:39.065615+00	24	CheckUserDiscount object (24)	3		27	1
1161	2021-08-29 16:30:39.073234+00	23	CheckUserDiscount object (23)	3		27	1
1162	2021-08-30 06:19:33.402123+00	67	9381029915	2	[{"changed": {"fields": ["Start date", "End date"]}}]	9	1
1163	2021-08-30 06:19:59.553043+00	67	9381029915	2	[{"changed": {"fields": ["End date"]}}]	9	1
1164	2021-08-30 06:35:29.378201+00	67	9381029915	2	[{"changed": {"fields": ["End date"]}}]	9	1
1165	2021-08-30 06:43:40.528728+00	67	9381029915	2	[{"changed": {"fields": ["End date"]}}]	9	1
\.


--
-- Data for Name: django_content_type; Type: TABLE DATA; Schema: public; Owner: evafilm_user
--

COPY public.django_content_type (id, app_label, model) FROM stdin;
1	admin	logentry
2	auth	permission
3	auth	group
4	auth	user
5	contenttypes	contenttype
6	sessions	session
7	accounts	subscriptionplan
8	accounts	userprofile
9	accounts	subscription
10	movies	actor
11	movies	category
12	movies	contact
13	movies	country
14	movies	director
15	movies	playlist
16	movies	season
17	movies	episode
18	payments	transaction
19	api	videoedit
20	api	likedplaylist
21	api	historyplaylist
22	api	comment
23	api	bookmarkplaylist
24	send_message	send_message
25	sites	site
26	discount_app	discount
27	discount_app	checkuserdiscount
28	cnsr	startappcnsr
29	cnsr	middelappcnsr
30	cnsr	endappcnsr
31	robots_txt	robots
32	giftcard	giftcard
33	giftcard	giftcard_related_to_user
34	introduction_code	registericode
35	introduction_code	icode
36	invite_code	invitecode
37	invitor	profile
38	invitor	invitor_code
39	invitor	generated_invitor_code
\.


--
-- Data for Name: django_migrations; Type: TABLE DATA; Schema: public; Owner: evafilm_user
--

COPY public.django_migrations (id, app, name, applied) FROM stdin;
1	contenttypes	0001_initial	2021-05-08 07:19:03.19724+00
2	auth	0001_initial	2021-05-08 07:19:03.46675+00
3	accounts	0001_initial	2021-05-08 07:19:03.589205+00
4	admin	0001_initial	2021-05-08 07:19:03.667193+00
5	admin	0002_logentry_remove_auto_add	2021-05-08 07:19:03.685955+00
6	admin	0003_logentry_add_action_flag_choices	2021-05-08 07:19:03.70535+00
7	movies	0001_initial	2021-05-08 07:19:04.485901+00
8	api	0001_initial	2021-05-08 07:19:05.283254+00
9	contenttypes	0002_remove_content_type_name	2021-05-08 07:19:05.351093+00
10	auth	0002_alter_permission_name_max_length	2021-05-08 07:19:05.395926+00
11	auth	0003_alter_user_email_max_length	2021-05-08 07:19:05.448138+00
12	auth	0004_alter_user_username_opts	2021-05-08 07:19:05.517459+00
13	auth	0005_alter_user_last_login_null	2021-05-08 07:19:05.594104+00
14	auth	0006_require_contenttypes_0002	2021-05-08 07:19:05.603723+00
15	auth	0007_alter_validators_add_error_messages	2021-05-08 07:19:05.670521+00
16	auth	0008_alter_user_username_max_length	2021-05-08 07:19:05.74369+00
17	auth	0009_alter_user_last_name_max_length	2021-05-08 07:19:05.782999+00
18	auth	0010_alter_group_name_max_length	2021-05-08 07:19:05.831952+00
19	auth	0011_update_proxy_permissions	2021-05-08 07:19:05.897102+00
20	auth	0012_alter_user_first_name_max_length	2021-05-08 07:19:05.939686+00
21	payments	0001_initial	2021-05-08 07:19:06.052121+00
22	sessions	0001_initial	2021-05-08 07:19:06.107576+00
23	movies	0002_auto_20210508_1151	2021-05-08 07:21:34.843126+00
24	movies	0003_auto_20210508_1938	2021-05-08 15:08:23.299834+00
25	movies	0004_alter_actor_thumb_image	2021-05-11 04:18:47.201704+00
26	movies	0005_alter_actor_thumb_image	2021-05-11 04:19:25.811093+00
27	movies	0006_auto_20210602_2116	2021-06-02 17:24:58.137589+00
28	send_message	0001_initial	2021-06-02 17:24:58.306841+00
29	api	0002_videoedit_censor_times	2021-06-03 08:49:42.64717+00
30	movies	0007_auto_20210603_1319	2021-06-03 08:49:42.753567+00
31	api	0003_alter_videoedit_censor_times	2021-06-03 15:59:31.385757+00
32	movies	0008_auto_20210603_2029	2021-06-03 15:59:31.546165+00
33	movies	0009_alter_playlist_users_score	2021-06-08 13:34:06.641058+00
34	movies	0010_alter_playlist_users_score	2021-06-08 13:53:49.707312+00
35	movies	0011_alter_playlist_year	2021-06-09 08:18:07.023041+00
36	sites	0001_initial	2021-06-12 08:09:47.382314+00
37	sites	0002_alter_domain_unique	2021-06-12 08:09:47.425502+00
38	accounts	0002_auto_20210617_0023	2021-06-16 19:54:01.610627+00
39	cnsr	0001_initial	2021-06-16 19:54:01.9351+00
40	cnsr	0002_auto_20210617_0023	2021-06-16 19:54:02.111338+00
41	discount_app	0001_initial	2021-06-16 19:54:02.225892+00
42	discount_app	0002_auto_20210615_1509	2021-06-16 19:54:02.268259+00
43	discount_app	0003_auto_20210616_2059	2021-06-16 19:54:02.462073+00
44	accounts	0003_alter_subscriptionplan_spacial_id	2021-06-16 20:45:06.008354+00
45	accounts	0004_alter_subscriptionplan_spacial_id	2021-06-16 21:06:29.115654+00
46	accounts	0005_alter_subscriptionplan_spacial_id	2021-06-17 12:18:21.13519+00
47	accounts	0006_alter_subscriptionplan_spacial_id	2021-06-17 13:47:19.134837+00
48	accounts	0007_alter_subscriptionplan_spacial_id	2021-06-17 13:47:36.951581+00
49	accounts	0008_alter_subscriptionplan_spacial_id	2021-06-17 15:27:41.573228+00
50	accounts	0009_alter_subscriptionplan_spacial_id	2021-06-17 15:27:41.590599+00
51	accounts	0010_alter_subscriptionplan_spacial_id	2021-06-17 15:31:02.958103+00
52	accounts	0011_alter_subscriptionplan_spacial_id	2021-06-17 15:35:58.131163+00
53	accounts	0012_alter_subscriptionplan_spacial_id	2021-06-17 15:55:36.867401+00
54	accounts	0013_alter_subscriptionplan_spacial_id	2021-06-17 15:55:53.912977+00
55	accounts	0014_alter_subscriptionplan_spacial_id	2021-06-17 16:05:43.482855+00
56	accounts	0015_alter_subscriptionplan_spacial_id	2021-06-17 16:14:44.10604+00
57	accounts	0016_alter_subscriptionplan_spacial_id	2021-06-17 16:14:44.129717+00
58	accounts	0017_alter_subscriptionplan_spacial_id	2021-06-17 16:16:23.091352+00
59	accounts	0018_alter_subscriptionplan_spacial_id	2021-06-17 16:19:45.314771+00
60	cnsr	0002_startappcnsr_s	2021-06-17 16:19:45.374971+00
61	accounts	0019_alter_subscriptionplan_spacial_id	2021-06-18 14:06:51.243499+00
62	accounts	0020_alter_subscriptionplan_spacial_id	2021-06-18 14:24:27.270633+00
63	accounts	0021_alter_subscriptionplan_spacial_id	2021-06-19 18:19:52.399176+00
64	cnsr	0002_alter_middelappcnsr_options	2021-06-19 18:19:52.478949+00
65	robots_txt	0001_initial	2021-06-19 18:19:52.580558+00
66	robots_txt	0002_auto_20210619_2139	2021-06-19 18:19:52.597682+00
67	robots_txt	0003_alter_robots_value	2021-06-19 18:19:52.60634+00
68	robots_txt	0004_alter_robots_select_type	2021-06-19 18:19:52.616065+00
69	robots_txt	0005_alter_robots_id	2021-06-19 18:19:52.653313+00
70	accounts	0022_alter_subscriptionplan_spacial_id	2021-06-19 19:44:21.193477+00
71	cnsr	0003_auto_20210620_0014	2021-06-19 19:44:21.25664+00
72	accounts	0023_alter_subscriptionplan_spacial_id	2021-06-20 16:10:05.178269+00
73	accounts	0024_alter_subscriptionplan_spacial_id	2021-06-20 16:10:05.195552+00
74	accounts	0025_alter_subscriptionplan_spacial_id	2021-06-20 16:10:05.206789+00
75	giftcard	0001_initial	2021-06-20 16:10:05.566559+00
76	giftcard	0002_auto_20210620_2006	2021-06-20 16:10:05.744446+00
77	giftcard	0003_giftcard_giftcard_related_to_user	2021-06-20 16:10:05.92952+00
78	giftcard	0004_alter_giftcard_code	2021-06-20 16:10:05.953562+00
79	giftcard	0005_alter_giftcard_code	2021-06-20 16:10:05.981361+00
80	giftcard	0006_alter_giftcard_code	2021-06-20 16:10:06.000826+00
81	giftcard	0007_alter_giftcard_code	2021-06-20 16:10:06.019247+00
82	giftcard	0008_alter_giftcard_code	2021-06-20 16:10:06.037524+00
83	giftcard	0009_alter_giftcard_code	2021-06-20 16:10:06.056642+00
84	accounts	0026_alter_subscriptionplan_spacial_id	2021-06-20 17:04:30.224276+00
85	giftcard	0010_alter_giftcard_code	2021-06-20 17:04:30.253422+00
86	movies	0002_auto_20210621_2000	2021-06-21 15:33:10.190695+00
87	accounts	0027_alter_subscriptionplan_spacial_id	2021-06-30 14:22:25.216342+00
88	giftcard	0011_alter_giftcard_code	2021-06-30 14:22:25.326398+00
89	introduction_code	0001_initial	2021-06-30 14:22:25.486863+00
90	introduction_code	0002_auto_20210628_1422	2021-06-30 14:22:25.533683+00
91	introduction_code	0003_auto_20210630_1850	2021-06-30 14:22:25.694275+00
92	giftcard	0012_alter_giftcard_code	2021-06-30 16:26:56.624988+00
93	invite_code	0001_initial	2021-06-30 16:26:56.729239+00
94	giftcard	0013_alter_giftcard_code	2021-06-30 17:29:59.965763+00
95	invite_code	0002_alter_invitecode_invite_code	2021-06-30 17:30:00.007643+00
96	giftcard	0014_alter_giftcard_code	2021-06-30 17:33:06.792445+00
97	giftcard	0015_alter_giftcard_code	2021-07-12 19:38:29.093708+00
98	giftcard	0016_alter_giftcard_code	2021-07-12 19:57:49.416368+00
99	invitor	0001_initial	2021-07-12 20:04:37.405407+00
100	accounts	0028_userprofile_is_censor_on	2021-07-13 15:14:49.484135+00
101	giftcard	0017_alter_giftcard_code	2021-07-13 15:14:49.515185+00
102	invitor	0002_auto_20210713_2027	2021-07-13 15:58:06.06428+00
103	giftcard	0018_alter_giftcard_code	2021-07-24 10:49:54.568806+00
104	invitor	0003_auto_20210724_1519	2021-07-24 10:49:54.780016+00
105	giftcard	0019_alter_giftcard_code	2021-08-03 08:15:23.395162+00
106	movies	0003_playlist_img1536x778	2021-08-03 08:15:23.494891+00
107	giftcard	0020_alter_giftcard_code	2021-08-03 17:19:44.233982+00
108	movies	0004_category_image	2021-08-03 17:19:44.334215+00
109	giftcard	0021_alter_giftcard_code	2021-08-08 04:54:57.315239+00
110	movies	0005_playlist_img300x300	2021-08-08 04:54:57.383966+00
111	accounts	0029_auto_20210812_2217	2021-08-12 17:47:55.3813+00
112	giftcard	0022_alter_giftcard_code	2021-08-12 17:47:55.413581+00
113	movies	0006_auto_20210812_2217	2021-08-12 17:47:55.751651+00
114	giftcard	0023_alter_giftcard_code	2021-08-19 15:36:44.63803+00
115	giftcard	0024_alter_giftcard_code	2021-08-20 08:34:21.081552+00
\.


--
-- Data for Name: django_session; Type: TABLE DATA; Schema: public; Owner: evafilm_user
--

COPY public.django_session (session_key, session_data, expire_date) FROM stdin;
7tj3rxnp0o1len2rdmydfs9wnuca2t9g	.eJxVjEEOwiAQAP_C2RCgsls8evcNDbssUjU0Ke3J-HdD0oNeZybzVlPctzLtTdZpTuqiBnX6ZRT5KbWL9Ij1vmhe6rbOpHuiD9v0bUnyuh7t36DEVvr2DNlZjwbFWM9MQaxkAEgjYACDAyK67JiDCSTsR6Jk0TigAX0U9fkCxDw3Vg:1lp1IZ:6JX7OkPawzgPRbpCUW_nvYRs2b4VyBZs6i9rCNFuqR8	2021-06-18 04:19:07.788408+00
1hcdxzio1u0fsexcj8qo5znnnl0xdtx1	.eJxVjEEOwiAQRe_C2hAGCFCX7j0DGTqDVA0kpV013t026UK3_733NxFxXUpcO89xInEVAOLyOyYcX1wPQk-sjybHVpd5SvJQ5Em7vDfi9-10_w4K9rLXHrJjAkQzsHecQGvLwZMBChYgW1TIAzvvGdRumpAQtLIGCbJKJD5fDLw4TA:1lhVpH:IJdo8LjeP-wSk55z427uuJTFr8KeODuE2GLEnkzbcPk	2021-05-28 11:17:51.731324+00
h5isp6vjz1xwt7xyhzt1zjt5w0568aa6	.eJxVjEEOwiAQAP_C2RCgsls8evcNDbssUjU0Ke3J-HdD0oNeZybzVlPctzLtTdZpTuqiBnX6ZRT5KbWL9Ij1vmhe6rbOpHuiD9v0bUnyuh7t36DEVvr2DNlZjwbFWM9MQaxkAEgjYACDAyK67JiDCSTsR6Jk0TigAX0U9fkCxDw3Vg:1lp1Ne:UEKvkvadmkPKlZiBzSK0l6GeZSkYvU0LLgNjQVTdJrk	2021-06-18 04:24:22.073194+00
e9y9u6gap852s0xn173z5wg7lducuk8i	.eJxVjMsOwiAUBf-FtSFS4AIu3fcbCNyHrZo2Ke3K-O_apAvdnpk5L5XLtg55a7zkkdRFGXX63WrBB087oHuZbrPGeVqXsepd0Qdtup-Jn9fD_TsYShu-NWMnVryREAsgOSYU9GdDoRafiBNVGyNYE7ztEjsAdAzOAokkCKLeHw10OIk:1lfozg:i68EG0aXk5X9KIiPfLVbgq99qPrmoLgsWqiBBdf_fDc	2021-05-23 19:21:36.833538+00
2ux51zzaualbq5ta222g1myvahsny87o	.eJxVjMsOwiAUBf-FtSFS4AIu3fcbCNyHrZo2Ke3K-O_apAvdnpk5L5XLtg55a7zkkdRFGXX63WrBB087oHuZbrPGeVqXsepd0Qdtup-Jn9fD_TsYShu-NWMnVryREAsgOSYU9GdDoRafiBNVGyNYE7ztEjsAdAzOAokkCKLeHw10OIk:1lhxUz:8BAqHQ7xjEh-f4sC3sdLIlGQeb18oh0yHY-N8-Bjdvk	2021-05-29 16:50:45.965222+00
u9pdb62i4vqp9dfz4ji199liig4zae8u	.eJxVjMsOwiAQRf-FtSEw8hCX7vsNzcAMUjWQlHZl_HdD0oVu7znnvsWM-1bmvfM6LySuwovT7xYxPbkOQA-s9yZTq9u6RDkUedAup0b8uh3u30HBXkZNQQM7BQqzN9mdLZFCrUEHF7TxF5cQIHL2GiwhMBmDNjAY5ZOyKD5f01k3YA:1liAHn:1WeaR3ZZx_wluEo2XS9bYh_Aa5X_Vu0y9N4w31YUj5A	2021-05-30 06:29:59.455563+00
7egdt6tn5qw6dwbaq07stz9bkz498zmu	.eJxVjMsOwiAUBf-FtSFS4AIu3fcbCNyHrZo2Ke3K-O_apAvdnpk5L5XLtg55a7zkkdRFGXX63WrBB087oHuZbrPGeVqXsepd0Qdtup-Jn9fD_TsYShu-NWMnVryREAsgOSYU9GdDoRafiBNVGyNYE7ztEjsAdAzOAokkCKLeHw10OIk:1liFsF:5IErXtYSrycnOEK367pn5-aARc5rTMCYkrIy_PO_mMA	2021-05-30 12:27:59.680639+00
zcus4kc137cxvgb9gzppju0n3vap1jfz	.eJxVjMsOwiAUBf-FtSFS4AIu3fcbCNyHrZo2Ke3K-O_apAvdnpk5L5XLtg55a7zkkdRFGXX63WrBB087oHuZbrPGeVqXsepd0Qdtup-Jn9fD_TsYShu-NWMnVryREAsgOSYU9GdDoRafiBNVGyNYE7ztEjsAdAzOAokkCKLeHw10OIk:1liGB9:QC4Ut08XmLSnqfX_W6RtoKKX_1sPsAfLoOpzPm-mA1E	2021-05-30 12:47:31.617588+00
jkyvhj241ci7f1jwjtskw2lricmfoi7f	.eJxVjMsKwyAQAP_FcxGN6yM99p5vEHddatqiEJNT6b8XIYf2OjPMW8R07CUenbe4ZnEVs7j8Mkz05DpEfqR6b5Ja3bcV5UjkabtcWubX7Wz_BiX1MrZJkw7KJJjQK4tq9sQwGWQ2qJhdNsAaAQmsBnYEAdkikQsmB8_i8wXo3DhZ:1lg6Y7:iR20BvBoc6-tojA-KC9jmRrQ2hK5LhvAvjv_cQFtxPY	2021-05-24 14:06:19.788632+00
w8qd8tzoj1o44gbox8vlsxi7qkfyuuri	.eJxVjEEOwiAQRe_C2hAGCFCX7j0DGTqDVA0kpV013t026UK3_733NxFxXUpcO89xInEVAOLyOyYcX1wPQk-sjybHVpd5SvJQ5Em7vDfi9-10_w4K9rLXHrJjAkQzsHecQGvLwZMBChYgW1TIAzvvGdRumpAQtLIGCbJKJD5fDLw4TA:1liN2N:jadVRWYL6bss7l0JvKnPr4iXGSCoUJZ9uWpKr7h9KnA	2021-05-30 20:06:55.642935+00
5pe8dya3qak2z1l0t947km2he3op3z44	.eJxVjMsOwiAUBf-FtSFS4AIu3fcbCNyHrZo2Ke3K-O_apAvdnpk5L5XLtg55a7zkkdRFGXX63WrBB087oHuZbrPGeVqXsepd0Qdtup-Jn9fD_TsYShu-NWMnVryREAsgOSYU9GdDoRafiBNVGyNYE7ztEjsAdAzOAokkCKLeHw10OIk:1lj4AS:5i-pGrB2uZ7fgRJA70obNTf4FLMMZxvgLqhNktne8yo	2021-06-01 18:10:08.006287+00
cedykf7v5qxcwlkprvwzqs4tvhteh445	.eJxVjMsOwiAUBf-FtSFS4AIu3fcbCNyHrZo2Ke3K-O_apAvdnpk5L5XLtg55a7zkkdRFGXX63WrBB087oHuZbrPGeVqXsepd0Qdtup-Jn9fD_TsYShu-NWMnVryREAsgOSYU9GdDoRafiBNVGyNYE7ztEjsAdAzOAokkCKLeHw10OIk:1ljGmf:iaoorLacL50ZZam0fg8WmSaMPzIz3_oew_70vVOKiy4	2021-06-02 07:38:25.691726+00
1sp8w7vyy0iye7rt88wdbobbqoi7tlwk	.eJxVjDEKwzAMAP_iuZjYjozcsXvfYGRJadIWB-JkCv17CWRo17vjdpNpW8e8NV3yJOZqXDCXX1iIX1oPI0-qj9nyXNdlKvZI7Gmbvc-i79vZ_g1GauPxBVUNMfWMAF4dFnEUEVzyRH3wyYl26LvQifLAJTAOQRQLA8Lgo_l8Af-lODY:1lkLo6:BMBnLeumv_PI9u94aRWQPh95DKDHVeghKDlWuew5Qwk	2021-06-05 07:12:22.368029+00
6c4r4gd8otk32ke2f2swv08gzge6f10x	.eJxVjM0OwiAQhN-FsyGw8lM8eu8zkIXdSNVAUtqT8d2VpAfN3Ob7Zl4i4r6VuHde40LiIrQTp98yYX5wHYTuWG9N5la3dUlyKPKgXc6N-Hk93L-Dgr2MNWJWKYGySgU46wDstQYPGk1i75kNJWNZoaMJYUIHATIB2vyNseL9AQF9N-E:1lp2Ip:mAQ4nfNSanaMquVqhoNbHsQMETgWr7l-tSbWBn11iCY	2021-06-18 05:23:27.697713+00
sowgd6k0tfev2j7fzcsasygf6lt2844m	.eJxVjEEOwiAQRe_C2hAGCFCX7j0DGTqDVA0kpV013t026UK3_733NxFxXUpcO89xInEVAOLyOyYcX1wPQk-sjybHVpd5SvJQ5Em7vDfi9-10_w4K9rLXHrJjAkQzsHecQGvLwZMBChYgW1TIAzvvGdRumpAQtLIGCbJKJD5fDLw4TA:1lqXDl:7w6_3Wz-vt-5DdUWd8lNfWpyaO8qLdR8lkLjhVJRGz4	2021-06-22 08:36:25.855436+00
cqz3mjno3n6wafb4un8zy5h6j11p72wc	.eJxVjMsOwiAUBf-FtSFS4AIu3fcbCNyHrZo2Ke3K-O_apAvdnpk5L5XLtg55a7zkkdRFGXX63WrBB087oHuZbrPGeVqXsepd0Qdtup-Jn9fD_TsYShu-NWMnVryREAsgOSYU9GdDoRafiBNVGyNYE7ztEjsAdAzOAokkCKLeHw10OIk:1lg8WU:c_nr7aFiAb5kxCCKSqs_Rj5HSQ0_GccrHDaE61CdLZg	2021-05-24 16:12:46.849862+00
6iarj3hr508jnvmygcalz9qztc55iy8v	.eJxVjMsOwiAUBf-FtSFS4AIu3fcbCNyHrZo2Ke3K-O_apAvdnpk5L5XLtg55a7zkkdRFGXX63WrBB087oHuZbrPGeVqXsepd0Qdtup-Jn9fD_TsYShu-NWMnVryREAsgOSYU9GdDoRafiBNVGyNYE7ztEjsAdAzOAokkCKLeHw10OIk:1lg8WV:Qr4zscqRtvOFxlin-11_2CEuzL8mELUzhGTb3e_gNWs	2021-05-24 16:12:47.110352+00
tv16tw4rc6ijvzgs6i3ahfvbxmci0dcj	.eJxVjMsOwiAUBf-FtSFS4AIu3fcbCNyHrZo2Ke3K-O_apAvdnpk5L5XLtg55a7zkkdRFGXX63WrBB087oHuZbrPGeVqXsepd0Qdtup-Jn9fD_TsYShu-NWMnVryREAsgOSYU9GdDoRafiBNVGyNYE7ztEjsAdAzOAokkCKLeHw10OIk:1lniEL:rzZgTwKm7XWhu_COZe2zvsDRnMILQy5OwbTUGDiup3o	2021-06-14 13:45:21.859594+00
sxkfk3crquy4hsl0m8qbcldd26x7ekt6	.eJxVjEEOwiAQRe_C2hAGCFCX7j0DGTqDVA0kpV013t026UK3_733NxFxXUpcO89xInEVAOLyOyYcX1wPQk-sjybHVpd5SvJQ5Em7vDfi9-10_w4K9rLXHrJjAkQzsHecQGvLwZMBChYgW1TIAzvvGdRumpAQtLIGCbJKJD5fDLw4TA:1lo48q:dfSg5ai9-_tgk0ALVqfU_rnnOOE7U_f24aX4dTtpFCQ	2021-06-15 13:09:08.324281+00
o0epj0pjggb91jd8ajsyxeskre2fe342	.eJxVjMsOwiAUBf-FtSFS4AIu3fcbCNyHrZo2Ke3K-O_apAvdnpk5L5XLtg55a7zkkdRFGXX63WrBB087oHuZbrPGeVqXsepd0Qdtup-Jn9fD_TsYShu-NWMnVryREAsgOSYU9GdDoRafiBNVGyNYE7ztEjsAdAzOAokkCKLeHw10OIk:1lhQph:HvVP9qmf9W1xZOgGMPVZ3GRqcMh-JK2Ktnq3VSZza-g	2021-05-28 05:57:57.08529+00
ghuxmj6inzn9ntzlouxtakxslc4mvj90	.eJxVjEEOwiAQRe_C2pBSYACX7j0DmWFAqoYmpV0Z765NutDtf-_9l4i4rTVuPS9xYnEWyorT70iYHrnthO_YbrNMc1uXieSuyIN2eZ05Py-H-3dQsddvnbg4IGtKAO9H5RPoEUl5A2AGLuid1pZIh2xBIwyqGFsUpBICO2Al3h_5HDeS:1loUyK:ehhHEyuJh1n_9iifjD5WQ8bJ19uxoGvNtAAaXFYTnng	2021-06-16 17:48:04.170447+00
pu77rfco13qypjg71giyx93m9nxyq6eh	.eJxVjEEOwiAQRe_C2hAGCFCX7j0DGTqDVA0kpV013t026UK3_733NxFxXUpcO89xInEVAOLyOyYcX1wPQk-sjybHVpd5SvJQ5Em7vDfi9-10_w4K9rLXHrJjAkQzsHecQGvLwZMBChYgW1TIAzvvGdRumpAQtLIGCbJKJD5fDLw4TA:1lok8A:Za28NMhUNwalJzZS-XAesVO9TRurZKZ6z7AvCKaH31A	2021-06-17 09:59:14.880599+00
obzvywj83iawvf442s4do0p8kskyj83p	.eJxVjEEOwiAQRe_C2hAGCFCX7j0DGTqDVA0kpV013t026UK3_733NxFxXUpcO89xInEVAOLyOyYcX1wPQk-sjybHVpd5SvJQ5Em7vDfi9-10_w4K9rLXHrJjAkQzsHecQGvLwZMBChYgW1TIAzvvGdRumpAQtLIGCbJKJD5fDLw4TA:1lol0e:6VXQzGl8GxSwBjNJIjybldOLLVCRwzv73uk2Xyrc8ao	2021-06-17 10:55:32.408793+00
glhe1vg3a6kvbxhbsari4kriap1rqeod	.eJxVjMsOwiAUBf-FtSFS4AIu3fcbCNyHrZo2Ke3K-O_apAvdnpk5L5XLtg55a7zkkdRFGXX63WrBB087oHuZbrPGeVqXsepd0Qdtup-Jn9fD_TsYShu-NWMnVryREAsgOSYU9GdDoRafiBNVGyNYE7ztEjsAdAzOAokkCKLeHw10OIk:1lorvZ:8nZdVhqtOTUvC3UUaAEClc3s7g_ioa9N7DT2zdf8JAg	2021-06-17 18:18:45.659921+00
cc9x1323h4dwjbcpskr6ro7s5l0iczys	.eJxVjEEOwiAQRe_C2hBgoIMu3fcMBIZBqoYmpV0Z765NutDtf-_9lwhxW2vYOi9hyuIitBOn3zFFenDbSb7HdpslzW1dpiR3RR60y3HO_Lwe7t9Bjb1-ay6ESIYU2-IKWFQMGSFl9prBavZwjsmxGsCxMyWi1paSHVCRAZ_F-wMfjDgz:1ludBm:2iCiUgZA0UvyPKopkY29VdCz8DqgtMKPNNfMFYc8gsA	2021-07-03 15:47:18.680735+00
ioinskqlwov31e6qfb2go45hz7oky78x	.eJxVjEEOwiAQRe_C2hAGCFCX7j0DGTqDVA0kpV013t026UK3_733NxFxXUpcO89xInEVAOLyOyYcX1wPQk-sjybHVpd5SvJQ5Em7vDfi9-10_w4K9rLXHrJjAkQzsHecQGvLwZMBChYgW1TIAzvvGdRumpAQtLIGCbJKJD5fDLw4TA:1lqZk2:XL7GgmMUwBSgeS4-OVXwH1iEkhtNPZKN9OQJyh7vQws	2021-06-22 11:17:54.555547+00
bwtb25mnzv0i8c8eidnpq33032ldlm2g	.eJxVjEEOwiAQRe_C2hAGCFCX7j0DGTqDVA0kpV013t026UK3_733NxFxXUpcO89xInEVAOLyOyYcX1wPQk-sjybHVpd5SvJQ5Em7vDfi9-10_w4K9rLXHrJjAkQzsHecQGvLwZMBChYgW1TIAzvvGdRumpAQtLIGCbJKJD5fDLw4TA:1mCIDK:7_ba9fgLGmnE4GL84iM6uqdmQ-IkD_Jgh3nNY-5bcp8	2021-08-21 09:01:54.492116+00
r69rzzvjfcb3uqlthhvyzr9e49ibyvz3	.eJxVjMsOwiAUBf-FtSFS4AIu3fcbCNyHrZo2Ke3K-O_apAvdnpk5L5XLtg55a7zkkdRFGXX63WrBB087oHuZbrPGeVqXsepd0Qdtup-Jn9fD_TsYShu-NWMnVryREAsgOSYU9GdDoRafiBNVGyNYE7ztEjsAdAzOAokkCKLeHw10OIk:1lqayq:8Uxdr1jPN9YZ7BtOrTQVzpTx_Ml38G4rPOs2921q2o0	2021-06-22 12:37:16.284159+00
c6htrpk5bxkmrwc8fok7pib0ugrzjig9	.eJxVjEEOwiAQRe_C2hAGCFCX7j0DGTqDVA0kpV013t026UK3_733NxFxXUpcO89xInEVAOLyOyYcX1wPQk-sjybHVpd5SvJQ5Em7vDfi9-10_w4K9rLXHrJjAkQzsHecQGvLwZMBChYgW1TIAzvvGdRumpAQtLIGCbJKJD5fDLw4TA:1mCIDK:7_ba9fgLGmnE4GL84iM6uqdmQ-IkD_Jgh3nNY-5bcp8	2021-08-21 09:01:54.875278+00
t4re7hqeptxjlgw4oq7hrm7r5987cqqt	.eJxVjDsOwjAQBe_iGlnrxF9Kes5grb1rEkC2FCcV4u4QKQW0b2beS0Tc1ilunZc4kzgLE8Tpd0yYH1x3QnestyZzq-syJ7kr8qBdXhvx83K4fwcT9ulba_QIEKCAMjQAEafROrCgU1A2Z9BQRh7QW2OQIBQCD8xlQHaclRPvD_z8OCA:1mJZW0:-5rE15xFxiYaOGE4pqI_WDydWYOHZ949OWd1oZrc0sg	2021-09-10 10:55:16.365094+00
tugn2hztcpal51jgsmw7a3rmgfm6hihp	.eJxVjMsOwiAQRf-FtSHA8HTp3m8gMAxSNTQp7cr479qkC93ec859sZi2tcVt0BKnws5MstPvlhM-qO-g3FO_zRznvi5T5rvCDzr4dS70vBzu30FLo31rlQxQ9cGI4AGcJCOEccUQOPSoEshSgyaUHgF0DSis1DLbYL0yDjx7fwC92zaW:1mKaRn:4egM5AoVAYNlQCt4LFDo2IRAMLLPHcg3Ayyj96xif9c	2021-09-13 06:07:07.985937+00
eqoojkjq3palm2q0iboux8tewmto8404	.eJxVjDsOwjAQBe_iGlnrxF9Kes5grb1rEkC2FCcV4u4QKQW0b2beS0Tc1ilunZc4kzgLE8Tpd0yYH1x3QnestyZzq-syJ7kr8qBdXhvx83K4fwcT9ulba_QIEKCAMjQAEafROrCgU1A2Z9BQRh7QW2OQIBQCD8xlQHaclRPvD_z8OCA:1mJe3x:pI6xeRvHXaEDBpJ0TOJhoTwjpwJ6lgSIO75QbShuw44	2021-09-10 15:46:37.035743+00
a5r2bas6bz4pwcfyp6w3dpyka5plqfwa	.eJxVjMsOwiAQRf-FtSHA8HTp3m8gMAxSNTQp7cr479qkC93ec859sZi2tcVt0BKnws5MstPvlhM-qO-g3FO_zRznvi5T5rvCDzr4dS70vBzu30FLo31rlQxQ9cGI4AGcJCOEccUQOPSoEshSgyaUHgF0DSis1DLbYL0yDjx7fwC92zaW:1mL93m:vBSnfby0LuKgFwNwA6RO0FgmInfmaN7yfMH-a8g5orw	2021-09-14 19:04:38.369823+00
wiqfzid73dipqqykk6h0fejq372jqhxe	.eJxVjMsOwiAQRf-FtSHA8HTp3m8gMAxSNTQp7cr479qkC93ec859sZi2tcVt0BKnws5MstPvlhM-qO-g3FO_zRznvi5T5rvCDzr4dS70vBzu30FLo31rlQxQ9cGI4AGcJCOEccUQOPSoEshSgyaUHgF0DSis1DLbYL0yDjx7fwC92zaW:1mFX3w:Dm3BL3jDE7mWD4TG9Jm0TDXJ87GpQlaz-oUdwXO8tW8	2021-08-30 07:29:36.759787+00
8mm17xhou8ndksl6260yqpoeayjoom1c	.eJxVjMsOgjAURP-la9MUaEvr0j3fQO6jV1DTJhRWxn8XEha6mmTOmXmrEbZ1GrealnFmdVW9UZffEoGeKR-EH5DvRVPJ6zKjPhR90qqHwul1O92_gwnqtK9FWnREfUAfXGQWAU8deGv2bKCN3lvi1kGTjBUn3BuPMcRoSUKHRn2-L5o4qA:1mK3Fo:QWHLoG6MKnRYUKsEsXq6-rSOCQVFNK_WV7GDP7yQ_pU	2021-09-11 18:40:32.089279+00
spzkd8jlx6r3niy1p7e9audhb8josmt9	.eJxVjMsOwiAQRf-FtSHA8HTp3m8gMAxSNTQp7cr479qkC93ec859sZi2tcVt0BKnws5MstPvlhM-qO-g3FO_zRznvi5T5rvCDzr4dS70vBzu30FLo31rlQxQ9cGI4AGcJCOEccUQOPSoEshSgyaUHgF0DSis1DLbYL0yDjx7fwC92zaW:1mCmQq:Izyx0E758mwsyGRlXhXeZmPxjK5LgHZtL-FAjWfb4Ak	2021-08-22 17:17:52.545689+00
xzz6w65tgzzw6s1ex2xr8h34isq2o5jk	.eJxVjMsOgjAURP-la9MUaEvr0j3fQO6jV1DTJhRWxn8XEha6mmTOmXmrEbZ1GrealnFmdVW9UZffEoGeKR-EH5DvRVPJ6zKjPhR90qqHwul1O92_gwnqtK9FWnREfUAfXGQWAU8deGv2bKCN3lvi1kGTjBUn3BuPMcRoSUKHRn2-L5o4qA:1mKaNX:SLvjA2CytMmDBrMyrUDw1wn2eeISZxl7V3OLVB1aU48	2021-09-13 06:02:43.959064+00
w6rm18s9tcisw4zr34w0b6p6kfzuz3sz	.eJxVjMsOgjAURP-la9MUaEvr0j3fQO6jV1DTJhRWxn8XEha6mmTOmXmrEbZ1GrealnFmdVW9UZffEoGeKR-EH5DvRVPJ6zKjPhR90qqHwul1O92_gwnqtK9FWnREfUAfXGQWAU8deGv2bKCN3lvi1kGTjBUn3BuPMcRoSUKHRn2-L5o4qA:1mGbov:-JaVV0xW6W89VgTj5sPbYG0Wnwe4jAgPqCB5huF2tCA	2021-09-02 06:46:33.487223+00
a9lz95fuxzw4mnft27sbf9p1npsax923	.eJxVjMsOwiAQRf-FtSHA8HTp3m8gMAxSNTQp7cr479qkC93ec859sZi2tcVt0BKnws5MstPvlhM-qO-g3FO_zRznvi5T5rvCDzr4dS70vBzu30FLo31rlQxQ9cGI4AGcJCOEccUQOPSoEshSgyaUHgF0DSis1DLbYL0yDjx7fwC92zaW:1mDIwA:ifR-XNrApJ6_SZf7gYQJ1uvNSLBFhRV-O65l68jNAh0	2021-08-24 04:00:22.167814+00
phnxd7ah9ybb9032vdecpul6jms43hjl	.eJxVjDsOwjAQBe_iGln2ruN1KOk5Q7T-4QCypTipEHeHSCmgfTPzXmLibS3T1tMyzVGcxUDi9Dt6Do9UdxLvXG9NhlbXZfZyV-RBu7y2mJ6Xw_07KNzLt3bZEzg1MFp2EVETKk2UATOODMqDZjJmsAkJojGjDQ6tUgiUbQIr3h_XJDZa:1mDJqR:dJCkvfZ4mT20RTL6B9zMhSkROWSbGh1kV-dHDmdnaVw	2021-08-24 04:58:31.61897+00
7zf31po8cv1cj1ovur4trdq33ay27h0j	.eJxVjEEOwiAQRe_C2hDKQKEu3XsGMjNMpWpoUtqV8e7apAvd_vfef6mE21rS1mRJU1Zn5aM6_Y6E_JC6k3zHeps1z3VdJtK7og_a9HXO8rwc7t9BwVa-deQhWg8GjTNjTwZQJCKxi8Exxk5AEE02YH0OvgOm0VrvhgzUByBW7w8Jfjgi:1mDMn8:Z03AvDIOvgpTEABuO80LrHT3HIl-EFjeH6Qxyeuw8F4	2021-08-24 08:07:18.245263+00
mx701bl29bn253ka7ie4oial9kfkatlg	.eJxVjMsOwiAQRf-FtSHA8HTp3m8gMAxSNTQp7cr479qkC93ec859sZi2tcVt0BKnws5MstPvlhM-qO-g3FO_zRznvi5T5rvCDzr4dS70vBzu30FLo31rlQxQ9cGI4AGcJCOEccUQOPSoEshSgyaUHgF0DSis1DLbYL0yDjx7fwC92zaW:1mIFP0:RXer2XkoAct_V_8mne0XH0fENdWHV1MX0Yx5VfvHRsY	2021-09-06 19:14:34.042846+00
7zzyww0hd2ynlpsq84jo3epgpbgpkgih	.eJxVjDsOwjAQBe_iGlnYgV2bkj5nsPYnHECJFCcV4u4QKQW0b2beyxVal1rWZnMZ1F0cJHf4HZnkYeNG9E7jbfIyjcs8sN8Uv9Pm-0nted3dv4NKrX7rqCyifNLARwho8dxFY0wUk5glyQSZCFRCNsLYUcCMAUOGDhCA3fsDMLw4RA:1mDUqv:kJLdQ0eTT1YPmZNlZbLhzHnWXda46z13i2KhyXvoXw4	2021-08-24 16:43:45.733543+00
pphqaa2k3rrek0oel3juujpnng7unm4e	.eJxVjMsOgjAURP-la9MUaEvr0j3fQO6jV1DTJhRWxn8XEha6mmTOmXmrEbZ1GrealnFmdVW9UZffEoGeKR-EH5DvRVPJ6zKjPhR90qqHwul1O92_gwnqtK9FWnREfUAfXGQWAU8deGv2bKCN3lvi1kGTjBUn3BuPMcRoSUKHRn2-L5o4qA:1mIYIv:8shukYCkgP70DQptF4Yj2GVzGXYAcHmiMRxn6Tf9nNY	2021-09-07 15:25:33.378155+00
kvepe7jclo3wjg24p8yzc7ebzzofuyfp	.eJxVjMEOwiAQRP-FsyFlWQQ8evcbyHbZStXQpLQn47_bJj3oaZJ5b-atEq1LSWuTOY1ZXZSL6vRb9sRPqTvJD6r3SfNUl3ns9a7ogzZ9m7K8rof7d1ColW1tc3axE48BA1tiYXcmjuLYWWMRPGWgbosQ_RCHgDEAgwFGBDGA6vMFC6Q3hg:1mIZfL:MxidufmTCW71DDDvRabRPtLJDIMN4WVN90wzXnmgP-0	2021-09-07 16:52:47.432884+00
j1eiofky2999vsd6vpxnv82rgvlzybs1	.eJxVjMsOwiAQRf-FtSEwvIpL934DGQaQqoGktCvjv2uTLnR7zzn3xQJuaw3byEuYEzszK9jpd4xIj9x2ku7Ybp1Tb-syR74r_KCDX3vKz8vh_h1UHPVbFy-NFLJEoy06H10RhNrkWFQEh1NGEAiJJpsKSUCCbBVITeCtEkWx9wcWEzhM:1mDVLr:1YrzSTxWKf_s-n9Via0l0U_M_wrypXRY_Jkh_WCHmk4	2021-08-24 17:15:43.499883+00
aro0f71ojox7g4nfv2kreuplm9nlyfa2	.eJxVjMsOwiAQRf-FtSHA8HTp3m8gMAxSNTQp7cr479qkC93ec859sZi2tcVt0BKnws5MstPvlhM-qO-g3FO_zRznvi5T5rvCDzr4dS70vBzu30FLo31rlQxQ9cGI4AGcJCOEccUQOPSoEshSgyaUHgF0DSis1DLbYL0yDjx7fwC92zaW:1mIv01:WkUdqBGaqNSEizyBj4kJX7g5fiVi6AIkM8sc0ImXKHg	2021-09-08 15:39:33.399541+00
o8qa73jzntzfelqlwarpd5vtywmq9z6f	.eJxVjDsOwjAQBe_iGln-soaSnjNY6_UaB5AtxUmFuDtESgHtm5n3EhHXpcZ18BynLM5CB3H4HRPSg9tG8h3brUvqbZmnJDdF7nTIa8_8vOzu30HFUb81M0EwwCpoq4DInNAanUpSToMPGRKgt6yLy06R9RwMewZbQB2JtBHvDwM4N9E:1lxOH4:DVWa_wg3gLS8edbfcT8DF9M4uFruHtYGVa9IlagSNlw	2021-07-11 06:28:10.421375+00
rlqf3s521ftvzv6cz4mfx30qrt2jc88a	.eJxVjEEOwiAQRe_C2hCgAxSX7j0DmWFAqoYmpV0Z765NutDtf-_9l4i4rTVuPS9xYnEWxorT70iYHrnthO_YbrNMc1uXieSuyIN2eZ05Py-H-3dQsddvDZ6s42BAZ-tC8ug5eLQWyY9KcyY1OGPBqURFK2SiAlxGcDyAVoDi_QH94jf9:1m1C0D:d-oyD0HyMgrW7uUESJovo2es5Sk_C2_XloL4hoOY5ls	2021-07-21 18:10:29.961085+00
6vtlzy5pdha1mn4msgt5qyiggnppitt3	.eJxVjMsOwiAQRf-FtSE4PAZcuu83EB6DVA0kpV0Z_12bdKHbe865L-bDtla_DVr8nNmFoWGn3zGG9KC2k3wP7dZ56m1d5sh3hR908Klnel4P9--ghlG_tdAUFAkbo5TZaA1osky5qEKaBAjtAIQqykqLIJLVqM6I6BDAGScte38A8-82dQ:1mJYsD:RSbj8-zxP5f5BQRAH5ez6DWqLaJm1SLHswcNvQAYTko	2021-09-10 10:14:09.26963+00
pmmwj8v849xhtb4wa983vep6gin7mg6f	.eJxVjMsOwiAQRf-FtSHA8HTp3m8gMAxSNTQp7cr479qkC93ec859sZi2tcVt0BKnws5MstPvlhM-qO-g3FO_zRznvi5T5rvCDzr4dS70vBzu30FLo31rlQxQ9cGI4AGcJCOEccUQOPSoEshSgyaUHgF0DSis1DLbYL0yDjx7fwC92zaW:1m4T4j:Y-mTTlOKcJi8lNsgq5J7xH3e-Np0HpB32hrSiSyEOjU	2021-07-30 19:00:41.951698+00
lzivm1qzc2759wkfp38fexcdg4fxqq2n	.eJxVjMsOwiAQRf-FtSHA8HTp3m8gMAxSNTQp7cr479qkC93ec859sZi2tcVt0BKnws5MstPvlhM-qO-g3FO_zRznvi5T5rvCDzr4dS70vBzu30FLo31rlQxQ9cGI4AGcJCOEccUQOPSoEshSgyaUHgF0DSis1DLbYL0yDjx7fwC92zaW:1m7Ehl:uvaJYmsm_eVIyI2MMm1wx-kcRIWWPSUCHFVX01G-4HI	2021-08-07 10:16:25.973698+00
4pm3l4b4j9clka3lqnzjj5o6znqjr0za	.eJxVjMsOwiAQRf-FtSHA8HTp3m8gMAxSNTQp7cr479qkC93ec859sZi2tcVt0BKnws5MstPvlhM-qO-g3FO_zRznvi5T5rvCDzr4dS70vBzu30FLo31rlQxQ9cGI4AGcJCOEccUQOPSoEshSgyaUHgF0DSis1DLbYL0yDjx7fwC92zaW:1mAy0Z:rJqJFt-PJKVI5lFkBt2PLAzqbyzMldiNKLatu2MsbAo	2021-08-17 17:15:15.983629+00
093oq1nrg03ugtfmwbrd7xxx6m6p62p9	.eJxVjMsOwiAUBf-FtSFS4AIu3fcbCNyHrZo2Ke3K-O_apAvdnpk5L5XLtg55a7zkkdRFGXX63WrBB087oHuZbrPGeVqXsepd0Qdtup-Jn9fD_TsYShu-NWMnVryREAsgOSYU9GdDoRafiBNVGyNYE7ztEjsAdAzOAokkCKLeHw10OIk:1lqgqG:T-NCZmkH-MmZ5utju9vDjLxcLrTeQG-Uznr7MhxJkgQ	2021-06-22 18:52:48.824419+00
7zlnw3mloleuaya2uhblee9xn1op107o	.eJxVjMsOwiAQRf-FtSHA8HTp3m8gMAxSNTQp7cr479qkC93ec859sZi2tcVt0BKnws5MstPvlhM-qO-g3FO_zRznvi5T5rvCDzr4dS70vBzu30FLo31rlQxQ9cGI4AGcJCOEccUQOPSoEshSgyaUHgF0DSis1DLbYL0yDjx7fwC92zaW:1mEsxS:H4Nz5MT_9SzMc8UT4Rokl2mbDhQxSxbIvaZJfzYIKaQ	2021-08-28 12:40:14.778518+00
uhwvotl9rsbuogborjwmidzzjuwww0ct	.eJxVjMsOgjAURP-la9MUaEvr0j3fQO6jV1DTJhRWxn8XEha6mmTOmXmrEbZ1GrealnFmdVW9UZffEoGeKR-EH5DvRVPJ6zKjPhR90qqHwul1O92_gwnqtK9FWnREfUAfXGQWAU8deGv2bKCN3lvi1kGTjBUn3BuPMcRoSUKHRn2-L5o4qA:1mJa66:vUMR2lIeIbIOu1HKZtjTDs0pmKE6cRpTDbyvLbEOV6E	2021-09-10 11:32:34.566589+00
6exvlezuf4ffi6vtv30mfr3eqcfent4g	.eJxVjMsOwiAQRf-FtSHA8HTp3m8gMAxSNTQp7cr479qkC93ec859sZi2tcVt0BKnws5MstPvlhM-qO-g3FO_zRznvi5T5rvCDzr4dS70vBzu30FLo31rlQxQ9cGI4AGcJCOEccUQOPSoEshSgyaUHgF0DSis1DLbYL0yDjx7fwC92zaW:1mGMY7:5yvYgAWHB8KBOaDn8elJqMRLhj44pt7h40yvgLufAgI	2021-09-01 14:28:11.684195+00
evfwvn8sdu3frkpfr3lz1iqpz3ssv7wb	.eJxVjMsOwiAQRf-FtSHA8HTp3m8gMAxSNTQp7cr479qkC93ec859sZi2tcVt0BKnws5MstPvlhM-qO-g3FO_zRznvi5T5rvCDzr4dS70vBzu30FLo31rlQxQ9cGI4AGcJCOEccUQOPSoEshSgyaUHgF0DSis1DLbYL0yDjx7fwC92zaW:1mD6b1:LmRQBNA6MaAiUz_0FoIFEQPPvd82j160goArT3YMUV8	2021-08-23 14:49:43.714454+00
uvnb1grvs9rbw6gikgbl6dta6gjqh6bs	.eJxVjMsOwiAQRf-FtSHA8HTp3m8gMAxSNTQp7cr479qkC93ec859sZi2tcVt0BKnws5MstPvlhM-qO-g3FO_zRznvi5T5rvCDzr4dS70vBzu30FLo31rlQxQ9cGI4AGcJCOEccUQOPSoEshSgyaUHgF0DSis1DLbYL0yDjx7fwC92zaW:1mK3GH:FPHIarHkY4j0cElQo9ROrKPVEAMm8HKgEnINHyJTj9E	2021-09-11 18:41:01.77582+00
tzahs1f8khrnn2jcdzyp4p8fiv3m0ull	.eJxVjMsOgjAURP-la9MUaEvr0j3fQO6jV1DTJhRWxn8XEha6mmTOmXmrEbZ1GrealnFmdVW9UZffEoGeKR-EH5DvRVPJ6zKjPhR90qqHwul1O92_gwnqtK9FWnREfUAfXGQWAU8deGv2bKCN3lvi1kGTjBUn3BuPMcRoSUKHRn2-L5o4qA:1mIFQz:pKKlaimW3o9uPnM-yMmtxxVFhQ3umeQI8M964whNmC4	2021-09-06 19:16:37.389395+00
omufl5vdlfj06vfiogis4w1tkzjab6bx	.eJxVjMsOwiAQRf-FtSHA8HTp3m8gMAxSNTQp7cr479qkC93ec859sZi2tcVt0BKnws5MstPvlhM-qO-g3FO_zRznvi5T5rvCDzr4dS70vBzu30FLo31rlQxQ9cGI4AGcJCOEccUQOPSoEshSgyaUHgF0DSis1DLbYL0yDjx7fwC92zaW:1mIv2a:QuzIFbqhV6TuATogTZ3pCTZmHa5ycteC9xfv2DizlUA	2021-09-08 15:42:12.342376+00
ssczyz0jmzrx1ij0qaisbasi9m1i76o5	.eJxVjMsOwiAUBf-FtSFS4AIu3fcbCNyHrZo2Ke3K-O_apAvdnpk5L5XLtg55a7zkkdRFGXX63WrBB087oHuZbrPGeVqXsepd0Qdtup-Jn9fD_TsYShu-NWMnVryREAsgOSYU9GdDoRafiBNVGyNYE7ztEjsAdAzOAokkCKLeHw10OIk:1lx5I6:3s9N08QQaWsQxoHo1u4Wt6L9lMX-x9tv-UCVqj6CIJ0	2021-07-10 10:11:58.301476+00
iy4zdamnl5anptasttkgdg1p1b9spjas	.eJxVjMsOwiAQRf-FtSHFoTC4dN9vIDAzSNWUpI-V8d-1SRe6veec-1IxbWuN2yJzHFldlFGn3y0nesi0A76n6dY0tWmdx6x3RR900UNjeV4P9--gpqV-685i7tGUQs6dsS9gA0mH5HIAkR49MHQswTM4Lszeh0CFEBwAk7Hq_QHfgjf_:1lyZ73:RBMjBh_rrH3jR3sC-X-AGruZvIfOrfvVwayoy_AMY9E	2021-07-14 12:14:41.833538+00
6im7fzqeq0stsft8s9vbaimd3vjhldmw	.eJxVjMsOgjAURP-la9MUaEvr0j3fQO6jV1DTJhRWxn8XEha6mmTOmXmrEbZ1GrealnFmdVW9UZffEoGeKR-EH5DvRVPJ6zKjPhR90qqHwul1O92_gwnqtK9FWnREfUAfXGQWAU8deGv2bKCN3lvi1kGTjBUn3BuPMcRoSUKHRn2-L5o4qA:1mJYBg:g3A49XeLuzONrJSPmwecdPLABdXZFLXOXGD2x6ew8Q0	2021-09-10 09:30:12.98792+00
oue3553v25ewva3538z6p7l27ai3q95j	.eJxVjMsOwiAQRf-FtSHA8HTp3m8gMAxSNTQp7cr479qkC93ec859sZi2tcVt0BKnws5MstPvlhM-qO-g3FO_zRznvi5T5rvCDzr4dS70vBzu30FLo31rlQxQ9cGI4AGcJCOEccUQOPSoEshSgyaUHgF0DSis1DLbYL0yDjx7fwC92zaW:1m9suH:2MZyT7rRJyudnMsXlXGuqi6PXtGNHblSKzt71eHx4TE	2021-08-14 17:36:17.308365+00
1903mh28qndmr482nukb0vhcrmj3s9k3	.eJxVjEEOwiAQRe_C2hBgoBSX7j0DGZhBqoYmpV0Z765NutDtf-_9l4i4rTVunZc4kTgLC-L0OybMD247oTu22yzz3NZlSnJX5EG7vM7Ez8vh_h1U7PVbZ8CMJqhkRjsaMmSBLevChQbPwE6VQgqLzx5cAI9JB-8HHQiydQ7F-wMiYjhu:1mB8L2:rl_CpoKLbZR62zGAXJqaWfWNDpfjgOYYgn0S-kpKKdM	2021-08-18 04:17:04.796223+00
hq6pvf05f2ztymjn8jzq2g3p8921pqk9	.eJxVjMEOwiAQBf-FsyFAgQWP3v0GsrAgVQNJaU_Gf9cmPej1zcx7sYDbWsM28hJmYmcmgZ1-x4jpkdtO6I7t1nnqbV3myHeFH3Twa6f8vBzu30HFUb81iCkiRAky-aKETGiLs87BZCw5KFkk5aXWE1rjPUWJCESRrNdQnFHs_QH4Nje-:1lqrFA:X4k3w9s9t-v3wzjjZ3WO0z0fKWzKxsWxc0FdGK0sOJw	2021-06-23 05:59:12.770728+00
qrwaibsrc8vkvh0tyvbi226jrtszaxt8	.eJxVjMsOwiAQRf-FtSEwvIpL934DGQaQqoGktCvjv2uTLnR7zzn3xQJuaw3byEuYEzszK9jpd4xIj9x2ku7Ybp1Tb-syR74r_KCDX3vKz8vh_h1UHPVbFy-NFLJEoy06H10RhNrkWFQEh1NGEAiJJpsKSUCCbBVITeCtEkWx9wcWEzhM:1mFACm:XifkQ1YGF-er5dqxGTUW-55UqqeZnQpXEenabA6620s	2021-08-29 07:05:12.45426+00
fqioe4hlibevj5xieptnj2ga5wa8sup0	.eJxVjDsOwjAQBe_iGln-EduU9DmDtbtekwCypTipEHeHSCmgfTPzXiLBtk5p67ykOYuLOFtx-h0R6MF1J_kO9dYktbouM8pdkQftcmyZn9fD_TuYoE_fOgwOOQwA5ClnLpqNUp4sGfSsbIxIlINXENE5o2ngohC1CxaKtSqK9wcxGTi6:1mD6wx:Saoi1DGOTHpAniBZb6grLF2AnkXJd7NsWYUmh6rZn4U	2021-08-23 15:12:23.537008+00
y8hj3zuaiff3my4fxvliskh5wzqr8ong	.eJxVjMsOwiAQRf-FtSEwvIpL934DGQaQqoGktCvjv2uTLnR7zzn3xQJuaw3byEuYEzszK9jpd4xIj9x2ku7Ybp1Tb-syR74r_KCDX3vKz8vh_h1UHPVbFy-NFLJEoy06H10RhNrkWFQEh1NGEAiJJpsKSUCCbBVITeCtEkWx9wcWEzhM:1mGN6J:5D0mz8cUhuQp5iXYVkM5fhQosr562L4QpuCkunlXFJ8	2021-09-01 15:03:31.910707+00
yt015npkjew3wnh3dpzyo9cel9zkdqxb	.eJxVjMsOwiAQRf-FtSHA8HTp3m8gMAxSNTQp7cr479qkC93ec859sZi2tcVt0BKnws5MstPvlhM-qO-g3FO_zRznvi5T5rvCDzr4dS70vBzu30FLo31rlQxQ9cGI4AGcJCOEccUQOPSoEshSgyaUHgF0DSis1DLbYL0yDjx7fwC92zaW:1mDV1R:dufJhgBbIsmhq7iWNLDOD1z0Oxmmo9i1VIup_olvXVs	2021-08-24 16:54:37.029709+00
s63s8gxoed3l2cz5avbflfsef5unxcer	.eJxVjDkOwjAUBe_iGll2LG-U9Jwh-os_DiBbylIh7g6RUkD7Zua91AjbWsdtKfM4sTqrkNXpd0SgR2k74Tu0W9fU2zpPqHdFH3TR187leTncv4MKS_3WRaKIQwwBIZrCNnrnIAlnGtAnSwgh4wA2kffipbAYI5QJQGyMrN4fRnU5ww:1mDVVU:JDweMizzu6V7hz-LI9H-6VZxWO3K5Ff-H0SxEU0Bmqs	2021-08-24 17:25:40.202877+00
96jby8ovggxkyiyw9owd6i3y4lauomy4	.eJxVjMsOwiAUBf-FtSFS4AIu3fcbCNyHrZo2Ke3K-O_apAvdnpk5L5XLtg55a7zkkdRFGXX63WrBB087oHuZbrPGeVqXsepd0Qdtup-Jn9fD_TsYShu-NWMnVryREAsgOSYU9GdDoRafiBNVGyNYE7ztEjsAdAzOAokkCKLeHw10OIk:1lqyfL:4taGE-TNDILcjpbT2k2AnlLLovHidNj0OJ3SSEAT39Y	2021-06-23 13:54:43.571555+00
pqkk13e8ontwp14x4uls1ftm6gij3n6o	.eJxVjMsOwiAQRf-FtSHA8HTp3m8gMAxSNTQp7cr479qkC93ec859sZi2tcVt0BKnws5MstPvlhM-qO-g3FO_zRznvi5T5rvCDzr4dS70vBzu30FLo31rlQxQ9cGI4AGcJCOEccUQOPSoEshSgyaUHgF0DSis1DLbYL0yDjx7fwC92zaW:1mDT8T:MTgXckf2HdFEuKbl5zEQm6KjB6iv1RDxBuC85lOUjt8	2021-08-24 14:53:45.111608+00
o7bt5j9ve2gis02ahwqv8a3ghab9g8bf	.eJxVjMsOwiAQRf-FtSEwvIpL934DGQaQqoGktCvjv2uTLnR7zzn3xQJuaw3byEuYEzszK9jpd4xIj9x2ku7Ybp1Tb-syR74r_KCDX3vKz8vh_h1UHPVbFy-NFLJEoy06H10RhNrkWFQEh1NGEAiJJpsKSUCCbBVITeCtEkWx9wcWEzhM:1mDV1x:8YEfrWZJxtMEQ07kel2688MRseRZOEPqg7JfotSX7x8	2021-08-24 16:55:09.019893+00
x8ht3xo6qnn8ogabouq8501ypetelyzo	.eJxVjMsOgjAURP-la9MUaEvr0j3fQO6jV1DTJhRWxn8XEha6mmTOmXmrEbZ1GrealnFmdVW9UZffEoGeKR-EH5DvRVPJ6zKjPhR90qqHwul1O92_gwnqtK9FWnREfUAfXGQWAU8deGv2bKCN3lvi1kGTjBUn3BuPMcRoSUKHRn2-L5o4qA:1mHTwr:StlvIYNLdGYPvqLS_H5GAsVYS75czLaSBbk0cxK1NeM	2021-09-04 16:34:21.887996+00
0dj4sbzrq6n2n67lg4x5f0de7fcm4zpb	.eJxVjMsOwiAQRf-FtSEwvIpL934DGQaQqoGktCvjv2uTLnR7zzn3xQJuaw3byEuYEzszK9jpd4xIj9x2ku7Ybp1Tb-syR74r_KCDX3vKz8vh_h1UHPVbFy-NFLJEoy06H10RhNrkWFQEh1NGEAiJJpsKSUCCbBVITeCtEkWx9wcWEzhM:1mDWCV:em07oxv_HuI7I-2ev8xJVDddnqtIbQyyFMWFV5-p4SQ	2021-08-24 18:10:07.232038+00
f3xeokh9ikfpoky1vc872bsqk7s46fw1	.eJxVjMsOwiAQRf-FtSHA8HTp3m8gMAxSNTQp7cr479qkC93ec859sZi2tcVt0BKnws5MstPvlhM-qO-g3FO_zRznvi5T5rvCDzr4dS70vBzu30FLo31rlQxQ9cGI4AGcJCOEccUQOPSoEshSgyaUHgF0DSis1DLbYL0yDjx7fwC92zaW:1mAx0e:CbwSmmWujOtoXsAQdq-GjiUFl5ktQXYVoH0jhXEQ6Xo	2021-08-17 16:11:16.555305+00
nyu2al7ezcbrq8458089o3dy35ewcqz3	.eJxVjEEOwiAQAP_C2RCgsls8evcNDbssUjU0Ke3J-HdD0oNeZybzVlPctzLtTdZpTuqiBnX6ZRT5KbWL9Ij1vmhe6rbOpHuiD9v0bUnyuh7t36DEVvr2DNlZjwbFWM9MQaxkAEgjYACDAyK67JiDCSTsR6Jk0TigAX0U9fkCxDw3Vg:1lr3Hc:hmdPhMj91f187jOCwjuq_jDq7sCucqnk1K4_slQhoC0	2021-06-23 18:50:32.713711+00
eeqpe87w6upx1e1qbboptoylpfe4ddgu	.eJxVjMsOwiAQRf-FtSEwvIpL934DGQaQqoGktCvjv2uTLnR7zzn3xQJuaw3byEuYEzszK9jpd4xIj9x2ku7Ybp1Tb-syR74r_KCDX3vKz8vh_h1UHPVbFy-NFLJEoy06H10RhNrkWFQEh1NGEAiJJpsKSUCCbBVITeCtEkWx9wcWEzhM:1mDTpR:EFFe5rWE7TZv07ZL13IUXVCNecqZl3m0-0xmuYOmtpk	2021-08-24 15:38:09.79228+00
8jnux0yq03x60unk3nz4xvhqnwxtspj8	.eJxVjMsOwiAQRf-FtSHA8HTp3m8gMAxSNTQp7cr479qkC93ec859sZi2tcVt0BKnws5MstPvlhM-qO-g3FO_zRznvi5T5rvCDzr4dS70vBzu30FLo31rlQxQ9cGI4AGcJCOEccUQOPSoEshSgyaUHgF0DSis1DLbYL0yDjx7fwC92zaW:1mDWVC:DxoyzEVQpFh151RTVUxzIsRe7mHVi2ZctifXaeH_Ujo	2021-08-24 18:29:26.934946+00
8vl49ab1s93oint6suqj2xnfw5akd3te	.eJxVjMsOwiAQRf-FtSE4PAZcuu83EB6DVA0kpV0Z_12bdKHbe865L-bDtla_DVr8nNmFoWGn3zGG9KC2k3wP7dZ56m1d5sh3hR908Klnel4P9--ghlG_tdAUFAkbo5TZaA1osky5qEKaBAjtAIQqykqLIJLVqM6I6BDAGScte38A8-82dQ:1mKNW3:cIRXI2ciD58JBH2OGLfbjbm4cl7OYhD_E9GHrDju6oA	2021-09-12 16:18:39.612553+00
ixw0q19mz08sup9g6nz6xti3y1a7b6ja	.eJxVjEEOwiAQRe_C2hAodASX7nsGMsxMpWpoUtqV8e7apAvd_vfef6mE21rS1mRJE6uLOlt1-h0z0kPqTviO9TZrmuu6TFnvij5o08PM8rwe7t9BwVa-tQMxnUhwI8UAZBz0xrIlY_2YHdvOmegjRMyMFtBDAOHQe6RMyJTV-wP4izhX:1mHUnF:NiG1aqfx29-q9X9wLAswpL9NBZ7kkCPUJkLlSwdo7_s	2021-09-04 17:28:29.954998+00
s3x798rooz0f6e9rjth99espqh0r0lb8	.eJxVjMsOwiAQRf-FtSHA8HTp3m8gMAxSNTQp7cr479qkC93ec859sZi2tcVt0BKnws5MstPvlhM-qO-g3FO_zRznvi5T5rvCDzr4dS70vBzu30FLo31rlQxQ9cGI4AGcJCOEccUQOPSoEshSgyaUHgF0DSis1DLbYL0yDjx7fwC92zaW:1m3M02:SB0LDtnV1fTzxHNdpKd8irb8IoR7tvk_z3qV1d1MDD4	2021-07-27 17:15:14.989206+00
8xgs4yba9iws6wy2dvwd1klwb3d9vz6f	.eJxVjMsOwiAQRf-FtSHA8HTp3m8gMAxSNTQp7cr479qkC93ec859sZi2tcVt0BKnws5MstPvlhM-qO-g3FO_zRznvi5T5rvCDzr4dS70vBzu30FLo31rlQxQ9cGI4AGcJCOEccUQOPSoEshSgyaUHgF0DSis1DLbYL0yDjx7fwC92zaW:1mDURq:rN6FI1XQSilfjpaUqi000weyReEmmAbxV68Slxx66vg	2021-08-24 16:17:50.034088+00
2xm1yf8bim6mvpfgmqcwks8nl3q0rdzd	.eJxVjEEOwiAQRe_C2hAodASX7nsGMsxMpWpoUtqV8e7apAvd_vfef6mE21rS1mRJE6uLOlt1-h0z0kPqTviO9TZrmuu6TFnvij5o08PM8rwe7t9BwVa-tQMxnUhwI8UAZBz0xrIlY_2YHdvOmegjRMyMFtBDAOHQe6RMyJTV-wP4izhX:1mHgL0:kgFE4Oc1ltIXakNfNUUKfuIkvCjLa1g_5HpHyQuPBEc	2021-09-05 05:48:06.839967+00
gl19uw0xqgrfluus2fyvl68taet54ozf	.eJxVjMsOwiAQRf-FtSHA8HTp3m8gMAxSNTQp7cr479qkC93ec859sZi2tcVt0BKnws5MstPvlhM-qO-g3FO_zRznvi5T5rvCDzr4dS70vBzu30FLo31rlQxQ9cGI4AGcJCOEccUQOPSoEshSgyaUHgF0DSis1DLbYL0yDjx7fwC92zaW:1mKNWl:_N251dBsWpTVV6vqg90dDMAASvtnGHHsaWs-_LgOzyc	2021-09-12 16:19:23.620478+00
jt3o9l1revc6yo4lpeu2hs7gzs9uss7i	.eJxVjDsOwjAQBe_iGlnx-rempOcMln-LA8iW4qRC3B0ipYD2zcx7MR-2tfptlMXPmZ2ZQHb6HWNIj9J2ku-h3TpPva3LHPmu8IMOfu25PC-H-3dQw6jfesIkAZSbCBUlsCKC1RAEaKQMEgxJtNrFTFYZUqRBaCFclEYiqWjZ-wPZezbH:1lrhNv:lgvLYjxsSOzDc1QOo59a0VFWPj_2_Wagy5onhvq9jLg	2021-06-25 13:39:43.113939+00
0hc51xyk5auu3e6801kcedwlhci7lifb	.eJxVjEsOwjAMBe-SNYqSWMEOS_acoXJilxZQIvWzqrg7VOoCtm9m3mY6XpehW2edulHMxWAwp98xc3lq3Yk8uN6bLa0u05jtrtiDzvbWRF_Xw_07GHgevjV5CT1gkh4kaEHvhaCnSMElBK-IhQs4l4gSsSRW5aAY5Zyjh-jM-wMAuTe_:1mI3H1:JNq-sSsX12OK4jgza_vYxN-gBm80aM55KxTKkzw6L3E	2021-09-06 06:17:31.091394+00
bv5yet491ubsfv0nwffpf2b2kg0o9hm7	.eJxVjEEOwiAQAP_C2ZCF4rp69O4bmoUFqRpISnsy_t2S9KDXmcm81cjrkse1xXmcRF2UBXX4hZ7DM5Zu5MHlXnWoZZknr3uid9v0rUp8Xff2b5C55f5lPIGDIxOhJEBw7IMlTJaHs9BA6BOBtclEA9FtKdLmQzIePYGozxfm2jdj:1ls75I:-i4YKpqGD3jwvSz0YEbCIHli9PRShI11-rpt7j9mV-g	2021-06-26 17:06:12.349975+00
tlcz3efodyfoasc6fb8jdr2x5p85hpvw	.eJxVjEEOwiAQRe_C2hAodASX7nsGMsxMpWpoUtqV8e7apAvd_vfef6mE21rS1mRJE6uLOlt1-h0z0kPqTviO9TZrmuu6TFnvij5o08PM8rwe7t9BwVa-tQMxnUhwI8UAZBz0xrIlY_2YHdvOmegjRMyMFtBDAOHQe6RMyJTV-wP4izhX:1mI3kp:aZBLfkx7NNiriWeA8Dw0ppDF9bRrthzCqfcRbV13NPg	2021-09-06 06:48:19.044139+00
jcu55zwjfq56c44vkgp79cfi76j5akb7	.eJxVjEEOwiAQAP_C2ZCF4rp69O4bmoUFqRpISnsy_t2S9KDXmcm81cjrkse1xXmcRF2UBXX4hZ7DM5Zu5MHlXnWoZZknr3uid9v0rUp8Xff2b5C55f5lPIGDIxOhJEBw7IMlTJaHs9BA6BOBtclEA9FtKdLmQzIePYGozxfm2jdj:1ls7Eh:OKqll4joMYRTbIXCDrz3tAHGJeaso3TwrUeSvcKnW1M	2021-06-26 17:15:55.683497+00
w9e26r28qx49go1p1yvsiyuj2jkt1o5v	.eJxVjEEOwiAQRe_C2hAodASX7nsGMsxMpWpoUtqV8e7apAvd_vfef6mE21rS1mRJE6uLOlt1-h0z0kPqTviO9TZrmuu6TFnvij5o08PM8rwe7t9BwVa-tQMxnUhwI8UAZBz0xrIlY_2YHdvOmegjRMyMFtBDAOHQe6RMyJTV-wP4izhX:1mI4RK:lowLOV5i0po6-d2_qryGpislhytzNu85wtaykK5z320	2021-09-06 07:32:14.449671+00
uazps834hdtmsm74rn5i6o5trwj4m3r0	.eJxVjEEOwiAQRe_C2hAGCFCX7j0DGTqDVA0kpV013t026UK3_733NxFxXUpcO89xInEVAOLyOyYcX1wPQk-sjybHVpd5SvJQ5Em7vDfi9-10_w4K9rLXHrJjAkQzsHecQGvLwZMBChYgW1TIAzvvGdRumpAQtLIGCbJKJD5fDLw4TA:1lsVKb:OJnBgBuJIJkyh-a7A_F5zZhzke9JU6hzV45DPGJ_DYc	2021-06-27 18:59:37.153886+00
vt80lt352xzvdcd4cg45now9k2dh8e2z	.eJxVjEEOwiAQRe_C2hAGCFCX7j0DGTqDVA0kpV013t026UK3_733NxFxXUpcO89xInEVAOLyOyYcX1wPQk-sjybHVpd5SvJQ5Em7vDfi9-10_w4K9rLXHrJjAkQzsHecQGvLwZMBChYgW1TIAzvvGdRumpAQtLIGCbJKJD5fDLw4TA:1lsVZh:ddhhvpBzv6-N2JoIsF-mlk9_nbO6GYCeY-KCyqo5iMs	2021-06-27 19:15:13.134876+00
6j1ogpsvduq2kkuqd2evw94qelzt4w5g	.eJxVjMsOwiAQRf-FtSE4PAZcuu83EB6DVA0kpV0Z_12bdKHbe865L-bDtla_DVr8nNmFoWGn3zGG9KC2k3wP7dZ56m1d5sh3hR908Klnel4P9--ghlG_tdAUFAkbo5TZaA1osky5qEKaBAjtAIQqykqLIJLVqM6I6BDAGScte38A8-82dQ:1mKNhp:R8CzHd2_2btrgdnlqr5oEzPdfEBxFB90_ELUOabWxqk	2021-09-12 16:30:49.553087+00
fp1k5h3r3tl997kf9ipe4b4ohf7q4mtp	.eJxVjEEOwiAQRe_C2hCZAjIu3XuGZpgBqRpISrsy3l2bdKHb_977LzXSupRx7WkeJ1FnBUYdfsdI_Eh1I3KnemuaW13mKepN0Tvt-tokPS-7-3dQqJdvHUkEIVoUGbJDDhkJ3InBJTCYBmswRGv90UGkkBnBI7sg1lsg9kG9PxcIN_A:1lsVsF:4gJkavh3wPuDx0koTulew46DkIWsFTpECZh4sFDKuew	2021-06-27 19:34:23.068197+00
88w6z1s1dwks3syy355fo1cljsjetrrd	.eJxVjDkOwjAUBe_iGlm24yVQ0nMG6_svJIAcKU4qxN1JpBTQvpl5b5VhXYa8Np7zSOqiXKdOv2MBfHLdCT2g3ieNU13msehd0Qdt-jYRv66H-3cwQBu2GilQSs5jCAIg0pvOGksQC4sk47HHIB6t4wTGRe7P7D2EzeoQyEX1-QImBDiE:1lsYVw:pX129kPcwslwjaA-k0HY0n1vTJVe5PNSJuNtqO3J_80	2021-06-27 22:23:32.49995+00
qit2zf9gj8uu6cy8c7fxojg2zp5n1k37	.eJxVjEEOwiAQRe_C2hAGCFCX7j0DGTqDVA0kpV013t026UK3_733NxFxXUpcO89xInEVAOLyOyYcX1wPQk-sjybHVpd5SvJQ5Em7vDfi9-10_w4K9rLXHrJjAkQzsHecQGvLwZMBChYgW1TIAzvvGdRumpAQtLIGCbJKJD5fDLw4TA:1lsfnQ:Z9IzNwwa2GGZ9pyY1R3zCa-RiFziH2ETGnRrASyuOX8	2021-06-28 06:10:04.48786+00
e7fhr55v91o0qh2f2a1q2uys4p8gp08t	.eJxVjEEOwiAQRe_C2hAGCFCX7j0DGTqDVA0kpV013t026UK3_733NxFxXUpcO89xInEVAOLyOyYcX1wPQk-sjybHVpd5SvJQ5Em7vDfi9-10_w4K9rLXHrJjAkQzsHecQGvLwZMBChYgW1TIAzvvGdRumpAQtLIGCbJKJD5fDLw4TA:1lsiwS:7KjLgAHZK6fQJKB2-YxkfA_-a6bPzWeq08PbWl8NPqw	2021-06-28 09:31:36.69918+00
1b441i9huc827lycoy6czkq369s83cm4	.eJxVjEEOwiAQRe_C2hAGCFCX7j0DGTqDVA0kpV013t026UK3_733NxFxXUpcO89xInEVAOLyOyYcX1wPQk-sjybHVpd5SvJQ5Em7vDfi9-10_w4K9rLXHrJjAkQzsHecQGvLwZMBChYgW1TIAzvvGdRumpAQtLIGCbJKJD5fDLw4TA:1lskBV:9QA6AKxN3S4lQFlc_wyB9lyyaSL-8iwbKnu8YmNa30o	2021-06-28 10:51:13.581562+00
4618o98zukyiea3twg3hi8ib3drclqt6	.eJxVjEEOwiAQRe_C2hBgoIMu3fcMBIZBqoYmpV0Z765NutDtf-_9lwhxW2vYOi9hyuIitBOn3zFFenDbSb7HdpslzW1dpiR3RR60y3HO_Lwe7t9Bjb1-ay6ESIYU2-IKWFQMGSFl9prBavZwjsmxGsCxMyWi1paSHVCRAZ_F-wMfjDgz:1ltmxa:NcDJatKdkI5EdJmLYrkclmfQLcQJkOfa49DJpu11PRI	2021-07-01 08:01:10.155015+00
doljh4mt16jyygligp0i9amv1ku0wtqj	.eJxVjMsOwiAUBf-FtSFS4AIu3fcbCNyHrZo2Ke3K-O_apAvdnpk5L5XLtg55a7zkkdRFGXX63WrBB087oHuZbrPGeVqXsepd0Qdtup-Jn9fD_TsYShu-NWMnVryREAsgOSYU9GdDoRafiBNVGyNYE7ztEjsAdAzOAokkCKLeHw10OIk:1lttjb:0KdlMtngve8ac8oHggVzAYALrgtBpYaSKpOglPwfwrE	2021-07-01 15:15:11.961779+00
\.


--
-- Data for Name: django_site; Type: TABLE DATA; Schema: public; Owner: evafilm_user
--

COPY public.django_site (id, domain, name) FROM stdin;
4	evafilm.stream	evafilm.stream
\.


--
-- Data for Name: giftcard_giftcard; Type: TABLE DATA; Schema: public; Owner: evafilm_user
--

COPY public.giftcard_giftcard (id, title, code, valid_from, valid_to, valid_day, active) FROM stdin;
3	11	ba3face5	2021-08-27 11:37:35+00	2021-11-27 12:36:18+00	100	t
\.


--
-- Data for Name: giftcard_giftcard_category; Type: TABLE DATA; Schema: public; Owner: evafilm_user
--

COPY public.giftcard_giftcard_category (id, giftcard_id, category_id) FROM stdin;
3	3	26
\.


--
-- Data for Name: giftcard_giftcard_related_to_user; Type: TABLE DATA; Schema: public; Owner: evafilm_user
--

COPY public.giftcard_giftcard_related_to_user (id, date_enabeld, status, gift_code_id, user_id) FROM stdin;
4	2021-08-27 11:37:58.381968+00	t	3	70
\.


--
-- Data for Name: introduction_code_icode; Type: TABLE DATA; Schema: public; Owner: evafilm_user
--

COPY public.introduction_code_icode (id, icode, iuser_id) FROM stdin;
\.


--
-- Data for Name: introduction_code_registericode; Type: TABLE DATA; Schema: public; Owner: evafilm_user
--

COPY public.introduction_code_registericode (id, name, icode, counter_use, code_explanation) FROM stdin;
\.


--
-- Data for Name: invite_code_invitecode; Type: TABLE DATA; Schema: public; Owner: evafilm_user
--

COPY public.invite_code_invitecode (id, invite_code, invite_code_explanation) FROM stdin;
\.


--
-- Data for Name: invitor_generated_invitor_code; Type: TABLE DATA; Schema: public; Owner: evafilm_user
--

COPY public.invitor_generated_invitor_code (id, code, invitations, user_id) FROM stdin;
6	welcome_to_new_world	1	1
8	dsagfdg	1	1
7	aaa_bbb_c	2	1
\.


--
-- Data for Name: invitor_generated_invitor_code_invited_users; Type: TABLE DATA; Schema: public; Owner: evafilm_user
--

COPY public.invitor_generated_invitor_code_invited_users (id, generated_invitor_code_id, user_id) FROM stdin;
9	6	1
10	7	1
11	8	1
12	7	59
\.


--
-- Data for Name: invitor_invitor_code; Type: TABLE DATA; Schema: public; Owner: evafilm_user
--

COPY public.invitor_invitor_code (id, code, invitations, user_id) FROM stdin;
80	9381029915	0	70
82	9383236603	0	72
86	9012679848	0	76
53	admin	0	1
69	9125502517	0	59
70	9384104825	0	60
78	9184058726	0	68
\.


--
-- Data for Name: invitor_invitor_code_invited_users; Type: TABLE DATA; Schema: public; Owner: evafilm_user
--

COPY public.invitor_invitor_code_invited_users (id, invitor_code_id, user_id) FROM stdin;
\.


--
-- Data for Name: movies_actor; Type: TABLE DATA; Schema: public; Owner: evafilm_user
--

COPY public.movies_actor (id, name, page_url, summary, thumb_image) FROM stdin;
235	Jennifer Aniston	\N	\nJennifer Aniston was born in Sherman Oaks, California, to actors John Aniston and Nancy Dow. Her father is Greek, and her mother was of English, Irish, Scottish, and Italian descent. Jennifer spent a year of her childhood living in Greece with her family. Her family then relocated to New York City where her parents divorced when she was nine. ...            \nSee full bio \n            \n	jennifer-aniston.webp
236	Courteney Cox	\N	\nCourteney Cox was born on June 15th, 1964 in Birmingham, Alabama, into an affluent Southern family. She is the daughter of Courteney (Bass) and Richard Lewis Cox (1930-2001), a businessman. She was the baby of the family with two older sisters (Virginia and Dottie) and an older brother, Richard, Jr. She was raised in an exclusive society town, ...            \nSee full bio \n            \n	courteney-cox.webp
237	Lisa Kudrow	\N	\nHardly the dumb blonde of Romy and Michele's High School Reunion (1997), Lisa was born in Encino, California on July 30, 1963. Her mother, Nedra S. (Stern), worked as a travel agent, and her father, Lee N. Kudrow, is a physician. Her parents are both from Jewish families (from Belarus, Russia, and Hungary). Lisa was raised in Tarzana and played ...            \nSee full bio \n            \n	lisa-kudrow.webp
238	Matt LeBlanc	\N	\nMatt LeBlanc was born on 25 July 1967 in Newton, Massachussetts. His mother, Patricia, is of Italian origin, and worked as an office manager, and his father, Paul LeBlanc, who was from a French-Canadian family, was a mechanic. After graduating from high school, he spent some time as a photo model in Florida before moving to New York where he took ...            \nSee full bio \n            \n	matt-leblanc.webp
239	Matthew Perry	\N	\nMatthew Perry was born in Williamstown, Massachusetts, to Suzanne Marie (Langford), a Canadian journalist, and John Bennett Perry, an American actor. His ancestry includes English, Irish, German, Swiss-German, and French-Canadian. Perry was raised in Ottawa, Ontario, where he became a top-ranked junior tennis player in Canada. However, after moving...            \nSee full bio \n            \n	matthew-perry.webp
240	Eddie Murphy	\N	\nEdward Regan Murphy was born April 3, 1961 in Brooklyn, New York, to Lillian Lynch (born: Lillian Laney), a telephone operator, and Charles Edward Murphy, a transit police officer who was also an amateur comedian and actor. After his father died, his mother married Vernon Lynch, a foreman at a Breyer's Ice Cream plant. His brothers are Charlie ...            \nSee full bio \n            \n	eddie-murphy.webp
241	Arsenio Hall	\N	\nArsenio Hall was born on February 12, 1956 in Cleveland, Ohio, USA. He is a producer and actor, known for Coming to America (1988), Coming 2 America (2021) and Harlem Nights (1989).            \nSee full bio \n            \n	arsenio-hall.webp
242	Shari Headley	\N	\nShari Headley was born on July 15, 1964 in Queens, New York City, New York, USA. She is an actress, known for Coming 2 America (2021), On Becoming a God in Central Florida (2019) and Goosebumps 2: Haunted Halloween (2018). She was previously married to Christopher Martin.            \nSee full bio \n            \n	shari-headley.webp
243	Jermaine Fowler	\N	\nJermaine Fowler is an actor and producer, known for Friends of the People (2014), Jermaine Fowler: Give Em Hell Kid (2015) and BoJack Horseman (2014).            \nSee full bio \n            \n	jermaine-fowler.webp
244	Leslie Jones	\N	\nLeslie Jones was born on September 7, 1967 in Memphis, Tennessee, USA. She is an actress and writer, known for Ghostbusters (2016), Coming 2 America (2021) and Masterminds (2016).            \nSee full bio \n            \n	leslie-jones.webp
245	Carey Mulligan	\N	\nCarey Hannah Mulligan is a British actress. She was born May 28, 1985, in Westminster, London, England, to Nano (Booth), a university lecturer, and Stephen Mulligan, a hotel manager. Her mother is from Llandeilo, Wales, and Carey also has Irish and English ancestry. Her first major appearance was playing Kitty Bennet in Pride & Prejudice (2005)...            \nSee full bio \n            \n	carey-mulligan.webp
246	Ralph Fiennes	\N	\nActor Ralph Nathaniel Twisleton-Wykeham-Fiennes was born on December 22, 1962 in Suffolk, England, to Jennifer Anne Mary Alleyne (Lash), a novelist, and Mark Fiennes, a photographer. He is the eldest of six children. Four of his siblings are also in the arts: Martha Fiennes, a director; Magnus Fiennes, a musician; Sophie Fiennes, a producer; and ...            \nSee full bio \n            \n	ralph-fiennes.webp
247	Lily James	\N	\nLily James was born Lily Chloe Ninette Thomson in Esher, Surrey, to Ninette (Mantle), an actress, and Jamie Thomson, an actor and musician. Her grandmother, Helen Horton, was an American actress. She began her education at Arts Educational School in Tring and subsequently went on to study acting at the Guildhall School of Music and Drama in London...            \nSee full bio \n            \n	lily-james.webp
248	Johnny Flynn	\N	\nJoe Flynn, A.K.A. Johnny Flynn, is an English poet, musician, and actor. He is the son of Eric Flynn, who was an actor who specialized in musicals. As a child, Johnny sang in the Winchester College chapel choir. He knew that he wanted to be a musician after listening to the Bob Dylan record, "Freewheelin,'" when he was eleven years old. Johnny is ...            \nSee full bio \n            \n	johnny-flynn.webp
249	Stephen Worrall	\N	\nStephen Worrall is an actor, known for The Dig (2021).            \nSee full bio \n            \n	stephen-worrall.webp
250	George Clooney	\N	\nGeorge Timothy Clooney was born on May 6, 1961, in Lexington, Kentucky, to Nina Bruce (ne Warren), a former beauty pageant queen, and Nick Clooney, a former anchorman and television host (who was also the brother of singer Rosemary Clooney). He has English, German and Irish ancestry. Clooney spent most of his youth in Ohio and Kentucky, and ...            \nSee full bio \n            \n	george-clooney.webp
251	Felicity Jones	\N	\nFelicity Rose Hadley Jones is an English actress and producer. Jones started her professional acting career as a child, appearing at age 12 in The Treasure Seekers (1996). She went on to play Ethel Hallow for one series in the television show The Worst Witch and its sequel Weirdsister College. After Kings Norton Girls School, Jones attended King ...            \nSee full bio \n            \n	felicity-jones.webp
252	David Oyelowo	\N	\nDavid Oyelowo also known as 'David O', is a classically trained stage actor who has quickly become one of Hollywood's most sought-after talents. He graduated from the London Academy of Music and Dramatic Art (LAMDA), and received the "Scholarship for Excellence" from Nicholas Hytner in 1998. David most notably starred as Martin Luther King Jr. in ...            \nSee full bio \n            \n	david-oyelowo.webp
253	Caoilinn Springall	\N	\nCaoilinn Springall is an actress, known for The Midnight Sky (2020) and Citadel.            \nSee full bio \n            \n	caoilinn-springall.webp
254	Kyle Chandler	\N	\nKyle M. Chandler is an Emmy-winning American actor who was born in Buffalo, New York in 1965. He resides in the United States with his wife, Kathryn Chandler, and their two children, Sawyer and Sydney. Some of his most notable credits include "Friday Night Lights" (Friday Night Lights (2006)), "Bloodline" (Bloodline (2015)), The Wolf of Wall ...            \nSee full bio \n            \n	kyle-chandler.webp
255	Tom Hanks	\N	\nThomas Jeffrey Hanks was born in Concord, California, to Janet Marylyn (Frager), a hospital worker, and Amos Mefford Hanks, an itinerant cook. His mother's family, originally surnamed "Fraga", was entirely Portuguese, while his father was of mostly English ancestry. Tom grew up in what he has called a "fractured" family. He moved around a great ...            \nSee full bio \n            \n	tom-hanks.webp
256	Helena Zengel	\N	\nHelena Zengel was born on June 10, 2008 in Berlin, Germany. She is an actress, known for News of the World (2020), Systemsprenger (2019) and Die Tochter (2017).            \nSee full bio \n            \n	helena-zengel.webp
257	Tom Astor	\N	\nTom Astor is an actor, known for News of the World (2020), Mile 22 (2018) and ER (1994).            \nSee full bio \n            \n	tom-astor.webp
258	Travis Johnson	\N	\nTravis Johnson is known for his work on The Ballad of Buster Scruggs (2018), Odd Thomas (2013) and The Magnificent Seven (2016).            \nSee full bio \n            \n	travis-johnson.webp
259	Andy Kastelic	\N	\nAndy Kastelic is an actor and director, known for News of the World (2020), Roswell, New Mexico (2019) and Dreamland (2019).            \nSee full bio \n            \n	andy-kastelic.webp
260	Adam Sandler	\N	\nAdam Richard Sandler was born September 9, 1966 in Brooklyn, New York, to Judith (Levine), a teacher at a nursery school, and Stanley Alan Sandler, an electrical engineer. He is of Russian Jewish descent. At 17, he took his first step towards becoming a stand-up comedian when he spontaneously took the stage at a Boston comedy club. He found he was...            \nSee full bio \n            \n	adam-sandler.webp
261	Kevin James	\N	\nKevin James was born Kevin George Knipfing on April 26, 1965, in Mineola, Long Island, New York, to Janet (Klein), an office worker, and Joseph Valentine Knipfing, Jr., an insurance agency owner. He was raised in Stony Brook, and attended SUNY Cortland, where he played fullback on the football team while majoring in sports management. He realized ...            \nSee full bio \n            \n	kevin-james.webp
262	Julie Bowen	\N	\nJulie Bowen was born in Baltimore, Maryland, and is the middle daughter of Suzanne and John Luetkemeyer Jr., a real estate developer. Her early education was at Calvert School in Baltimore, and Garrison Forest School, Maryland. She moved on to St. George's School, Rhode Island and then attended Brown University, graduating with a BA in Renaissance...            \nSee full bio \n            \n	julie-bowen.webp
263	Ray Liotta	\N	\nIntense is the word for Ray Liotta. He specializes in psychopathic characters who hide behind a cultivated charm. Even in his nice-guy roles in Field of Dreams (1989) and Operation Dumbo Drop (1995), you get the impression that something is smoldering inside of him. Liotta maintains a steady stream of work, completing multiple projects per year. ...            \nSee full bio \n            \n	ray-liotta.webp
264	Steve Buscemi	\N	\nSteve Buscemi was born in Brooklyn, New York, to Dorothy (Wilson), a restaurant hostess, and John Buscemi, a sanitation worker. He is of Italian (father) and English, Dutch, and Irish (mother) descent. He became interested in acting during his last year of high school. After graduating, he moved to Manhattan to study acting with John Strasberg. He...            \nSee full bio \n            \n	steve-buscemi.webp
265	Millie Bobby Brown	\N	\nMillie Bobby Brown (born 19 February 2004) is an English actress and model. She rose to prominence for her role as Eleven in the Netflix science fiction drama series Stranger Things (2016), for which she earned a Primetime Emmy Award nomination for Outstanding Supporting Actress in a Drama Series at age 13. She is also the youngest person ever to ...            \nSee full bio \n            \n	millie-bobby-brown.webp
266	Henry Cavill	\N	\nHenry William Dalgliesh Cavill was born on the Bailiwick of Jersey, a British Crown dependency in the Channel Islands. His mother, Marianne (Dalgliesh), a housewife, was also born on Jersey, and is of Irish, Scottish and English ancestry. Henry's father, Colin Richard Cavill, a stockbroker, is of English origin (born in Chester, England). Henry is...            \nSee full bio \n            \n	henry-cavill.webp
267	Sam Claflin	\N	\nEnglish actor Sam Claflin was born in Ipswich, England, to Susan A. (Clarke), a classroom assistant, and Mark J. Claflin, a finance officer. As a child, he was football-mad, often going to see his favorite team, Norwich City. He was a talented footballer, playing for Norwich schools at city level and Norfolk county level. However, he suffered two ...            \nSee full bio \n            \n	sam-claflin.webp
268	Helena Bonham Carter	\N	\nHelena Bonham Carter is an actress of great versatility, one of the UK's finest and most successful. Bonham Carter was born May 26, 1966 in Golders Green, London, England, the youngest of three children of Elena (ne Propper de Callejn), a psychotherapist, and Raymond Bonham Carter, a merchant banker. Through her father, she is the ...            \nSee full bio \n            \n	helena-bonham-carter.webp
269	Louis Partridge	\N	\nLouis Partridge was born on June 3, 2003 in London, United Kingdom. He is an actor, known for Enola Holmes (2020), Medici (2016) and Amazon Adventure (2017).            \nSee full bio \n            \n	louis-partridge.webp
270	Maisie Williams	\N	\nMargaret Constance "Maisie" Williams (born 15 April 1997) is an English actress. She made her professional acting debut as Arya Stark in the HBO fantasy television series Game of Thrones, for which she won the EWwy Award for Best Supporting Actress in a Drama, the Portal Award for Best Supporting Actress - Television and Best Young Actor, and the ...            \nSee full bio \n            \n	maisie-williams.webp
271	Anya Taylor-Joy	\N	\nAnya Josephine Marie Taylor-Joy (born 16 April 1996) is an actress. She is best known for her roles as Beth Harmon in The Queen's Gambit (2020), Thomasin in the period horror film The VVitch: A New-England Folktale (2015), as Casey Cooke in the horror-thriller Split (2016), and as Lily in the black comedy thriller Thoroughbreds (2017). She has ...            \nSee full bio \n            \n	anya-taylor-joy.webp
272	Charlie Heaton	\N	\nCharlie Heaton was born on February 6, 1994 in Leeds, West Yorkshire, England. He is an actor, known for The New Mutants (2020), Stranger Things (2016) and Shut In (2016).            \nSee full bio \n            \n	charlie-heaton.webp
273	Alice Braga	\N	\nAlice Braga Moraes born April 15, 1983 is a Brazilian actress. She has appeared in several Brazilian films, most notably as Anglica in 2002's highly acclaimed City of God and as Karina in 2005's Lower City. She came to international prominence after appearing opposite Will Smith in I Am Legend (2007) and has since become a familiar face in ...            \nSee full bio \n            \n	alice-braga.webp
274	Blu Hunt	\N	\nBlu Hunt (born July 11, 1995) is an American actress. Blu Hunt is an American famed star of The CW's fantasy-drama series "The Originals", in which she played the recurring role of Inadu, The Hollow in 2017. She made her acting debut with 2015 Sam Moores directed drama short film "One Block Away" as Erica. She also appeared in the 2016's two TV ...            \nSee full bio \n            \n	blu-hunt.webp
275	Gerard Butler	\N	\nGerard James Butler was born in Paisley, Scotland, to Margaret and Edward Butler, a bookmaker. His family is of Irish origin. Gerard spent some of his very early childhood in Montreal, Quebec, but was mostly raised, along with his older brother and sister, in his hometown of Paisley. His parents divorced when he was a child, and he and his ...            \nSee full bio \n            \n	gerard-butler.webp
276	Morena Baccarin	\N	\nMorena Baccarin was born in Rio de Janeiro, Brazil, to actress Vera Setta and journalist Fernando Baccarin. Her uncle was actor Ivan Setta. Morena has Italian and Brazilian Portuguese ancestry. She moved to New York at the age of 10, when her father was transferred there. She attended the LaGuardia High School of Music and Performing Arts and then...            \nSee full bio \n            \n	morena-baccarin.webp
277	Roger Dale Floyd	\N	\nRoger Dale Floyd is an American actor known for The Walking Dead World Beyond, Stargirl, Greenland, and Doctor Sleep. He is the son of actor/artist Roger Floyd and pen and ink artist Andrea Tokan Floyd. He began acting at the age of five and is already gaining a reputation as a rising and stellar young talent.            \nSee full bio \n            \n	roger-dale-floyd.webp
278	Scott Glenn	\N	\nScott Glenn was born January 26, 1939, in Pittsburgh, Pennsylvania, to Hope Elizabeth and Theodore Glenn, a salesman. As he grew up in Appalachia, his health was poor; he was bedridden for a year and doctors predicted he would limp for the rest of his life. During long periods of illness, Glenn was reading a lot and "dreaming of becoming Lord ...            \nSee full bio \n            \n	scott-glenn.webp
279	Randal Gonzalez	\N	\nRandal (Randy) Arturo Gonzalez was born on May 27, in Jefferson, La., a suburb of New Orleans to Ruben "Mr. Salsa" Gonzalez, a famous Spanish singer and Nancy H. Gonzalez (nee Houston), a Hospital Administrator. The second of 4 children, Randy grew up in a tough neighborhood full of kids where he played all sports. He excelled and was all District...            \nSee full bio \n            \n	randal-gonzalez.webp
280	Yifei Liu	\N	\nLiu Yifei was born in Wuhan, on August 25, 1987. She began modeling at 8. She was trained in singing, dancing & the piano. She moved to the U.S. at 10 w/ her mom, where she lived for 4 years. She returned to China in June 2002 to pursue a modeling & acting career. In September 2002, she was accepted into the Performance Institute of Beijing Film ...            \nSee full bio \n            \n	yifei-liu.webp
281	Donnie Yen	\N	\nDonnie Yen was born in Guangzhou, China. His mother, Bow-sim Mark, was a kung fu master and his father, Kylster Yen, a newspaper editor and amateur musician. When Donnie was just two years old, the family moved to Hong Kong and then, when he was 11, to Boston, Massachusetts. There, Master Bow-sim Mark became a pioneer for Chinese martial arts in ...            \nSee full bio \n            \n	donnie-yen.webp
282	Gong Li	\N	\nBorn in Shenyang, grew up in Jinan, the daughter of an economics professor. Loved music from childhood, and dreamed of a singing career. After failing to gain entrance to China's top music school in 1985, applied for and was admitted to the Central Drama Academy in Beijing, from which she graduated in 1989. While still a student, was cast as the ...            \nSee full bio \n            \n	gong-li.webp
283	Jet Li	\N	\nJet Li born Li Lian Jie in Beijing, China. He started training at the Beijing wushu academy (wushu is China's national sport, largely a performance version of various martial art styles) at age eight. He won five gold medals in the Chinese championships, his first when he was only 11. In his teens, he was already a national coach, and before he ...            \nSee full bio \n            \n	jet-li.webp
284	Jason Scott Lee	\N	\nOf Hawaiian and Chinese descent, Jason Scott Lee was born in Los Angeles, California, but raised in Hawaii from the age of two. His interest in acting began while studying in high school. It blossomed further when he enrolled in Fullerton College, where he studied under acting coach Sal Romeo. His first film role was in Born in East L.A. (1987). ...            \nSee full bio \n            \n	jason-scott-lee.webp
285	Vin Diesel	\N	\nVin Diesel was born Mark Sinclair in Alameda County, California, along with his fraternal twin brother, Paul Vincent. He was raised by his astrologer/psychologist mother, Delora Sherleen (Sinclair), and adoptive father, Irving H. Vincent, an acting instructor and theatre manager, in an artists' housing project in New York City's Greenwich Village....            \nSee full bio \n            \n	vin-diesel.webp
286	Eiza Gonzlez	\N	\nEiza Gonzlez Reyna is a Mexican actress and singer. She was born on January 30, 1990 in Mexico City, Mexico, to Carlos Gonzlez and Glenda Reyna. Her mother is a yesteryear Mexican model. She has one elder brother, Yulen. She lost her father in a motorcycle accident when she was just 12. Later in September 2015, she revealed that due to this ...            \nSee full bio \n            \n	eiza-gonzlez.webp
287	Sam Heughan	\N	\nSam Roland Heughan was born April 30, 1980 in Balmaclellan, Dumfries and Galloway, Scotland. An accomplished stage and screen actor best known for his leading roles in Starz TV Series Outlander (2014-2021), A Princess for Christmas (2011), and A Very British Sex Scandal (2007). He attended the Royal Scottish Academy of Music and Drama (now the ...            \nSee full bio \n            \n	sam-heughan.webp
288	Toby Kebbell	\N	\nToby Kebbell was born in 1982 in Pontefract, Yorkshire. He then moved to Nottinghamshire, where he grew up. Aged 17 he joined the Central Television Workshop in Nottingham. Toby's breakthrough came when Shane Meadows saw him at the Central Television Workshop and cast him in the role of Anthony in the film Dead Man's Shoes opposite Paddy Considine....            \nSee full bio \n            \n	toby-kebbell.webp
289	Talulah Riley	\N	\nTalulah Riley is an English actress. She has appeared in films such as Pride & Prejudice (2005), St. Trinian's (2007), The Boat That Rocked (2009) and Inception (2010). She made her stage debut in The Philadelphia Story at the Old Vic in 2005. Her television credits include episodes of Poirot (Poirot: Five Little Pigs (2003)), Marple (Agatha ...            \nSee full bio \n            \n	talulah-riley.webp
290	Tom Holland	\N	\nThomas Stanley Holland was born in Kingston-upon-Thames, Surrey, to Nicola Elizabeth (Frost), a photographer, and Dominic Holland (Dominic Anthony Holland), who is a comedian and author. His paternal grandparents were from the Isle of Man and Ireland, respectively. He lives with his parents and three younger brothers - Paddy and twins Sam and ...            \nSee full bio \n            \n	tom-holland.webp
291	Chris Pratt	\N	\nChristopher Michael Pratt is an American film and television actor. He came to prominence for his small-screen roles, including Bright Abbott in Everwood (2002), Ch in The O.C. (2003), and Andy Dwyer and Parks and Recreation (2009), and notable film roles in Moneyball (2011), The Five-Year Engagement (2012), Zero Dark Thirty (2012), Delivery Man ...            \nSee full bio \n            \n	chris-pratt.webp
368	Michael Harding	\N	\nMichael Harding is an actor, known for Just Mercy (2019).            \nSee full bio \n            \n	michael-harding.webp
292	Julia Louis-Dreyfus	\N	\nJulia Louis-Dreyfus was born on January 13, 1961, in the New York City borough of Manhattan, to Judith (LeFever), a special needs tutor and author, and Grard Louis-Dreyfus, a billionaire businessman. Her parents divorced when she was young, and she spent her childhood in Washington, D.C., and New York. She met her husband, Brad Hall, while in ...            \nSee full bio \n            \n	julia-louis-dreyfus.webp
293	Octavia Spencer	\N	\nSpencer is a native of Montgomery, Alabama, which she claims is the proverbial buckle of the Bible belt. She's the sixth of seven siblings and holds a BS in Liberal Arts from Auburn University. A "closet" lover of acting, this practical Alabamian knew that she'd someday work in the film industry, but never dreamed it would be in front of the ...            \nSee full bio \n            \n	octavia-spencer.webp
294	Mel Rodriguez	\N	\nMel Rodriguez was born on June 12, 1973 in Miami, Florida, USA as Melvin Dimas Rodriguez. He is an actor, known for Little Miss Sunshine (2006), Panic Room (2002) and The Watch (2012).            \nSee full bio \n            \n	mel-rodriguez.webp
295	Anthony Hopkins	\N	\nAnthony Hopkins was born on December 31, 1937, in Margam, Wales, to Muriel Anne (Yeats) and Richard Arthur Hopkins, a baker. His parents were both of half Welsh and half English descent. Influenced by Richard Burton, he decided to study at College of Music and Drama and graduated in 1957. In 1965, he moved to London and joined the National Theatre...            \nSee full bio \n            \n	anthony-hopkins.webp
296	Olivia Colman	\N	\nOlivia Colman was born on January 30, 1974 in Norwich, Norfolk, England as Sarah Caroline Olivia Colman. She is an actress, known for The Favourite (2018), Tyrannosaur (2011) and The Lobster (2015). She has been married to Ed Sinclair since August 2001. They have three children.            \nSee full bio \n            \n	olivia-colman.webp
297	Mark Gatiss	\N	\nMark Gatiss is an accomplished author, actor and playwright. Originally from Sedgefield, County Durham, he graduated from Bretton Hall Drama College with a BA (honors) in Theatre Arts. He was one-quarter of the award-winning comedy team The League of Gentlemen (1999), and became heavily involved in the post-television Doctor Who (1963) scene, ...            \nSee full bio \n            \n	mark-gatiss.webp
298	Olivia Williams	\N	\nOlivia began her career on the stage at the RSC and The National Theatre, breaking into TV with the Andrew Davies adaptation of Emma (1996). From a damp basement in Camden Town she won the role of Abby in the $120 million blockbuster The Postman (1997) starring alongside Kevin Costner. In the following year, Olivia was cast as Rosemary Cross in ...            \nSee full bio \n            \n	olivia-williams.webp
299	Imogen Poots	\N	\nBritish actress Imogen Poots was born in Hammersmith, London, England, the daughter of English-born Fiona (Goodall), a journalist, and Trevor Poots, a Northern Ireland-born television producer. She was educated at Bute House Preparatory School for Girls, Queen's Gate School for Girls and Latymer Upper School, all in London. When she was a teenager...            \nSee full bio \n            \n	imogen-poots.webp
300	Steven Yeun	\N	\nSteven Yeun was born in Seoul, South Korea, to June and Je Yeun. His family first immigrated to Canada and stayed there for one year, and then moved to the U.S. He has a brother named Brian. He began acting while at Kalamazoo College in Kalamazoo, MI, where he studied Psychology as a major (BS in Psychology, 2005). When he realized his love for ...            \nSee full bio \n            \n	steven-yeun.webp
301	Yeri Han	\N	\nYeri Han is an actress, known for Minari (2020), Worst Woman (2016) and Haemoo (2014).            \nSee full bio \n            \n	yeri-han.webp
302	Alan S. Kim	\N	\nAt 7, Alan S. Kim has stolen hearts & earned rave reviews for his portrayal of David Yi, a first generation Korean-American living in rural Arkansas w/ a heart condition in Lee Isaac Chung's Minari. Ar 8, he won the 2021 Critics' Choice Award for Best Young Actor/Actress & was nominated for a BAFTA for best supporting actor. Minari won both the ...            \nSee full bio \n            \n	alan-s.-kim.webp
303	Noel Cho	\N	\nNoel Cho is an actress.            \nSee full bio \n            \n	noel-cho.webp
304	Darryl Cox	\N	\nDarryl Cox was born on April 8, 1955 in Wiesbaden, Hesse, Germany. He is an actor and director, known for Arlington Road (1999), Bottle Rocket (1996) and RoboCop (1987). He was previously married to Susanne Ingels.            \nSee full bio \n            \n	darryl-cox.webp
305	Ben Schwartz	\N	\nBen Schwartz is known for playing Jean-Ralphio in the American comedy TV series "Parks and Recreation." He plays an annoying yet lovable character who thinks he is a player and a baller and often uses insurance money and his father's money to buy whatever he wants. Jean-Ralphio was created for Schwartz when he met co-creator of the show Michael ...            \nSee full bio \n            \n	ben-schwartz.webp
306	James Marsden	\N	\nJames Paul Marsden, or better known as just James Marsden, was born on September 18, 1973, in Stillwater, Oklahoma, to Kathleen (Scholz) and James Luther Marsden. His father, a distinguished Professor of Animal Sciences & Industry at Kansas State University, and his mother, a nutritionist, divorced when he was nine years old. James grew up with ...            \nSee full bio \n            \n	james-marsden.webp
307	Jim Carrey	\N	\nJim Carrey, Canadian-born and a U.S. citizen since 2004, is an actor and producer famous for his rubbery body movements and flexible facial expressions. The two-time Golden Globe-winner rose to fame as a cast member of the Fox sketch comedy In Living Color (1990) but leading roles in Ace Ventura: Pet Detective (1994), Dumb and Dumber (1994) and ...            \nSee full bio \n            \n	jim-carrey.webp
308	Tika Sumpter	\N	\nTika Sumpter was born in New York and graduated from Marymount Manhattan College. Sumpter began her career as model, before she landed the role of "Layla Williamson" in ABC's daytime soap opera, One Life to Live (1968) (2005-2010, 2011). After she left the soap, Sumpter won a recurring role in the CW series, Gossip Girl (2007), and appeared in the ...            \nSee full bio \n            \n	tika-sumpter.webp
309	Natasha Rothwell	\N	\nNatasha Rothwell was born on October 18, 1980 in Wichita, Kansas, USA. She is an actress and writer, known for Saturday Night Live (1975), The Characters (2016) and Insecure (2016).            \nSee full bio \n            \n	natasha-rothwell.webp
310	Kristen Stewart	\N	\nThough most famous for her role as Isabella "Bella" Swan in The Twilight (2008) Saga, Kristen Stewart has been a working actor since her early years in Los Angeles, California, where she was born. Her parents, John Stewart and Jules Stewart, both work in film and television. The family includes three boys, her older brother Cameron Stewart and two...            \nSee full bio \n            \n	kristen-stewart.webp
369	Zoe Margaret Colletti	\N	\nZoe Margaret Colletti is an actress, known for Scary Stories to Tell in the Dark (2019), Annie (2014) and Wildlife (2018).            \nSee full bio \n            \n	zoe-margaret-colletti.webp
311	Vincent Cassel	\N	\nBlue-eyed Vincent Cassel was born in Paris to a leading actor father, Jean-Pierre Cassel, and a journalist mother, Sabine Litique. Often labeled as a tough guy because of his roles, eclectic choices and talent have made of him a star of European cinema. First in La haine (1995), the young actor, actually coming from upper classes, succeeded to ...            \nSee full bio \n            \n	vincent-cassel.webp
312	Mamoudou Athie	\N	\nMamoudou Athie is an actor and producer, known for The Circle (2017), Underwater (2020) and The Get Down (2016).            \nSee full bio \n            \n	mamoudou-athie.webp
313	T.J. Miller	\N	\nA comedian. Improvisation, sketch and stand-up are his forte. Todd Joseph Miller was born in Denver, Colorado, to Leslie, a clinical psychologist, and Kent Miller, an attorney. He went to East High School, and college in Washington, D.C. There, he performed with the group receSs for 4 years, being the only person in his class out of 100 to audition...            \nSee full bio \n            \n	t.j.-miller.webp
314	John Gallagher Jr.	\N	\nJohn Gallagher Jr. has appeared in several television programs, including The West Wing (1999), Law & Order: Special Victims Unit (1999), NYPD Blue (1993), Ed (2000), Love Monkey (2006), and Hallmark Hall of Fame's film The Flamingo Rising (2001). He played Jim Harper in Aaron Sorkin's The Newsroom (2012) which aired on HBO. He also appeared ...            \nSee full bio \n            \n	john-gallagher-jr..webp
315	Robert Downey Jr.	\N	\nRobert Downey Jr. has evolved into one of the most respected actors in Hollywood. With an amazing list of credits to his name, he has managed to stay new and fresh even after over four decades in the business. Downey was born April 4, 1965 in Manhattan, New York, the son of writer, director and filmographer Robert Downey Sr. and actress Elsie Downey...            \nSee full bio \n            \n	robert-downey-jr..webp
316	Antonio Banderas	\N	\nAntonio Banderas, one of Spain's most famous faces, was a soccer player until breaking his foot at the age of fourteen; he is now an international film star known for playing Zorro in the eponymous film series. He was born Jos Antonio Domnguez Banderas on August 10, 1960, in Mlaga, Andalusia, Spain. His father, Jose Dominguez, was a policeman in...            \nSee full bio \n            \n	antonio-banderas.webp
317	Michael Sheen	\N	\nEven though he had burned up the London stage for nearly a decade--and appeared in several films--Michael Sheen was not really "discovered" by American audiences until his critically-acclaimed turn as Wolfgang Amadeus Mozart in the 1999 Broadway revival of "Amadeus". Sheen was born in Newport, Wales, the only son of Irene (Thomas) and Meyrick Sheen...            \nSee full bio \n            \n	michael-sheen.webp
318	Jim Broadbent	\N	\nOne of England's most versatile character actors, Jim Broadbent was born on May 24, 1949, in Lincolnshire, the youngest son of furniture maker Roy Laverick Broadbent and sculptress Doreen "Dee" (Findlay) Broadbent. Jim attended a Quaker boarding school in Reading before successfully applying for a place at an art school. His heart was in acting, ...            \nSee full bio \n            \n	jim-broadbent.webp
319	Jessie Buckley	\N	\nJessie Buckley is an Irish singer and actress, who came in second place in the BBC talent show-themed television series I'd Do Anything, and subsequently played Anne Egermann in the West End revival of Stephen Sondheim's A Little Night Music. Most recently, Buckley played Lyudmilla Ignatenko in the HBO drama miniseries, Chernobyl. She also ...            \nSee full bio \n            \n	jessie-buckley.webp
320	Saoirse Ronan	\N	\nSaoirse Una Ronan was born in The Bronx, New York City, New York, United States, to Irish parents, Monica Ronan (ne Brennan) and Paul Ronan, an actor. When Saoirse was three, the family moved back to Dublin, Ireland. Saoirse grew up in Dublin and briefly in Co. Carlow before moving back to Dublin with her parents. Saoirse made her first TV ...            \nSee full bio \n            \n	saoirse-ronan.webp
321	Emma Watson	\N	\nEmma Charlotte Duerre Watson was born in Paris, France, to British parents, Jacqueline Luesby and Chris Watson, both lawyers. She moved to Oxfordshire when she was five, where she attended the Dragon School. From the age of six, Emma knew that she wanted to be an actress and, for a number of years, she trained at the Oxford branch of Stagecoach ...            \nSee full bio \n            \n	emma-watson.webp
322	Florence Pugh	\N	\nFlorence Pugh is an English actress. She is known for The Falling (2014), her film debut, Lady Macbeth (2016), Outlaw King (2018), Fighting with My Family (2019), and Midsommar (2019). Pugh also appear in the ITV detective series Marcella and starred in the AMC Mini-Series The Little Drummer Girl. In 2018 she was nominated for a BAFTA EE Rising Star...            \nSee full bio \n            \n	florence-pugh.webp
323	Eliza Scanlen	\N	\nAustralian actress Eliza Scanlen is perhaps best know for her starring role as Amma Crellin opposite Amy Adams and Patricia Clarkson in the HBO critically acclaimed drama series "Sharp Objects". Based off of the novel written by Gillian Flynn of the same name, the story centers on reporter Camille Preaker (Adams), fresh from a psychiatric hospital...            \nSee full bio \n            \n	eliza-scanlen.webp
324	Laura Dern	\N	\nLaura Dern was born on February 10, 1967 in Los Angeles, the daughter of actors Bruce Dern and Diane Ladd. Dern was exposed to movie sets and the movie industry from infancy, and obtained several bit parts as a child. Her parents divorced when Dern was two and Dern lost contact with her father for several years as a result. Her parents' background ...            \nSee full bio \n            \n	laura-dern.webp
325	Dwayne Johnson	\N	\nDwayne Douglas Johnson, also known as The Rock, was born on May 2, 1972 in Hayward, California. He is the son of Ata Johnson (born Feagaimaleata Fitisemanu Maivia) and professional wrestler Rocky Johnson (born Wayde Douglas Bowles). His father, from Amherst, Nova Scotia, Canada, is black (of Black Nova Scotian descent), and his mother is of Samoan...            \nSee full bio \n            \n	dwayne-johnson.webp
326	Jack Black	\N	\nJack Black was born Thomas Jacob Black in Santa Monica, California, to Judith Love (Cohen) and Thomas William Black, both satellite engineers. He is of British-German (father) and Russian Jewish (mother) ancestry. Black attended the University of California at Los Angeles. While at UCLA, he was a member of Tim Robbins's acting troupe and it was ...            \nSee full bio \n            \n	jack-black.webp
327	Kevin Hart	\N	\nKevin Hart was born on July 6, 1979 in Philadelphia, Pennsylvania, USA as Kevin Darnell Hart. He is a producer and writer, known for Ride Along (2014), Central Intelligence (2016) and Grudge Match (2013). He has been married to Eniko Parrish since August 13, 2016. They have one child. He was previously married to Torrei Hart.            \nSee full bio \n            \n	kevin-hart.webp
328	Karen Gillan	\N	\nKaren Sheila Gillan was born and raised in Inverness, Scotland, as the only child of Marie Paterson and husband John Gillan, who is a singer and recording artist. She developed a love for acting very early on, attending several youth theatre groups and taking part in a wide range of productions at her school, Charleston Academy. At age 16, Karen ...            \nSee full bio \n            \n	karen-gillan.webp
329	Awkwafina	\N	\nNora Lum, known professionally as Awkwafina, is an American actress and rapper. She has played supporting roles in the comedy films Ocean's 8 and Crazy Rich Asians (2018), and her leading role in the comedy-drama The Farewell (2019) earned her a Golden Globe Award for Best Actress nomination. She has released two albums, Yellow Ranger (2014) and In...            \nSee full bio \n            \n	awkwafina.webp
330	Rhys Darby	\N	\nRhys Darby was born on March 21, 1974 in New Zealand as Rhys Montague Darby. He is an actor and writer, known for Yes Man (2008), Flight of the Conchords (2007) and Guns Akimbo (2019). He has been married to Rosie Carnahan-Darby since January 25, 2004. They have two children.            \nSee full bio \n            \n	rhys-darby.webp
331	Jason Schwartzman	\N	\nJason Schwartzman was born on June 26, 1980 in Los Angeles, California, USA as Jason Francesco Schwartzman. He is an actor, known for Rushmore (1998), The Darjeeling Limited (2007) and Moonrise Kingdom (2012). He has been married to Brady Cunningham since July 11, 2009. They have two children.            \nSee full bio \n            \n	jason-schwartzman.webp
332	J.K. Simmons	\N	\nJ.K. Simmons is an American actor. He was born Jonathan Kimble Simmons in Grosse Pointe, Michigan, to Patricia (Kimble), an administrator, and Donald William Simmons, a music teacher. He attended the Ohio State University, Columbus, OH; University of Montana, Missoula, MT (BA in Music). He had originally planned to be a singer and studied at the ...            \nSee full bio \n            \n	j.k.-simmons.webp
333	Rashida Jones	\N	\nRashida Jones was born in Los Angeles, California, the younger daughter of media mogul, producer, and musician Quincy Jones and actress Peggy Lipton. She has an older sister, Kidada Jones, and five half-siblings by her father's other relationships. Her father is African-American and her mother is Ashkenazi Jewish (a descendant of emigrants from ...            \nSee full bio \n            \n	rashida-jones.webp
334	Will Sasso	\N	\nWill Sasso was born in Ladner, British Columbia (a suburb of Vancouver), to a family of Italian descent. He grew up respecting comedy of all styles, thanks in part to an unhealthy relationship with the family television that began when Will was around two or three. With his mind consequently bent, Sasso decided at an early age to become an actor. ...            \nSee full bio \n            \n	will-sasso.webp
335	Neda Margrethe Labba	\N	\nNeda Margrethe Labba is an actress, known for Klaus (2019) and Beaivvi nieida (2018).            \nSee full bio \n            \n	neda-margrethe-labba.webp
336	Madison Ingoldsby	\N	\nMadison Ingoldsby is an actress, known for Last Christmas (2019).            \nSee full bio \n            \n	madison-ingoldsby.webp
337	Emma Thompson	\N	\nEmma Thompson was born on April 15, 1959 in Paddington, London, into a family of actors - father Eric Thompson and mother Phyllida Law, who has co-starred with Thompson in several films. Her sister, Sophie Thompson, is an actor as well. Her father was English-born and her mother is Scottish-born. Thompson's wit was cultivated by a cheerful, clever...            \nSee full bio \n            \n	emma-thompson.webp
338	Boris Isakovic	\N	\nBoris Isakovic was born on December 14, 1966 in Novi Sad, Serbia, Yugoslavia. He is an actor, known for Last Christmas (2019), The Last Panthers (2015) and Beli, beli svet (2010). He is married to Jasna Djuricic.            \nSee full bio \n            \n	boris-isakovic.webp
339	Lucy Miller	\N	\nLucy Miller is known for her work on Last Christmas (2019), What Lies Below (2020) and Ready or Not (2017).            \nSee full bio \n            \n	lucy-miller.webp
340	Emilia Clarke	\N	\nBritish actress Emilia Clarke was born in London and grew up in Oxfordshire, England. Her father was a theatre sound engineer and her mother is a businesswoman. Her father was working on a theatre production of "Show Boat" and her mother took her along to the performance. This is when, at the age of 3, her passion for acting began. From 2000 to ...            \nSee full bio \n            \n	emilia-clarke.webp
341	Kristen Bell	\N	\nKristen Anne Bell (born 1980) is an American actress and singer. She was born and raised in Huntington Woods, Michigan, and is the daughter of Lorelei (Frygier), a nurse, and Tom Bell, a television news director. Her ancestry is Polish (mother) and German, English, Irish, and Scottish (father). Kristen found her talent in entertainment at an early...            \nSee full bio \n            \n	kristen-bell.webp
342	Idina Menzel	\N	\nBorn May 30, 1971 in New York City, New York, US as Idina Kim Mentzel, she is an American actress, singer, and songwriter, best known for originating the roles of Maureen in "Rent" and Elphaba in "Wicked" and as the voice of Elsa in Frozen (2013). Her mother, Helene Goldberg, was a therapist and her father, Stuart Mentzel, was a pajama salesman. ...            \nSee full bio \n            \n	idina-menzel.webp
343	Josh Gad	\N	\nJosh Gad was born on February 23, 1981 in Hollywood, Florida, USA. He is an actor and producer, known for Frozen (2013), Beauty and the Beast (2017) and Pixels (2015). He has been married to Ida Darvish since May 10, 2008. They have two children.            \nSee full bio \n            \n	josh-gad.webp
344	Jonathan Groff	\N	\nJonathan Groff was born on March 26, 1985 in Lancaster, Pennsylvania, USA as Jonathan Drew Groff. He is an actor, known for Frozen (2013), Hamilton (2020) and Mindhunter (2017).            \nSee full bio \n            \n	jonathan-groff.webp
345	Sterling K. Brown	\N	\nEmmy Award-winning actor Sterling K. Brown stars in NBC's Emmy and Golden Globe nominated drama series THIS IS US. For his role as Randall Pearson, Brown won an Emmy Award for Outstanding Lead Actor in a Drama Series, as well as a Golden Globe, becoming the first African American actor to win his category in the award show's 75-year history. ...            \nSee full bio \n            \n	sterling-k.-brown.webp
346	Santino Fontana	\N	\nSantino Fontana was born on March 21, 1982 in Stockton, California, USA as Santino Anthony Fontana. He is an actor, known for Frozen (2013), Crazy Ex-Girlfriend (2015) and Sisters (2015). He has been married to Jessica Hershberg since September 5, 2015.            \nSee full bio \n            \n	santino-fontana.webp
347	Angelina Jolie	\N	\nAngelina Jolie is an Academy Award-winning actress who rose to fame after her role in Girl, Interrupted (1999), playing the title role in the "Lara Croft" blockbuster movies, as well as Mr. & Mrs. Smith (2005), Wanted (2008), Salt (2010) and Maleficent (2014). Off-screen, Jolie has become prominently involved in international charity projects,...            \nSee full bio \n            \n	angelina-jolie.webp
348	Elle Fanning	\N	\nMary Elle Fanning was born on the 9th of April 1998 in Conyers, Georgia, USA, to Heather Joy (Arrington) and Steven J. Fanning. Her mother played professional tennis, and her father, now an electronics salesman, played minor league baseball. She is of German, Irish, English, French, and Channel Islander descent. Elle's ascent into stardom began ...            \nSee full bio \n            \n	elle-fanning.webp
349	Sharlto Copley	\N	\nSharlto Copley was born in Johannesburg, South Africa, to Linda Stocks and Bruce Copley, a former university professor. His childhood dreams of acting were put on hold for many years when his television production company was one of few in his native South Africa granted licensing to create content for broadcast. Rather than acting in front of the...            \nSee full bio \n            \n	sharlto-copley.webp
350	Lesley Manville	\N	\nLesley Manville was born on March 12, 1956 in Brighton, East Sussex, England. She is a multi award-winning actress of theatre, film, and television, and has worked extensively with director Mike Leigh. She is known for Another Year (2010), All or Nothing (2002), Topsy-Turvy (1999), and Secrets & Lies (1996), and her performance in Phantom Thread (...            \nSee full bio \n            \n	lesley-manville.webp
351	Imelda Staunton	\N	\nImelda Staunton was born on January 9, 1956 in Archway, London, England as Imelda Mary Philomena Bernadette Staunton. She is an actress, known for Harry Potter and the Order of the Phoenix (2007), Shakespeare in Love (1998) and Vera Drake (2004). She has been married to Jim Carter since October 1983. They have one child.            \nSee full bio \n            \n	imelda-staunton.webp
352	Harris Dickinson	\N	\nHarris Dickinson is an actor, writer and director living in London. His passion for performing started at a young age attending Raw Academy. In March 2014, Harris performed Pauline McLynn's 'Angels' at the National Theatre, Southbank. After being funded to write and direct his first short film at a young age, his portfolio continues to grow. In ...            \nSee full bio \n            \n	harris-dickinson.webp
353	Michelle Pfeiffer	\N	\nMichelle Pfeiffer was born in Santa Ana, California to Dick and Donna Pfeiffer. She has an older brother and two younger sisters - Dedee Pfeiffer, and Lori Pfeiffer, who both dabbled in acting and modeling but decided against making it their lives' work. She graduated from Fountain Valley High School in 1976, and attended one year at the Golden ...            \nSee full bio \n            \n	michelle-pfeiffer.webp
354	Sam Riley	\N	\nBritish actor Sam Riley rose to stardom as Joy Division's poetic lead singer Ian Curtis in the acclaimed film Control (2007), directed by Anton Coribjn, a great fan of the group and also their official photographer. Riley's talent was noticed not only to his striking resemblance to Curtis but also because he was able to sing rock songs, already ...            \nSee full bio \n            \n	sam-riley.webp
355	Will Smith	\N	\nWillard Carroll "Will" Smith, Jr. (born September 25, 1968) is an American actor, comedian, producer, rapper, and songwriter. He has enjoyed success in television, film, and music. In April 2007, Newsweek called him "the most powerful actor in Hollywood". Smith has been nominated for five Golden Globe Awards, two Academy Awards, and has won four ...            \nSee full bio \n            \n	will-smith.webp
356	Mary Elizabeth Winstead	\N	\nMary Elizabeth Winstead is an actress known for her versatile work in a variety of film and television projects. Possibly most known for her role as Ramona Flowers in Scott Pilgrim vs. the World (2010), she has also starred in critically acclaimed independent films such as Smashed (2012), for which she received an Independent Spirit Award ...            \nSee full bio \n            \n	mary-elizabeth-winstead.webp
357	Clive Owen	\N	\nBritish actor Clive Owen is one of a handful of stars who, though he is best known for his art house films, can handle more mainstream films with equal measures of grace and skill. Owen is typically cast as characters whose primary traits are a balance of physical strength, intellect, conflicting soul but forceful will. He is best known to film ...            \nSee full bio \n            \n	clive-owen.webp
358	Benedict Wong	\N	\nBenedict Wong was born on February 20, 1970 in Eccles, England. He is an actor and writer, known for Doctor Strange (2016), Avengers: Infinity War (2018) and The Martian (2015).            \nSee full bio \n            \n	benedict-wong.webp
359	Douglas Hodge	\N	\nDouglas Hodge is a Tony, Olivier, Drama Desk and Outer Critic Circle award winning actor, composer, director and writer. Recent films include Alfred in Joker, Gemini man The Report and Red Sparrow. Recent TV includes The Great, Black Mirror, Lost In Space, Catastrophe and Penny Dreadful. Tony and Olivier awards on Broadway and the West End for La ...            \nSee full bio \n            \n	douglas-hodge.webp
360	Matthew Rhys	\N	\nMatthew Rhys was born on November 8, 1974 in Cardiff, Wales as Matthew Rhys Evans. He is an actor and producer, known for A Beautiful Day in the Neighborhood (2019), The Americans (2013) and The Post (2017). He has been married to Keri Russell since 2014. They have one child.            \nSee full bio \n            \n	matthew-rhys.webp
361	Chris Cooper	\N	\nChristopher Walton Cooper was born in Kansas City, Missouri, to Mary Ann (Walton), a homemaker, and Charles Sherwood Cooper, a cattleman and internist who served as a doctor in the US Air Force. His parents were from Texas, where Cooper was raised. Educated at the University of Missouri school of drama, Cooper appeared on Broadway in "Of the Fields...            \nSee full bio \n            \n	chris-cooper.webp
362	Susan Kelechi Watson	\N	\nSusan Kelechi Watson was born on November 11, 1981 in Brooklyn, New York, USA. She is an actress and producer, known for This Is Us (2016), A Beautiful Day in the Neighborhood (2019) and NCIS: Naval Criminal Investigative Service (2003).            \nSee full bio \n            \n	susan-kelechi-watson.webp
363	Maryann Plunkett	\N	\nMaryann Plunkett was born in 1953 in Lowell, Massachusetts, USA. She is an actress, known for Little Women (2019), Blue Valentine (2010) and The Squid and the Whale (2005). She has been married to Jay O. Sanders since October 1, 1991. They have one child.            \nSee full bio \n            \n	maryann-plunkett.webp
364	Michael B. Jordan	\N	\nMichael B. Jordan, the middle of three children, was born in Santa Ana, California and raised in Newark, New Jersey. He is the son of Donna (Davis), a high school counselor, and Michael A. Jordan. His middle name, Bakari, means "noble promise" in Swahili. (He is not related to, or named after, basketball legend Michael Jordan.) Jordan has starred ...            \nSee full bio \n            \n	michael-b.-jordan.webp
365	Jamie Foxx	\N	\nJamie Foxx is an American actor, singer and comedian. He won an Academy Award for Best Actor, BAFTA Award for Best Actor in a Leading Role, and Golden Globe Award for Best Actor in a Musical or Comedy, for his work in the biographical film Ray (2004). The same year, he was nominated for the Academy Award for Best Supporting Actor for his role in ...            \nSee full bio \n            \n	jamie-foxx.webp
366	Brie Larson	\N	\nBrie Larson has built an impressive career as an acclaimed television actress, rising feature film star and emerging recording artist. A native of Sacramento, Brie started studying drama at the early age of 6, as the youngest student ever to attend the American Conservatory Theater in San Francisco. She starred in one of Disney Channel's most ...            \nSee full bio \n            \n	brie-larson.webp
367	Charlie Pye Jr.	\N	\nCharlie Pye Jr. is an actor, known for Just Mercy (2019).            \nSee full bio \n            \n	charlie-pye-jr..webp
370	Michael Garza	\N	\nMichael Garza is an actor, known for The Hunger Games: Mockingjay - Part 1 (2014), Scary Stories to Tell in the Dark (2019) and Wayward Pines (2015).            \nSee full bio \n            \n	michael-garza.webp
371	Gabriel Rush	\N	\nGabriel made his feature film debut in Moonrise Kingdom (2012) as Skotak, directed by Wes Anderson, whom he worked with again on The Grand Budapest Hotel (2014). Other film credits include The Kitchen, Two Against Nature, A Little Game, No Letting Go, Little Boxes, and TV shows like Better Call Saul, Blue Bloods, SVU, Madame Secretary, and Gotham....            \nSee full bio \n            \n	gabriel-rush.webp
372	Austin Abrams	\N	\nAustin Abrams was born on September 2, 1996 in Sarasota, Florida, USA. He is an actor, known for Paper Towns (2015), Scary Stories to Tell in the Dark (2019) and Gangster Squad (2013).            \nSee full bio \n            \n	austin-abrams.webp
373	Dean Norris	\N	\nDean Norris was born on April 8, 1963 in South Bend, Indiana, USA as Dean Joseph Norris. He is an actor, known for Breaking Bad (2008), Total Recall (1990) and Terminator 2: Judgment Day (1991). He has been married to Anne Bridget Sorenson since October 27, 2001. They have five children.            \nSee full bio \n            \n	dean-norris.webp
374	Jason Statham	\N	\nJason Statham was born in Shirebrook, Derbyshire, to Eileen (Yates), a dancer, and Barry Statham, a street merchant and lounge singer. He was a Diver on the British National Diving Team and finished twelfth in the World Championships in 1992. He has also been a fashion model, black market salesman and finally of course, actor. He received the ...            \nSee full bio \n            \n	jason-statham.webp
375	Idris Elba	\N	\nAn only child, Idrissa Akuna Elba was born and raised in London, England. His father, Winston, is from Sierra Leone and worked at Ford Dagenham; his mother, Eve, is from Ghana and had a clerical duty. Idris attended school in Canning Town, where he first became involved in acting, before he dropped out. He gained a place in the National Youth ...            \nSee full bio \n            \n	idris-elba.webp
376	Vanessa Kirby	\N	\nVanessa Kirby is an English stage, TV, and film actress. From 2016 to 2018, Kirby portrayed Princess Margaret in Peter Morgan's Netflix series The Crown, for which she won the BAFTA Award for Best Actress in a Supporting Role in a Television Series in 2018. She starred as Estella in the BBC adaptation of Great Expectations, Joanna in Richard ...            \nSee full bio \n            \n	vanessa-kirby.webp
377	Helen Mirren	\N	\nDame Helen Mirren was born in Queen Charlotte's Hospital in West London. Her mother, Kathleen Alexandrina Eva Matilda (Rogers), was from a working-class English family, and her father, Vasiliy Petrovich Mironov, was a Russian-born civil servant, from Kuryanovo, whose own father was a diplomat. Mirren attended St. Bernards High School for girls, ...            \nSee full bio \n            \n	helen-mirren.webp
378	Luke Evans	\N	\nLuke George Evans was born in Pontypool, Wales, and grew up in Aberbargoed, in the south of Wales. He is the son of Yvonne (Lewis) and David Evans. He moved to Cardiff at the age 17. He then won a scholarship to the London Studio Centre, and graduated in 2000. He starred in many of London's West End theatre productions. In 2009, he landed the role ...            \nSee full bio \n            \n	luke-evans.webp
379	Terence Stamp	\N	\nTerence Henry Stamp was born and lived in Canal Road, Bow, until German bombers forced his family to move to Plaistow. An icon of the 1960s, he dated the likes of Julie Christie, Brigitte Bardot and Jean Shrimpton. After an extremely successful early career, starring in Modesty Blaise (1966), Poor Cow (1967) and Far from the Madding Crowd (1967), ...            \nSee full bio \n            \n	terence-stamp.webp
380	Gemma Arterton	\N	\nGemma Christina Arterton was born in Gravesend, Kent, England, where she was raised. She is the daughter of Sally-Anne (Heap), a cleaner, and Barry J. Arterton, a welder. Her mother's cousin is singer-songwriter Eric Goulden. Her parents divorced when she was age five, and Gemma subsequently lived with her younger sister and her mother. Her parents...            \nSee full bio \n            \n	gemma-arterton.webp
381	Chris Hemsworth	\N	\nChristopher Hemsworth was born on August 11, 1983 in Melbourne, Victoria, Australia to Leonie Hemsworth (ne van Os), an English teacher & Craig Hemsworth, a social-services counselor. His brothers are actors, Liam Hemsworth & Luke Hemsworth; he is of Dutch (from his immigrant maternal grandfather), Irish, English, Scottish, and German ancestry. ...            \nSee full bio \n            \n	chris-hemsworth.webp
382	Tessa Thompson	\N	\nThe actress Tessa Lynn Thompson was born on October 3, 1983 in Los Angeles, California. She is the daughter of singer-songwriter Marc Anthony Thompson and the granddaughter of actor-musician Bobby Ramos. She was raised in Los Angeles before moving to Brooklyn, New York. Her father is of Afro-Panamanian ancestry and her mother is of Mexican and ...            \nSee full bio \n            \n	tessa-thompson.webp
383	Kumail Nanjiani	\N	\nKumail Nanjiani is an actor and writer, known for The Big Sick (2017), Life as We Know It (2010) and Stuber (2019). He has been married to Emily V. Gordon since July 14, 2007.            \nSee full bio \n            \n	kumail-nanjiani.webp
384	Rebecca Ferguson	\N	\nRebecca Ferguson was born Rebecca Louisa Ferguson Sundstrm in Stockholm, Sweden, and grew up in its Vasastaden district. Her father is Swedish. Her mother, Rosemary Ferguson, is British, of Scottish and Northern Irish descent, and moved to Sweden at the age of 25. Rebecca attended an English-speaking school in Sweden and was raised bilingual, ...            \nSee full bio \n            \n	rebecca-ferguson.webp
385	Rafe Spall	\N	\nRafe Spall was born on March 10, 1983 in Camberwell, London, England as Rafe Joseph Spall. He is an actor, known for The Big Short (2015), Life of Pi (2012) and Hot Fuzz (2007). He has been married to Elize du Toit since August 14, 2010. They have three children.            \nSee full bio \n            \n	rafe-spall.webp
386	James McAvoy	\N	\nMcAvoy was born on 21 April 1979 in Glasgow, Scotland, to James, a bus driver, and Elizabeth (ne Johnstone), a nurse. He was raised on a housing estate in Drumchapel, Glasgow by his maternal grandparents (James, a butcher, and Mary), after his parents divorced when James was 11. He went to St Thomas Aquinas Secondary in Jordanhill, Glasgow, where...            \nSee full bio \n            \n	james-mcavoy.webp
387	Michael Fassbender	\N	\nMichael Fassbender is an Irish actor who was born in Heidelberg, Germany, to a German father, Josef, and an Irish mother, Adele (originally from Larne, County Antrim, in Northern Ireland). Michael was raised in the town of Killarney, Co. Kerry, in south-west Ireland, where his family moved to when he was two years old. His parents ran a restaurant...            \nSee full bio \n            \n	michael-fassbender.webp
447	Paulina Gaitan	\N	\nPaulina Gaitan was born on February 19, 1992 in Mexico City, Distrito Federal, Mexico. She is an actress and producer, known for Sin nombre (2009), The River (2012) and Trade (2007).            \nSee full bio \n            \n	paulina-gaitan.webp
388	Jennifer Lawrence	\N	\nAs the highest-paid actress in the world in 2015 and 2016, and with her films grossing over $5.5 billion worldwide, Jennifer Lawrence is often cited as the most successful actress of her generation. She is also thus far the only person born in the 1990s to have won an acting Oscar. Jennifer Shrader Lawrence was born August 15, 1990, in Louisville, ...            \nSee full bio \n            \n	jennifer-lawrence.webp
389	Nicholas Hoult	\N	\nNicholas Caradoc Hoult was born in Wokingham, Berkshire, England to parents Glenis and Roger Hoult. His great-aunt was one of the most popular actresses of her time, Dame Anna Neagle. He attended Sylvia Young Theatre School, a school for performing arts, to start acting as a career. Hoult has been acting since appearing in the film Intimate ...            \nSee full bio \n            \n	nicholas-hoult.webp
390	Sophie Turner	\N	\nSophie Belinda Jonas (ne Turner; born February 21, 1996) is an English actress. Turner made her professional acting debut as Sansa Stark on the HBO fantasy television series Game of Thrones (2011) (2011-2019), which brought her international recognition and critical praise. For her performance, she has received four nominations for Screen Actors ...            \nSee full bio \n            \n	sophie-turner.webp
391	Vera Farmiga	\N	\nVera Farmiga is an American actress who has received an Academy Award nomination for her role in Up in the Air (2009) and Primetime Emmy Award nominations for her roles in Bates Motel (2013) and When They See Us (2019). She was born Vera Ann Farmiga, the second of seven children, on August 6, 1973, in Clifton, New Jersey, USA, to Ukrainian parents....            \nSee full bio \n            \n	vera-farmiga.webp
392	Ken Watanabe	\N	\nKen Watanabe was born on October 21, 1959 in Uonuma, Japan. Both of his parents were teachers: his mother taught general education and his dad taught calligraphy. He became interested in acting at the age of 24, when a director of England's National Theater Company, where he was studying, told him that acting was his special gift. In 1978, he ...            \nSee full bio \n            \n	ken-watanabe.webp
393	Ziyi Zhang	\N	\nZiyi Zhang is a Chinese actress and model. She is best known for Crouching Tiger, Hidden Dragon (2000), Rush Hour 2 (2001), Hero (2002), House of Flying Daggers (2004), and Memoirs of a Geisha (2005). She made her feature film debut in The Road Home (1999). For her work in Memoirs of a Geisha she was nominated for an Golden Globe for Best Actress.            \nSee full bio \n            \n	ziyi-zhang.webp
394	Sarah Paulson	\N	\nSarah Paulson was born on December 17, 1974 in Tampa, Florida, to Catharine Gordon (Dolcater) and Douglas Lyle Paulson II. She spent most of her early years in New York and Maine, before settling in Manhattan to attend the American Academy of Dramatic Arts and the High School for Performing Arts. Although she made her Broadway debut in "The Sisters...            \nSee full bio \n            \n	sarah-paulson.webp
395	Kiera Allen	\N	\nKiera Allen is an actress, known for Run (2020), Ethan & Skye (2014) and The 4th Annual HCA Film Awards (2021).            \nSee full bio \n            \n	kiera-allen.webp
396	Sara Sohn	\N	\nSara Sohn is an actress, known for Fast & Furious 7 (2015), Searching (2018) and Run (2020).            \nSee full bio \n            \n	sara-sohn.webp
397	Pat Healy	\N	\nPat Healy was born on September 14, 1971 in Chicago, Illinois, USA. He is an actor and writer, known for Cheap Thrills (2013), The Innkeepers (2011) and The Post (2017).            \nSee full bio \n            \n	pat-healy.webp
398	Erik Athavale	\N	\nErik Athavale is an actor and producer, known for Run (2020), Fractured (2019) and Breakthrough (2019).            \nSee full bio \n            \n	erik-athavale.webp
399	Elisabeth Shue	\N	\nElisabeth Shue was born in Wilmington, Delaware, to Anne Brewster (Wells), who worked for the Chemical Banking Corporation, and James William Shue, a lawyer and real estate developer. She is of German and English ancestry, including descent from Mayflower passengers. Shue's parents divorced while she was in the fourth grade. Owing to the ...            \nSee full bio \n            \n	elisabeth-shue.webp
400	Stephen Graham	\N	\nStephen Graham was born August 3, 1973, in the small town of Kirkby, Lancashire, to a pediatric nurse mother and a social worker father. His paternal grandfather was Jamaican, and one of his grandmothers was Swedish. After years of small parts, he finally got his big break in an unexpected way, playing the dim-witted Tommy in Guy Ritchie's film, ...            \nSee full bio \n            \n	stephen-graham.webp
401	Matt Helm	\N	\nMatt Helm is an actor and writer, known for Greyhound (2020), The Kitchen (2019) and The Tragedy of Macbeth (2021).            \nSee full bio \n            \n	matt-helm.webp
402	Craig Tate	\N	\nCraig Tate is an actor, known for Greyhound (2020), 12 Years a Slave (2013) and When the Game Stands Tall (2014).            \nSee full bio \n            \n	craig-tate.webp
403	Harrison Ford	\N	\nHarrison Ford was born on July 13, 1942 in Chicago, Illinois, to Dorothy (Nidelman), a radio actress, and Christopher Ford (born John William Ford), an actor turned advertising executive. His father was of Irish and German ancestry, while his maternal grandparents were Jewish emigrants from Minsk, Belarus. Harrison was a lackluster student at ...            \nSee full bio \n            \n	harrison-ford.webp
404	Omar Sy	\N	\nOmar Sy was born on January 20, 1978 in Trappes, Yvelines, France. He is an actor and writer, known for The Intouchables (2011), Jurassic World (2015) and X-Men: Days of Future Past (2014). He has been married to Hlne since July 6, 2007. They have four children.            \nSee full bio \n            \n	omar-sy.webp
405	Cara Gee	\N	\nCara Gee is a Canadian film, television, and stage actress. Gee was primarily known as a stage actress in Toronto, Ontario, where her acting credits included productions of Margaret Atwood's The Penelopiad, Daniel MacIvor's Arigato, Tokyo, Tomson Highway's The Rez Sisters, Cliff Cardinal's Stitch, Birdtown and Swanville's 36 Little Plays About ...            \nSee full bio \n            \n	cara-gee.webp
406	Dan Stevens	\N	\nDan Stevens was born at Croydon in Surrey on 10th October 1982. His parents are teachers. He was educated at Tonbridge School and trained in acting at the National Youth Theatre of Great Britain. He studied English Literature at Emmanuel College, Cambridge. Whilst he was a Cambridge undergraduate, he acted in several student drama productions. He ...            \nSee full bio \n            \n	dan-stevens.webp
407	Bradley Whitford	\N	\nBradley Whitford's credits in film, television and theater include work with some of the most noted writers, directors and playwrights in the arts, and constitute a career worthy of a Juilliard-trained actor -- which he is. But stardom is something else altogether, and it remained elusive, at least until 1999 and his appearance on NBC's acclaimed ...            \nSee full bio \n            \n	bradley-whitford.webp
408	Willem Dafoe	\N	\nHaving made over one hundred films in his legendary career, Willem Dafoe is internationally respected for bringing versatility, boldness, and daring to some of the most iconic films of our time. His artistic curiosity in exploring the human condition leads him to projects all over the world, large and small, Hollywood films as well as Independent ...            \nSee full bio \n            \n	willem-dafoe.webp
409	Julianne Nicholson	\N	\nNicholson was born and raised in Medford, Massachusetts (outside Boston), and is the eldest of four siblings. She is the daughter of Kate (Gilday) and James O. Nicholson, Jr., and is of Irish heritage. Nicholson moved to New York which led to a modeling career in Paris. She attended Hunter College as a General Studies Major. She is married to ...            \nSee full bio \n            \n	julianne-nicholson.webp
410	Christopher Heyerdahl	\N	\nAn award-winning Canadian actor, Christopher Heyerdahl co-stars in WGNA's "Pure", USA's "Damnation" Sky Atlantic's "Tin Star", SyFy's "Van Helsing" and AMC's hit series "Hell On Wheels," playing the enigmatic 'Swede." This post-Civil War drama debuted as the second highest rated original series in AMC history. He recently appeared in the feature ...            \nSee full bio \n            \n	christopher-heyerdahl.webp
411	Richard Dormer	\N	\nRichard Dormer was born on November 11, 1969 in Portadown, County Armagh, Northern Ireland. He is an actor, known for Fortitude (2015).            \nSee full bio \n            \n	richard-dormer.webp
412	Adrien Dorval	\N	\nAdrien Dorval was born on March 22, 1963 in Fort St. John, British Columbia, Canada. He was an actor, known for Shanghai Noon (2000), The Twilight Saga: New Moon (2009) and The Chronicles of Riddick (2004). He was married to Angela Cruikshank. He died on January 5, 2021 in Vancouver, British Columbia.            \nSee full bio \n            \n	adrien-dorval.webp
413	Ed Skrein	\N	\nEd Skrein grew up in North London, graduated with a degree in Fine Arts from Central Saint Martins, and is one of the most highly versatile artists of his generation. He was selected by Screen International as one of their "Stars of Tomorrow" in 2013, which showcases the next generation of talent from the UK. Most recently, Skrein starred as the ...            \nSee full bio \n            \n	ed-skrein.webp
414	Patrick Wilson	\N	\nPatrick Joseph Wilson was born in Norfolk, Virginia and raised in St. Petersburg, Florida, the son of Mary Kathryn (Burton), a voice teacher and professional singer, and John Franklin Wilson, a news anchor. Wilson has a B.F.A. in Drama from Carnegie-Mellon University. His theater work has produced many nominations and awards. He was nominated for ...            \nSee full bio \n            \n	patrick-wilson.webp
415	Woody Harrelson	\N	\nAcademy Award-nominated and Emmy Award-winning actor Woodrow Tracy Harrelson was born on July 23, 1961 in Midland, Texas, to Diane Lou (Oswald) and Charles Harrelson. He grew up in Lebanon, Ohio, where his mother was from. After receiving degrees in theater arts and English from Hanover College, he had a brief stint in New York theater. He was ...            \nSee full bio \n            \n	woody-harrelson.webp
416	Mandy Moore	\N	\nAmanda Leigh Moore was born in Nashua, New Hampshire, on April 10, 1984, to Stacy (Friedman), a former news reporter, and Don Moore, an airline pilot. During her childhood, her family moved to Orlando, Florida, where she was raised. She has Russian Jewish (from her maternal grandfather), English, Scottish, and Irish, ancestry. After seeing the ...            \nSee full bio \n            \n	mandy-moore.webp
417	Stephen Campbell Moore	\N	\nStephen Campbell Moore was born on November 30, 1979 in London, England as Stephen Thorpe. He is an actor, known for The Bank Job (2008), Season of the Witch (2011) and A Good Woman (2004). He has been married to Claire Foy since December 2014. They have one child.            \nSee full bio \n            \n	stephen-campbell-moore.webp
418	Michael Fox	\N	\nMichael Fox was born as Michael C. Fox. He is an actor, known for Downton Abbey (2019), Downton Abbey (2010) and Dunkirk (2017).            \nSee full bio \n            \n	michael-fox.webp
419	Lesley Nicol	\N	\nBorn in 1953, to a mother who had worked in television, Lesley Nicol was a shy 16-year-old at St. Elphin's Boarding School in Derbyshire when she expressed a desire to go out and see the world - not, she recalls, to be an actress but to kiss boys. She went to a technical college in Manchester to study for her 'A'-level examinations and, whilst ...            \nSee full bio \n            \n	lesley-nicol.webp
420	Sophie McShera	\N	\nSophie McShera was born on May 17, 1985 in Bradford, West Yorkshire, England. She is an actress, known for Cinderella (2015), Downton Abbey (2010) and Galavant (2015).            \nSee full bio \n            \n	sophie-mcshera.webp
421	Robert James-Collier	\N	\nRobert James-Collier was born on September 23, 1976 in Stockport (Salford), Greater Manchester, England. He is an actor, known for Downton Abbey (for which he won the Screen Actors Guild Award for Outstanding Performance by an Ensemble in a Drama Series), The Ritual (2017) and Coronation Street (2008 - corrected from previous entry of 1960).            \nSee full bio \n            \n	robert-james-collier.webp
422	Ali Wong	\N	\nAli Wong was born on April 19, 1982 in San Francisco, California, USA as Alexandra Dawn Wong. She is an actress and writer, known for Ali Wong: Baby Cobra (2016), Always Be My Maybe (2019) and Birds of Prey: And the Fantabulous Emancipation of One Harley Quinn (2020). She has been married to Justin Hakuta since November 27, 2014. They have two ...            \nSee full bio \n            \n	ali-wong.webp
423	Randall Park	\N	\nRandall Park is an American actor, comedian, writer, and director. He was born in Los Angeles, California, to Korean parents, and graduated from the Humanities Magnet Program at Hamilton High School. Park went on to receive a Bachelor's degree in English and Creative Writing and a Master's degree in Asian American Studies from UCLA. He lives in ...            \nSee full bio \n            \n	randall-park.webp
424	James Saito	\N	\nJames Saito is an American actor of Japanese descent, best known as the original Shredder in Teenage Mutant Ninja Turtles (1990) and as Dr Chen in the ABC series Eli Stone (2008). Along with film and television, James has worked extensively in theater, including the Broadway productions of The King and I (1997) and David Henry Hwang's Golden Child...            \nSee full bio \n            \n	james-saito.webp
425	Michelle Buteau	\N	\nMichelle Buteau was born on July 24, 1977 in Hamilton Township, New Jersey, USA. She is an actress and writer, known for Always Be My Maybe (2019), Happiest Season (2020) and Isn't It Romantic (2019). She has been married to Gijs van der Most since July 31, 2010. They have two children.            \nSee full bio \n            \n	michelle-buteau.webp
426	Vivian Bang	\N	\nVivian Bang co-wrote, co-produced, and stars in the Sundance 2018's Indie Feature: "White Rabbit." She is Jenny in Netflix's Romantic Comedy, "Always Be My Maybe." She was Susan Sullivan on TBS hit comedy series, "Sullivan and Son" for 3 seasons (2012-2014) and plays the North Korean Landlady turned Detective named Sun in POP TV's comedy series, "...            \nSee full bio \n            \n	vivian-bang.webp
427	Emma Stone	\N	\nEmily Jean "Emma" Stone was born in Scottsdale, Arizona, to Krista (Yeager), a homemaker, and Jeffrey Charles Stone, a contracting company founder and CEO. She is of Swedish, German, and British Isles descent. Stone began acting as a child as a member of the Valley Youth Theatre in Phoenix, Arizona, where she made her stage debut in a production ...            \nSee full bio \n            \n	emma-stone.webp
428	Joel Fry	\N	\nJoel Fry was born in London in 1984 and studied acting at the Royal Academy of Dramatic Art. Since graduating he has worked consistently, staring in various Television, Film and Theatre productions in the United Kingdom and America. Joel is also a musician, playing a number of instruments but predominantly the guitar.            \nSee full bio \n            \n	joel-fry.webp
429	Paul Walter Hauser	\N	\nPaul Walter Hauser was born on October 15, 1986 in Grand Rapids, Michigan, USA. He is an actor and producer, known for I, Tonya (2017), BlacKkKlansman (2018) and Richard Jewell (2019).            \nSee full bio \n            \n	paul-walter-hauser.webp
430	John McCrea	\N	\nJohn McCrea is an actor, known for Giri/Haji (2019), God's Own Country (2017) and Dracula (2020).            \nSee full bio \n            \n	john-mccrea.webp
431	Mads Mikkelsen	\N	\nMads Mikkelsen's great successes parallel those achieved by the Danish film industry since the mid-1990s. He was born in sterbro, Copenhagen, to Bente Christiansen, a nurse, and Henning Mikkelsen, a banker. Starting out as a low-life pusher/junkie in the 1996 success Pusher (1996), he slowly grew to become one of Denmark's biggest movie actors. ...            \nSee full bio \n            \n	mads-mikkelsen.webp
432	Thomas Bo Larsen	\N	\nThomas Bo Larsen was born on November 27, 1963 in Gladsaxe, Denmark. He is an actor, known for Jagten (2012), Festen (1998) and Druk (2020).            \nSee full bio \n            \n	thomas-bo-larsen.webp
433	Magnus Millang	\N	\nMagnus Millang is a writer and actor, known for Selvhenter (2019), Kursk (2018) and Danish Dynamite (2012).            \nSee full bio \n            \n	magnus-millang.webp
434	Lars Ranthe	\N	\nLars Ranthe was born on August 26, 1969 in Vesterbro, Copenhagen, Denmark. He is known for his work on Druk (2020), Adams bler (2005) and Dirch (2011). He has been married to Christine Albeck Brge since 1998.            \nSee full bio \n            \n	lars-ranthe.webp
435	Maria Bonnevie	\N	\nMaria Bonnevie was born on September 26, 1973 in Vsters, Vstmanlands ln, Sweden as Anna Maria Cecilia Bonnevie. She is an actress, known for I Am Dina (2002), The 13th Warrior (1999) and Druk (2020).            \nSee full bio \n            \n	maria-bonnevie.webp
436	Peter Dinklage	\N	\nPeter Dinklage is an American actor. Since his breakout role in The Station Agent (2003), he has appeared in numerous films and theatre plays. Since 2011, Dinklage has portrayed Tyrion Lannister in the HBO series Game of Thrones (2011) . For this he won an Emmy for Outstanding Supporting Actor in a Drama Series and a Golden Globe Award for Best ...            \nSee full bio \n            \n	peter-dinklage.webp
437	Kit Harington	\N	\nKit Harington was born Christopher Catesby Harington in Acton, London, to Deborah Jane (Catesby), a former playwright, and David Richard Harington, a businessman. His mother named him after 16th century British playwright and poet Christopher Marlowe, whose first name was shortened to Kit, a name Harington prefers. Harington's uncle is Sir ...            \nSee full bio \n            \n	kit-harington.webp
438	Lena Headey	\N	\nLena Headey is a Bermudian-British actress. Headey is best known for her role as "Cersei Lannister" in Game of Thrones (2011) (2011-2019) and The Brothers Grimm (2005), Possession (2002), and The Remains of the Day (1993). Headey stars as "Queen Gorgo", a heroic Spartan woman in the period film, 300 (2006), by director Zack Snyder. Headey was born ...            \nSee full bio \n            \n	lena-headey.webp
439	Sally Hawkins	\N	\nSally Cecilia Hawkins was born in 1976 in Lewisham hospital, London, England, to Jacqui and Colin Hawkins, authors and illustrators of children's books. She is of English and Irish descent. Hawkins was brought up in Greenwich, in southeast London. She attended James Allen's Girls' School in Dulwich. She graduated from the Royal Academy of Dramatic...            \nSee full bio \n            \n	sally-hawkins.webp
440	Michael Shannon	\N	\nMichael Corbett Shannon was born and raised in Lexington, Kentucky, the son of Geraldine Hine, a lawyer, and Donald Sutherlin Shannon, an accounting professor at DePaul University. His grandfather was entomologist Raymond Corbett Shannon. Shannon began his professional stage career in Chicago. His first acting role was in "Winterset" at the ...            \nSee full bio \n            \n	michael-shannon.webp
441	Doug Jones	\N	\nThe youngest of four brothers, Doug Jones was born on May 24, 1960 in Indianapolis, Indiana, and grew up in the city's Northeastside. After attending Bishop Chatard High School, he headed off to Ball State University, where he graduated in 1982 with a Bachelor's degree in Telecommunications, with a minor in Theatre. He learned mime at school, ...            \nSee full bio \n            \n	doug-jones.webp
442	Richard Jenkins	\N	\nRichard Jenkins was born on May 4, 1947 in DeKalb, Illinois, USA. He is an actor, known for The Shape of Water (2017), The Visitor (2007) and Step Brothers (2008). He has been married to Sharon R. Friedrick since August 23, 1969. They have two children.            \nSee full bio \n            \n	richard-jenkins.webp
443	Pedro Pascal	\N	\nPedro Pascal is a Chilean-born actor. He is best known for portraying the roles of Oberyn Martell in the fourth season of the HBO series Game of Thrones and Javier Pea in the Netflix series Narcos. In 2016 he starred in the American-Chinese film The Great Wall alongside Matt Damon.            \nSee full bio \n            \n	pedro-pascal.webp
444	Wagner Moura	\N	\nMoura was born in Salvador, a city located in Northeast Region of Brazil, but grew up in the small town of Rodelas, Bahia. His mother, Alderiva, was a housewife, and his father, Jos Moura, was a Sergeant in the Brazilian Air Force. At the age of 13, he moved with his family to Salvador, Bahia. Besides his acting career, Moura is a lyricist and the...            \nSee full bio \n            \n	wagner-moura.webp
445	Boyd Holbrook	\N	\nBoyd Holbrook is an American actor and producer. He has appeared in films such as Milk (2008), Out of the Furnace (2013), Gone Girl (2014), A Walk Among the Tombstones (2014), Run All Night (2015) and in the Netflix series Narcos. In 2007 Holbrook sent a screenplay to director Gus Van Sant, who was impressed enough to give him the role of Denton ...            \nSee full bio \n            \n	boyd-holbrook.webp
446	Alberto Ammann	\N	\nIn 2009, Alberto Ammann went from being an unknown drama student to becoming one of Spain's best known actors with just one movie. The previous year, Ammann joined the ranks of Penelope Cruz, Jordi Molla and Elena Anaya when he won a coveted spot on the list of Caras Nuevas, a discovery initiative of Spanish talent agency, Kuranda. On the jury ...            \nSee full bio \n            \n	alberto-ammann.webp
448	Ian McKellen	\N	\nWidely regarded as one of greatest stage and screen actors both in his native Great Britain and internationally, twice nominated for the Oscar and recipient of every major theatrical award in the UK and US, Ian Murray McKellen was born on May 25, 1939 in Burnley, Lancashire, England, to Margery Lois (Sutcliffe) and Denis Murray McKellen, a civil ...            \nSee full bio \n            \n	ian-mckellen.webp
449	Martin Freeman	\N	\nMartin Freeman is an English actor, known for portraying Bilbo Baggins in Peter Jackson's The Hobbit film trilogy, Tim Canterbury in the original UK version of sitcom mockumentary The Office (2001), Dr. John Watson in the British crime drama Sherlock (2010) and Lester Nygaard in the dark comedy-crime drama TV series Fargo (2014). His other notable ...            \nSee full bio \n            \n	martin-freeman.webp
450	Richard Armitage	\N	\nRichard Crispin Armitage was born and raised in Leicester, England, to Margaret (Hendey), a secretary, and John Armitage, an engineer. He attended Pattison College in Binley Road, Coventry, where he discovered his love for acting. He took part in many theatre productions all over the UK, from musical theatre (Cats) to classical theatre (Death of a...            \nSee full bio \n            \n	richard-armitage.webp
451	Cate Blanchett	\N	\nCate Blanchett was born on May 14, 1969 in Melbourne, Victoria, Australia, to June (Gamble), an Australian teacher and property developer, and Robert DeWitt Blanchett, Jr., an American advertising executive, originally from Texas. She has an older brother and a younger sister. When she was ten years old, her 40-year-old father died of a sudden ...            \nSee full bio \n            \n	cate-blanchett.webp
452	Ken Stott	\N	\nKen Stott was born in 1955 in Edinburgh, Scotland as Kenneth Campbell Stott. He is an actor, known for The Hobbit: An Unexpected Journey (2012), The Hobbit: The Desolation of Smaug (2013) and The Hobbit: The Battle of the Five Armies (2014).            \nSee full bio \n            \n	ken-stott.webp
453	Luna Wedler	\N	\nLuna Wedler was born in October 1999 in Bachenblach, Zrich. She is an actress, known for Dem Horizont so nah (2019), Blue My Mind (2017) and Das schnste Mdchen der Welt (2018).            \nSee full bio \n            \n	luna-wedler.webp
454	Thomas Prenn	\N	\nThomas Prenn is an actor, known for Hochwald (2020), Biohackers (2020) and Tatort (1970).            \nSee full bio \n            \n	thomas-prenn.webp
455	Jessica Schwarz	\N	\nJessica Schwarz was born on May 5, 1977 in Erbach im Odenwald, Hesse, Germany. She is an actress, known for Romy (2009), Nichts bereuen (2001) and Buddenbrooks (2008).            \nSee full bio \n            \n	jessica-schwarz.webp
456	Adrian Julius Tillmann	\N	\nAdrian Julius Tillmann is an actor, known for Biohackers (2020), SOKO Potsdam (2018) and Remote Love (2020).            \nSee full bio \n            \n	adrian-julius-tillmann.webp
457	Sebastian Jakob Doppelbauer	\N	\nSebastian Jakob Doppelbauer is an actor and director, known for Alle Zeit der Welt (2012), Fr das Vaterland (2011) and Biohackers (2020).            \nSee full bio \n            \n	sebastian-jakob-doppelbauer.webp
458	Keanu Reeves	\N	\nKeanu Charles Reeves, whose first name means "cool breeze over the mountains" in Hawaiian, was born September 2, 1964 in Beirut, Lebanon. He is the son of Patricia Taylor, a showgirl and costume designer, and Samuel Nowlin Reeves, a geologist. Keanu's father was born in Hawaii, of British, Portuguese, Native Hawaiian, and Chinese ancestry, and ...            \nSee full bio \n            \n	keanu-reeves.webp
459	Laurence Fishburne	\N	\nCritically hailed for his forceful, militant, authoritative figures and one of Hollywood's most talented and versatile performers, Laurence (John) Fishburne III has been the recipient of numerous awards, including a number of NAACP Image honors. Born in Augusta, Georgia on July 30, 1961, to Hattie Bell (Crawford), a teacher, and Laurence John ...            \nSee full bio \n            \n	laurence-fishburne.webp
460	Carrie-Anne Moss	\N	\nCarrie-Anne Moss was born and raised in Vancouver, Canada. At age 20, after studying at the American Academy of Dramatic Arts, she moved to Europe to pursue a career in modeling. While in Spain she was cast in a regular role in the TV show Dark Justice which was produced in Barcelona for its first season. She followed the series to its new ...            \nSee full bio \n            \n	carrie-anne-moss.webp
461	Hugo Weaving	\N	\nHugo Wallace Weaving was born on April 4, 1960 in Nigeria, to English parents Anne (Lennard), a tour guide and teacher, and Wallace Weaving, a seismologist. Hugo has an older brother, Simon, and a younger sister, Anna, who both also live and work in Australia. During his early childhood, the Weaving family spent most of their time traveling ...            \nSee full bio \n            \n	hugo-weaving.webp
462	Gloria Foster	\N	\nGloria Foster will always be best known for her performance as The Oracle in The Matrix (1999) and The Matrix Reloaded (2003), but the actress's career spanned four decades on the stage and screen. Born on November 15, 1933 in Chicago, Illinois, Foster was put in the custody of her grandparents and raised on a farm. She returned to Chicago to ...            \nSee full bio \n            \n	gloria-foster.webp
463	Ruairi O'Connor	\N	\nRuairi O'Connor is an actor, known for The Conjuring: The Devil Made Me Do It (2021), Handsome Devil (2016) and Teen Spirit (2018).            \nSee full bio \n            \n	ruairi-o'connor.webp
464	Sarah Catherine Hook	\N	\nSarah Catherine Hook is an American actress and singer. Born and raised in Montgomery, AL, she went on to SUNY Purchase College to pursue a degree in Vocal Performance: Opera where she received her Bachelor of Music. During her time at Purchase, she began to pique her interest in acting and attended the Atlantic Theater Company Summer Intensive. ...            \nSee full bio \n            \n	sarah-catherine-hook.webp
465	Julian Hilliard	\N	\nJulian Hilliard was born on June 20, 2011 in Dallas, Texas, USA. He is an actor, known for WandaVision (2021), The Conjuring: The Devil Made Me Do It (2021) and The Haunting of Hill House (2018).            \nSee full bio \n            \n	julian-hilliard.webp
466	Chris Pine	\N	\nChris Pine was born in Los Angeles. His parents are actors Robert Pine and Gwynne Gilford, and his maternal grandparents were Max M. Gilford, a president of the Hollywood Bar Association, and actress Anne Gwynne. His sister, Katherine Pine, has also acted. Chris's ancestry is Russian Jewish (from his maternal grandfather), English, German, Welsh, ...            \nSee full bio \n            \n	chris-pine.webp
467	Ben Foster	\N	\nBen Foster was born October 29, 1980 in Boston, Massachusetts, to Gillian Kirwan and Steven Foster, restaurant owners. His younger brother is actor Jon Foster. His paternal grandparents were from Russian Jewish families that immigrated to Massachusetts (his grandfather became a prominent judge in Boston), while his mother's family is from Maryland. ...            \nSee full bio \n            \n	ben-foster.webp
468	Jeff Bridges	\N	\nJeffrey Leon Bridges was born on December 4, 1949 in Los Angeles, California, the son of well-known film and TV star Lloyd Bridges and his long-time wife Dorothy Dean Bridges (ne Simpson). He grew up amid the happening Hollywood scene with big brother Beau Bridges. Both boys popped up, without billing, alongside their mother in the film The ...            \nSee full bio \n            \n	jeff-bridges.webp
469	Gil Birmingham	\N	\nGil Birmingham is an American actor of Comanche ancestry, best known for his portrayal of Billy Black in the The Twilight Saga film series. Birmingham was born in San Antonio, Texas. His family moved frequently during his childhood, due to his father's career in the military. He learned to play the guitar at an early age and considers music his "...            \nSee full bio \n            \n	gil-birmingham.webp
470	Dale Dickey	\N	\nDale Dickey was born on September 29, 1961 in Knoxville, Tennessee, USA as Diana Dale Dickey. She is an actress, known for Hell or High Water (2016), Iron Man Three (2013) and The Pledge (2001).            \nSee full bio \n            \n	dale-dickey.webp
471	Kevin Costner	\N	\nKevin Michael Costner was born on January 18, 1955 in Lynwood, California, the third child of Bill Costner, a ditch digger and ultimately an electric line servicer for Southern California Edison, and Sharon Costner (ne Tedrick), a welfare worker. His older brother, Dan, was born in 1950. A middle brother died at birth in 1953. His father's job ...            \nSee full bio \n            \n	kevin-costner.webp
472	Luke Grimes	\N	\nLuke Grimes was born on January 21, 1984 in Dayton, Ohio, USA as Luke Timothy Grimes. He is an actor, known for Yellowstone (2018), American Sniper (2014) and The Magnificent Seven (2016).            \nSee full bio \n            \n	luke-grimes.webp
473	Kelly Reilly	\N	\nJessica Kelly Siobhn Reilly (born 18 July 1977) is an English actress. Her performance in After Miss Julie at the Donmar Warehouse made her a star of the London stage and earned her a nomination for a Laurence Olivier Award for Best Actress of 2003. Reilly was born and brought up in Chessington, Surrey, England, the daughter of a hospital ...            \nSee full bio \n            \n	kelly-reilly.webp
474	Wes Bentley	\N	\nWes Bentley is an American actor who first became well-known via his role in the Oscar-winning film American Beauty (1999), in which he played the soulful, artistic next-door neighbor Ricky Fitts. He also portrayed gamemaker Seneca Crane in The Hunger Games (2012), and co-stars in Lovelace (2013) as photographer Thomas. Wesley Cook Bentley was born...            \nSee full bio \n            \n	wes-bentley.webp
475	Cole Hauser	\N	\nCole Hauser was born in Santa Barbara, California. He is the son of Cass Warner, who founded a film production company (Warner Sisters), and Wings Hauser, an actor. His grandfathers were screenwriters Dwight Hauser and Milton Sperling, and his maternal great-grandfather was film mogul Harry M. Warner, of Warner Bros. His father is of German, Irish...            \nSee full bio \n            \n	cole-hauser.webp
476	Emily Blunt	\N	\nEmily Olivia Leah Blunt is a British actress known for her roles in The Devil Wears Prada (2006), The Young Victoria (2009), Edge of Tomorrow (2014), and The Girl on the Train (2016), among many others. Blunt was born on February 23, 1983, in Roehampton, South West London, England, the second of four children in the family of Joanna Mackie, a ...            \nSee full bio \n            \n	emily-blunt.webp
477	John Krasinski	\N	\nTall, handsome American film and television star John Krasinski is known for his role as sardonic nice guy Jim Halpert on NBC's popular TV series, The Office (2005), for which he won a 2007 and 2008 Screen Actors Guild Award for outstanding performance by an ensemble in a comedy series. Born John Burke Krasinski on October 20, 1979, in Newton, ...            \nSee full bio \n            \n	john-krasinski.webp
478	Millicent Simmonds	\N	\nMillicent (Millie) Simmonds is an actress from Pittsburgh, Pennsylvania best known for Wonderstruck (2017), A Quiet Place (2018), and A Quiet Place Part II (2020). Millicent originally hails from Bountiful, Utah and at a young age began performing and telling stories in her native American Sign Language. She joined the theater and drama club at ...            \nSee full bio \n            \n	millicent-simmonds.webp
479	Noah Jupe	\N	\nNoah Jupe was born on February 25, 2005 in London as Noah Casford Jupe. He is an actor, known for Honey Boy (2019), Ford v Ferrari (2019) and A Quiet Place (2018).            \nSee full bio \n            \n	noah-jupe.webp
480	Cade Woodward	\N	\nCade Woodward was born as Cade Thomas Woodward. He is an actor and director, known for A Quiet Place (2018), Avengers: Endgame (2019) and The Playdate (2020).            \nSee full bio \n            \n	cade-woodward.webp
481	Finn Wolfhard	\N	\nA native of Vancouver, British Columbia, actor Finn Wolfhard stars as Mike Wheeler in the critically acclaimed Netflix Original Series "Stranger Things." The hit series has received various accolades, including a Screen Actors Guild (SAG) Award for Outstanding Performance by an Ensemble in a Drama Series; two MTV Movie & TV Awards for Show of the ...            \nSee full bio \n            \n	finn-wolfhard.webp
482	Winona Ryder	\N	\nWinona Ryder was born Winona Laura Horowitz in Olmsted County, Minnesota, and was named after a nearby town, Winona, Minnesota. She is the daughter of Cynthia (Istas), an author and video producer, and Michael Horowitz, a publisher and bookseller. Her father's family is Russian Jewish and Romanian Jewish. She grew up in a ranch commune in Northern...            \nSee full bio \n            \n	winona-ryder.webp
483	David Harbour	\N	\nDavid Harbour is an American actor who has performed in film, television, and the theater. He is known for his role as CIA agent Gregg Beam in Quantum of Solace (2008), Shep Campbell in Revolutionary Road (2008), Van Hauser in End of Watch (2012) and Dexter Tolliver in Suicide Squad (2016). He also plays Chief Jim Hopper on the Netflix original ...            \nSee full bio \n            \n	david-harbour.webp
484	Gaten Matarazzo	\N	\nGaten John Matarazzo III (born September 8, 2002) is an American actor. He began his career on the Broadway stage as Benjamin in Priscilla, Queen of the Desert, and as Gavroche in Les Misrables. He stars as Dustin Henderson in the Netflix science-fiction drama series Stranger Things. Matarazzo was born in Little Egg Harbor Township, New Jersey. He...            \nSee full bio \n            \n	gaten-matarazzo.webp
485	Michelle Rodriguez	\N	\nMayte Michelle Rodriguez was born on July 12, 1978 in San Antonio, Texas to Carmen Milady Pared Espinal, a housewife, and Rafael Rodrguez Santiago, a U.S. Army solider. Known for tough-chick roles, Michelle is proof that there is a cross between beauty and brawn. Michelle always knew she was destined to become a star, she just didn't know how to ...            \nSee full bio \n            \n	michelle-rodriguez.webp
486	Jordana Brewster	\N	\nRaven-haired beauty Jordana Brewster was born on April 26, 1980 in Panama City, Panama. Her mother, Maria Joo Leal de Sousa, is a Brazilian-born model who appeared on the cover of Sports Illustrated in 1978. Her father, Alden Brewster, is an American-born investment banker, who has English, Scottish, and Irish ancestry. Her paternal grandfather, ...            \nSee full bio \n            \n	jordana-brewster.webp
487	Tyrese Gibson	\N	\nTyrese Darnell Gibson was born December 30, 1978 in Watts, Los Angeles, California, where he was raised. He is an R&B singer, songwriter, actor, author, television producer and model. He is well known for his actor role as Roman Pearce in the The Fast and Furious movie franchise. Other popular movies Tyrese has acted in are Death Race, ...            \nSee full bio \n            \n	tyrese-gibson.webp
488	Ludacris	\N	\nLudacris was born Christopher Brian Bridges in Champaign, Illinois, where he was raised, the son of Roberta Shields and Wayne Brian Bridges. At nine years old, he started rapping. He attended Emerson Middle School and, eventually, Oak Park and River Forest High School for his freshman year. Furthermore, his family moved to live in Atlanta, Georgia...            \nSee full bio \n            \n	ludacris.webp
489	Margot Robbie	\N	\nMargot Elise Robbie was born on July 2, 1990 in Dalby, Queensland, Australia to Scottish parents. Her mother, Sarie Kessler, is a physiotherapist, and her father, is Doug Robbie. She comes from a family of four children, having two brothers and one sister. She graduated from Somerset College in Mudgeeraba, Queensland, Australia, a suburb in the ...            \nSee full bio \n            \n	margot-robbie.webp
490	John Cena	\N	\nJohn Felix Anthony Cena was born on April 23, 1977 in West Newbury, Massachusetts to Carol Cena and John Cena. He is of Italian (father) and French-Canadian and English (mother) descent, and is the grandson of baseball player Tony Lupien. When he was in college, he played football. He then continued on to be a bodybuilder and a limousine driver. ...            \nSee full bio \n            \n	john-cena.webp
491	Joel Kinnaman	\N	\nCharles Joel Nordstrm Kinnaman, known professionally as Joel Kinnaman, is a Swedish actor. He is best known for playing the lead role in the Swedish film Easy Money a role that earned him a Guldbagge Award in the "Best Actor" category - and for his role as Frank Wagner in the Johan Falk film series. He starred on AMC's The Killing as detective ...            \nSee full bio \n            \n	joel-kinnaman.webp
492	Michael Rooker	\N	\nMichael Rooker was born on April 6, 1955 in Jasper, Alabama. When he was thirteen, his parents divorced and he went with his mother to live in Chicago. He caught the acting bug while attending college, and began appearing in local stage productions. On first breaking into film, his intensity and "don't-mess-with-me" good looks were highlighted to ...            \nSee full bio \n            \n	michael-rooker.webp
493	Edgar Ramrez	\N	\nEdgar Ramirez Arellano is a Venezuelan actor, born on March 25, 1977 in the city of San Cristobal (Tachira State, southwest Venezuela). He is the son of Soday Arellano, an attorney, and Filiberto Ramrez, a military officer. Being the son of a soldier and living abroad with his family, he learned several languages, like English, German, Italian and...            \nSee full bio \n            \n	edgar-ramrez.webp
494	Jack Whitehall	\N	\nJack Whitehall was a child actor in various television dramas, but decided to pursue stand-up comedy after leaving school. He was a finalist in the So You Think You're Funny talent hunt at last year's Edinburgh Fringe, and was nominated for best newcomer at this year's Chortle Awards. In December 2012 he was awarded the title King of Comedy by the...            \nSee full bio \n            \n	jack-whitehall.webp
495	Jesse Plemons	\N	\nJesse Plemons was born on April 2, 1988 in Dallas, Texas, USA as Jesse Lon Plemons. He is an actor and producer, known for The Irishman (2019), Game Night (2018) and Battleship (2012).            \nSee full bio \n            \n	jesse-plemons.webp
\.


--
-- Data for Name: movies_category; Type: TABLE DATA; Schema: public; Owner: evafilm_user
--

COPY public.movies_category (id, index, name_en, name_fa, page_url, image) FROM stdin;
26	1	action		action	action.jpg
34	9	family		family	amoozesh_MyMvrSz.jpg
39	14	horror		horror	tarsnak.jpg
30	5	comedy		comedy	comedy.jpg
33	8	drama		drama	deram.jpg
28	3	animation		animation	animation.jpg
38	13	history		history	classic_ylCp5ql.jpg
32	7	documentry		documentry	elmi.jpg
29	4	biography		biography	mostanad.jpg
35	10	fantasy		fantasy	koodak.jpg
36	11	film-noir	 	film-noir	tops.jpg
37	12	game-show	 	game-show	action_dKlgHxx.jpg
42	17	mystery	  	mystery	classic_roY5xZV.jpg
41	16	musical	 	musical	oskar_THWhTEr.jpg
40	15	music		music	oskar_JZ4T1SC.jpg
43	18	news		news	mostanad_vCFRwWo.jpg
44	19	reality-tv	 	reality-tv	asheqane.jpg
46	21	sci-fi	 	sci-fi	hendi.jpg
47	22	sport		sport	korei.jpg
48	23	talk-show	 	talk-show	turkish.jpg
45	20	romance		romance	asheqane_oS9x8gD.jpg
49	24	thriller		thriller	jenayi.jpg
27	2	adventure		adventure	irani.jpg
31	6	crime		crime	tops_SN2kV1a.jpg
51	26	western		western	classic_I5goLLS.jpg
50	25	war		war	classic_ZpMH2Sb.jpg
\.


--
-- Data for Name: movies_contact; Type: TABLE DATA; Schema: public; Owner: evafilm_user
--

COPY public.movies_contact (id, name, mobile_or_email, message) FROM stdin;
1	Sambo Dasuki (925655)	mmxx0684@gmail.com (88417144867)	Dear Partner; \r\n \r\nI came across your email contact on Database; Where i was searching for a competent Partner who can handle a lucrative business for me as trustee and manager. I anticipate to read from you soon so I can provide you with more details. \r\n \r\nYours Sincerely, \r\nAlh. Sambo Dasuki \r\nmmxx0684@gmail.com
2	Mike Ellington\r\n (616571)	no-reply@google.com (87758697411)	Greetings \r\n \r\nI have just analyzed  evafilm.stream for its SEO metrics and saw that your website could use a boost. \r\n \r\nWe will enhance your SEO metrics and ranks organically and safely, using only whitehat methods, while providing monthly reports and outstanding support. \r\n \r\nPlease check our services below, we offer SEO at cheap rates. \r\nhttps://www.hilkom-digital.de/cheap-seo-packages/ \r\n \r\nStart improving your sales and leads with us, today! \r\n \r\nregards \r\nMike Ellington\r\n \r\nHilkom Digital Team \r\nsupport@hilkom-digital.de
3	Mike Charlson\r\n (497898)	siggersjene32@gmail.com\r\n (86978777174)	Hi there \r\n \r\nIncrease your evafilm.stream Moz DA Score with us and get more visibility and exposure for your website. \r\nWe have tons of client`s feedbacks that this simple boost doubled their sales in a matter of weeks. \r\n \r\nMore info: \r\nhttps://www.monkeydigital.org/product/moz-da50-seo-plan/ \r\n \r\nNEW: \r\nhttps://www.monkeydigital.org/product/ahrefs-dr50-ur70-seo-plan/ \r\nhttps://www.monkeydigital.org/product/trust-flow-seo-package/ \r\n \r\n \r\nthank you \r\nMike Charlson\r\n
4	SEO X Press Digital Agency (753489)	keenastreicher3265@gmail.com\r\n (85115987389)	Hi there \r\n \r\n \r\nI have just analyzed  evafilm.stream for  the current search visibility and saw that your website could use a boost. \r\n \r\n \r\nWe will increase your Ranks organically and safely, using only whitehat methods, \r\n \r\n \r\nIf interested, please email us \r\n \r\nsupport@digital-x-press.com \r\n \r\n \r\nregards \r\nMike Boolman\r\n \r\nSEO X Press Digital Agency \r\nhttps://www.digital-x-press.com
5	Mike Raleigh\r\n (928664)	liannecran32@gmail.com\r\n (85413615723)	Hi there \r\n \r\nWe will enhance your Local Ranks organically and safely, using only whitehat methods, while providing Google maps and website offsite work at the same time. \r\n \r\nPlease check our services below, we offer Local SEO at cheap rates. \r\nhttps://speed-seo.net/product/local-seo-package/ \r\n \r\nNEW: \r\nhttps://www.speed-seo.net/product/zip-codes-gmaps-citations/ \r\n \r\nregards \r\nMike Raleigh\r\n \r\nSpeed SEO Digital Agency
6	Basmah Abdulaziz (633978)	amira966@protonmail.com (84953541457)	Hello Dear, \r\nAs-salamu alaykum \r\nHope this email meets you at your best, My name is Basmah Amira Bint Saud Bin Abdulaziz Al-Saud from Jeddah, Saudi Arabia, I have not done business in your country before, I want to invest through you as am not allowed to venture into business as a lady. After Covid-19 Pandemic am not allowed to travel outside my country. \r\n \r\nI need your help to invest a total of USD $25.5 M deposited in a vaults with Euroclear with my names ready to  be invested. \r\n \r\nIf you are interested, kindly contact me to send all proof of funds to you for your consideration. I cannot say everything here. Kindly get back to me if you're interested and need more details. \r\nReach me on amira@helasaud.live or helinamoha7@gmail.com. \r\n \r\nBest Regards, \r\nBasmah Amira Bint Saud Bin Abdulaziz Al-Saud \r\nSaudi Arabia
7		test@test.com (0333)	 
8	hgj	ghj@af.com (09125502517)	dfgfdhfdh
\.


--
-- Data for Name: movies_country; Type: TABLE DATA; Schema: public; Owner: evafilm_user
--

COPY public.movies_country (id, name, page_url) FROM stdin;
2		country//
3	 	country/-/
4		country//
5	 	country/-/
6		country//
7		country//
8		country//
9		country//
10	usa	country/usa/
\.


--
-- Data for Name: movies_director; Type: TABLE DATA; Schema: public; Owner: evafilm_user
--

COPY public.movies_director (id, name, page_url, summary, thumb_image) FROM stdin;
48	Ben Winston	\N	\nBen Winston is a writer and producer, known for Carpool Karaoke: When Corden Met McCartney Live From Liverpool (2018), The Late Late Show with James Corden (2015) and Carpool Karaoke (2017).            \nSee full bio \n            \n	ben-winston.webp
49	Craig Brewer	\N	\nFather, Walter D. Brewer worked in a number of high-level corporate positions for Matson Navigation Company, culminating in the position of director of corporate development from 1990-1998, when he died. His work caused the family to move from Vallejo, California (where Craig attended elementary school and junior high) to Orange County, returning ...            \nSee full bio \n            \n	craig-brewer.webp
50	Simon Stone	\N	\nSimon Stone was born on August 19, 1985. He is an actor and director, known for The Daughter (2015), The Dig (2021) and The Turning (2013).            \nSee full bio \n            \n	simon-stone.webp
51	George Clooney	\N	\nGeorge Timothy Clooney was born on May 6, 1961, in Lexington, Kentucky, to Nina Bruce (ne Warren), a former beauty pageant queen, and Nick Clooney, a former anchorman and television host (who was also the brother of singer Rosemary Clooney). He has English, German and Irish ancestry. Clooney spent most of his youth in Ohio and Kentucky, and ...            \nSee full bio \n            \n	george-clooney.webp
52	Paul Greengrass	\N	\nPaul Greengrass started his filmmaking career with a super 8 camera he found in his art room in secondary school. Those short movies were animation horror films he made using old dolls, artist dummies, and the general art room clutter. After studying in Cambridge University he got into Granada Television School and spent the first ten years of his ...            \nSee full bio \n            \n	paul-greengrass.webp
53	Steven Brill	\N	\nA native of Utica, New York, Steven Brill studied film, theater and acting at Boston University. It was there that he became a student of acclaimed, Nobel Prize winning poet and playwright, Derek Walcott. Brill became a part of Mr. Walcott's first theater group in Boston, Playwright's Theater, where he wrote and directed original plays. Brill ...            \nSee full bio \n            \n	steven-brill.webp
54	Harry Bradbeer	\N	\nHarry is a multi award-winning director who began his career as assistant to John Schlesinger. He worked with the producer Tony Garnett on the cult hit This Life before becoming lead director on The Cops which won the BAFTA for Best Series two years in a row. Harry's other work includes The Hour for which he won a Le Reflet d'Or, No Offence, ...            \nSee full bio \n            \n	harry-bradbeer.webp
55	Josh Boone	\N	\nJosh Boone was born on April 5, 1979 in Virginia Beach, Virginia, USA. He is a writer and producer, known for The Fault in Our Stars (2014), The New Mutants (2020) and The Stand (2020).            \nSee full bio \n            \n	josh-boone.webp
56	Ric Roman Waugh	\N	\nRic Roman Waugh was born on February 20, 1968 in Los Angeles, California, USA. He is known for his work on Felon (2008), Shot Caller (2017) and Angel Has Fallen (2019). He has been married to Tanya Ballinger since September 24, 2005. They have two children.            \nSee full bio \n            \n	ric-roman-waugh.webp
57	Niki Caro	\N	\nNiki Caro is a New Zealand film director and screenwriter, born in 1967. Caro was born in Wellington, the capital city of New Zealand. She was educated first at the Kadimah College in Auckland, and then the Diocesan School for Girls in Auckland. The School is a private girls' school, and ranks among the top-achieving schools in New Zealand. In the ...            \nSee full bio \n            \n	niki-caro.webp
58	Dave Wilson	\N	\nDave Wilson is known for his work on Bloodshot (2020), Avengers: Age of Ultron (2015) and Star Wars: The Force Unleashed II (2010).            \nSee full bio \n            \n	dave-wilson.webp
59	Dan Scanlon	\N	\nDan Scanlon joined Pixar Animation Studios in September 2001 as a storyboard artist on Pixar's award-winning feature films "Cars" and "Toy Story 3." During the initial production stages for both films, he worked closely with the directors to bring their ideas to the screen. Scanlon went on to co-direct the original short film, "Mater and the ...            \nSee full bio \n            \n	dan-scanlon.webp
60	Florian Zeller	\N	\nFlorian Zeller is a French writer and director. He is, according to the Times, "the most exciting playwright of our time." He has written more than 10 plays, which have been staged in more than 45 countries. His black-comedy play "The Father" is one of the outstanding hits of recent years. It has won several awards in Paris, London, and New York. ...            \nSee full bio \n            \n	florian-zeller.webp
61	Lee Isaac Chung	\N	\nA son of Korean immigrants, Chung grew up on a small farm in rural Arkansas and then attended Yale University, majoring in Ecology. During his senior year, Chung dropped his plans for medical school and turned to filmmaking. He studied film at the University of Utah, earning his MFA in 2004. Chung's first film, Munyurangabo, premiered at the 2007 ...            \nSee full bio \n            \n	lee-isaac-chung.webp
62	Jeff Fowler	\N	\nJeff Fowler was born on July 27, 1978 in Normal, Illinois, USA. He is known for his work on Sonic the Hedgehog (2020), Gopher Broke (2004) and Where the Wild Things Are (2009).            \nSee full bio \n            \n	jeff-fowler.webp
63	William Eubank	\N	\nWilliam Eubank is a cinematographer and director, known for The Signal (2014), Love (2011) and Underwater (2020).            \nSee full bio \n            \n	william-eubank.webp
64	Stephen Gaghan	\N	\nStephen Gaghan was born on May 6, 1965 in Louisville, Kentucky, USA. He is known for his work on Syriana (2005), Traffic (2000) and Dolittle (2020). He has been married to Minnie Mortimer since May 19, 2007.            \nSee full bio \n            \n	stephen-gaghan.webp
65	Greta Gerwig	\N	\nGreta Gerwig is an American actress, playwright, screenwriter, and director. She has collaborated with Noah Baumbach on several films, including Greenberg (2010), Frances Ha (2012), for which she earned a Golden Globe nomination, and Mistress America (2015). Gerwig made her solo directorial debut with the critically acclaimed comedy-drama film ...            \nSee full bio \n            \n	greta-gerwig.webp
66	Jake Kasdan	\N	\nJake Kasdan was born on October 28, 1974 in Detroit, Michigan, USA as Jacob Kasdan. He is a producer and director, known for Walk Hard: The Dewey Cox Story (2007), Jumanji: The Next Level (2019) and Zero Effect (1998).            \nSee full bio \n            \n	jake-kasdan.webp
67	Sergio Pablos	\N	\nSergio Pablos' career in animation spans over three decades. His work is well known as a Supervising Animator on Disney films such as "Tarzan" and "Treasure Planet". At the helm of his company The SPA Studios, he's also known for having developed the original story upon which films like "Despicable Me" and "Smallfoot" are based on. In addition to ...            \nSee full bio \n            \n	sergio-pablos.webp
68	Paul Feig	\N	\nPaul Feig was born on September 17, 1962 in Mount Clemens, Michigan, USA. He is a producer and actor, known for Freaks and Geeks (1999), The Heat (2013) and Heavyweights (1995). He has been married to Laurie Karon since September 23, 1994.            \nSee full bio \n            \n	paul-feig.webp
69	Chris Buck	\N	\nChris Buck was born on February 24, 1958 in Wichita, Kansas, USA as Christopher James Buck. He is known for his work on Frozen (2013), Surf's Up (2007) and Frozen II (2019). He is married to Shelley Rae Hinton. They have three children.            \nSee full bio \n            \n	chris-buck.webp
70	Robert Stromberg	\N	\nRobert Stromberg is known for his work on Avatar (2009), Maleficent (2014) and Master and Commander: The Far Side of the World (2003).            \nSee full bio \n            \n	robert-stromberg.webp
71	Joachim Rnning	\N	\nJoachim Rnning is a film director and writer from Sandefjord, Norway - a small coastal town south of Oslo. He spent his teenage years making short films and shooting commercials for local businesses. In 1995 Rnning began directing professionally with his childhood friend, Espen Sandberg. Working under the name of Roenberg, their extensive and ...            \nSee full bio \n            \n	joachim-rnning.webp
72	Ang Lee	\N	\nBorn in 1954 in Pingtung, Taiwan, Ang Lee has become one of today's greatest contemporary filmmakers. Ang graduated from the National Taiwan College of Arts in 1975 and then came to the U.S. to receive a B.F.A. Degree in Theatre/Theater Direction at the University of Illinois at Urbana-Champaign, and a Masters Degree in Film Production at New York...            \nSee full bio \n            \n	ang-lee.webp
73	Marielle Heller	\N	\nMarielle Heller is a writer, director and actor. She was selected as a 2012 Sundance Screenwriting Fellow and 2012 Sundance Directing Fellow, and was honored with the Lynn Auerbach Screenwriting Fellowship, and The Maryland Film Festival Fellowship. Her writing credits include pilots for ABC and 20th Century Fox, and multiple screenplays and ...            \nSee full bio \n            \n	marielle-heller.webp
74	Destin Daniel Cretton	\N	\nDestin Daniel Cretton was born on November 23, 1978 in Maui, Hawaii, USA. He is a director and producer, known for Short Term 12 (2013), Just Mercy (2019) and The Glass Castle (2017).            \nSee full bio \n            \n	destin-daniel-cretton.webp
75	Andr vredal	\N	\nAndr vredal is a director and writer, known for Trolljegeren (2010), The Autopsy of Jane Doe (2016) and Tunnelen (2016).            \nSee full bio \n            \n	andr-vredal.webp
76	David Leitch	\N	\nDavid Leitch is a billion dollar film director, actor, stuntman, writer, producer, and stunt coordinator. He co-directed John Wick (2014) with Chad Stahelski, which he also served as producer. David directed Atomic Blonde (2017) starring Charlize Theron. David also directed the box office smash and critically acclaimed Deadpool 2 (2018). He is the...            \nSee full bio \n            \n	david-leitch.webp
77	Kyle Newacheck	\N	\nKyle Newacheck was born on January 23, 1984 in Walnut Creek, California, USA as Kyle Richard Newacheck. He is a producer and writer, known for Game Over, Man! (2018), Workaholics (2011) and Murder Mystery (2019).            \nSee full bio \n            \n	kyle-newacheck.webp
78	F. Gary Gray	\N	\nF. Gary Gray was born on July 17, 1969 in New York City, New York, USA as Felix Gary Gray. He is a director and producer, known for Set It Off (1996), The Italian Job (2003) and The Negotiator (1998).            \nSee full bio \n            \n	f.-gary-gray.webp
79	Simon Kinberg	\N	\nSimon Kinberg was born on August 2, 1973 in London, England. He is a producer and writer, known for The Martian (2015), Logan (2017) and Fantastic Four (2015). He was previously married to Mali Heled.            \nSee full bio \n            \n	simon-kinberg.webp
80	Michael Dougherty	\N	\nMichael Dougherty was born on October 28, 1974 in Columbus, Ohio, USA. He is a writer and director, known for Trick 'r Treat (2007), Krampus (2015) and Superman Returns (2006).            \nSee full bio \n            \n	michael-dougherty.webp
81	Aneesh Chaganty	\N	\nAneesh Chaganty is a writer and director, known for Searching (2018), Run (2020) and Searching 2.            \nSee full bio \n            \n	aneesh-chaganty.webp
82	Aaron Schneider	\N	\nAaron Schneider is a cinematographer and director, known for Two Soldiers (2003), Get Low (2009) and Greyhound (2020).            \nSee full bio \n            \n	aaron-schneider.webp
83	Chris Sanders	\N	\nBorn and raised in Colorado, Chris Sanders fell in love with animation at the age of ten after seeing Ward Kimball animated shorts on 'The Wonderful World of Disney'. He began drawing, and applied to CalArts after his grandmother told him about the animation program at the school. He majored in character animation, and graduated in 1984, moving on...            \nSee full bio \n            \n	chris-sanders.webp
84	Ericson Core	\N	\nAfter graduating from USC's film program as well a degree from the prestigious Art Center College of Design, Core started his career as a Director of Photography on such films as "187" for Kevin Reynolds, "Payback" for Brian Hegleland, "Mumford" for Lawrence Kasdan, "Dancing at the Blue Iguana" for Michael Radford, "The Fast and the Furious" for ...            \nSee full bio \n            \n	ericson-core.webp
85	Roland Emmerich	\N	\nRoland Emmerich is a German film director and producer of blockbuster films like The Day After Tomorrow (2004), Godzilla (1998), Independence Day (1996) and The Patriot (2000). Before fame, he originally wanted to be a production designer, but decided to be a director, after watching the original Star Wars (1977). Emmerich began his career in his ...            \nSee full bio \n            \n	roland-emmerich.webp
86	Michael Engler	\N	\nMichael Engler is a director and producer, known for Downton Abbey (2019), Sex and the City (1998) and Downton Abbey (2010). He has been married to Steven Sumser since November 23, 2014.            \nSee full bio \n            \n	michael-engler.webp
87	Nahnatchka Khan	\N	\nNahnatchka Khan was born on June 17, 1973 in Los Angeles, California, USA. She is a producer and writer, known for Young Rock (2021), American Dad! (2005) and Fresh Off the Boat (2015). She has been married to Julia Bicknell since November 2019.            \nSee full bio \n            \n	nahnatchka-khan.webp
88	Craig Gillespie	\N	\nCraig Gillespie is an Australian film director, best known for his films Lars and the Real Girl (2007), and I, Tonya (2017). Born and raised in Sydney, Gillespie moved to New York City at the age of nineteen to study illustration, graphic design and advertising at Manhattan's School of Visual Arts. Gillespie worked for fifteen years as a commercial ...            \nSee full bio \n            \n	craig-gillespie.webp
89	Thomas Vinterberg	\N	\nWith Sidste omgang (1993) (Last Round), his graduation short from The National Film School of Denmark, he got an early taste of critical success. He received the Jury's and Producers' Awards at the International Student Film Fest in Munich and won the 1st Prize at the Tel Aviv Film Fest. Popular success followed with his breakthrough short fiction...            \nSee full bio \n            \n	thomas-vinterberg.webp
90	David Benioff	\N	\nDavid Benioff was born on September 25, 1970 in New York City, New York, USA as David Friedman. He is a producer and writer, known for Game of Thrones (2011), The Kite Runner (2007) and 25th Hour (2002). He has been married to Amanda Peet since September 30, 2006. They have three children.            \nSee full bio \n            \n	david-benioff.webp
91	Guillermo del Toro	\N	\nGuillermo del Toro was born October 9, 1964 in Guadalajara, Jalisco, Mexico. Raised by his Catholic grandmother, del Toro developed an interest in filmmaking in his early teens. Later, he learned about makeup and effects from the legendary Dick Smith (The Exorcist (1973)) and worked on making his own short films. At the age of 21, del Toro ...            \nSee full bio \n            \n	guillermo-del-toro.webp
92	Peter Jackson	\N	\nPeter Jackson was born as an only child in a small coast-side town in New Zealand in 1961. When a friend of his parents bought him a super 8 movie camera (because she saw how much he enjoyed taking photos), the then eight-year-old Peter instantly grabbed the thing to start recording his own movies, which he made with his friends. They were usually...            \nSee full bio \n            \n	peter-jackson.webp
93	Christian Ditter	\N	\nChristian Ditter was born in 1977 in Gieen, Germany. He is a director and producer, known for How to Be Single (2016), Biohackers (2020) and Love, Rosie (2014).            \nSee full bio \n            \n	christian-ditter.webp
94	Lana Wachowski	\N	\nLana Wachowski and her sister Lilly Wachowski, also known as the Wachowskis, are the duo behind such ground-breaking movies as The Matrix (1999) and Cloud Atlas (2012). Born to mother Lynne, a nurse, and father Ron, a businessman of Polish descent, Wachowski grew up in Chicago and formed a tight creative relationship with her sister Lilly. After ...            \nSee full bio \n            \n	lana-wachowski.webp
95	Michael Chaves	\N	\nMichael Chaves is a director and writer, known for The Curse of La Llorona (2019), The Maiden (2016) and The Conjuring: The Devil Made Me Do It (2021).            \nSee full bio \n            \n	michael-chaves.webp
96	David Mackenzie	\N	\nDavid Mackenzie was born on May 10, 1966 in Corbridge, Northumberland, England. He is a director and writer, known for Hell or High Water (2016), Perfect Sense (2011) and Starred Up (2013).            \nSee full bio \n            \n	david-mackenzie.webp
97	Taylor Sheridan	\N	\nTaylor Sheridan is an American actor, screenwriter and director. He is best known for writing the screenplay for 'Sicario' (2015) and 'Hell or high water' (2016), for which he received an Academy Award nomination for Best Original Screenplay. He also starred in the FX television series 'Sons of anarchy' and directed the film 'Wind river,' starring ...            \nSee full bio \n            \n	taylor-sheridan.webp
98	John Krasinski	\N	\nTall, handsome American film and television star John Krasinski is known for his role as sardonic nice guy Jim Halpert on NBC's popular TV series, The Office (2005), for which he won a 2007 and 2008 Screen Actors Guild Award for outstanding performance by an ensemble in a comedy series. Born John Burke Krasinski on October 20, 1979, in Newton, ...            \nSee full bio \n            \n	john-krasinski.webp
99	Matt Duffer	\N	\nMatt Duffer was born as Matthew C. Duffer. He is a producer and writer, known for Stranger Things (2016), Wayward Pines (2015) and We All Fall Down (2005).            \nSee full bio \n            \n	matt-duffer.webp
100	Justin Lin	\N	\nJustin Lin is a Taiwanese-American film director whose films have grossed $2 billion worldwide. He is best known for his work on Better Luck Tomorrow, The Fast and the Furious 3-6 and Star Trek Beyond. He is also known for his work on television shows like Community and the second season of True Detective. Lin was born in Taipei, Taiwan, and grew ...            \nSee full bio \n            \n	justin-lin.webp
101	James Gunn	\N	\nJames Gunn was born and raised in St. Louis, Missouri, to Leota and James Francis Gunn. He is from a large Catholic family, with Irish and Czech ancestry. His father and his uncles were all lawyers. He has been writing and performing as long as he can remember. He began making 8mm films at the age of twelve. Many of these were comedic splatter ...            \nSee full bio \n            \n	james-gunn.webp
102	Jaume Collet-Serra	\N	\nJaume Collet-Serra was born on March 23, 1974 in Barcelona, Barcelona, Catalonia, Spain. At the age of 18, he moved to Los Angeles and attended Columbia College Hollywood, working as an editor on the side. Upon graduation, he began shooting music videos and caught the eye of several production companies. From there he began directed various ...            \nSee full bio \n            \n	jaume-collet-serra.webp
\.


--
-- Data for Name: movies_episode; Type: TABLE DATA; Schema: public; Owner: evafilm_user
--

COPY public.movies_episode (id, title, index, summary, download_url, subtitle_vtt_url, subtitle_srt_url, page_url, created_at, created_by_id, playlist_id, season_id, thumb_image, stream_url) FROM stdin;
37	\N	1		https://ss.evafilm.stream/dl-video/Bloodshot.2020.720p.BluRay.x264.AAC-[YTS.MX].mp4	https://ss.evafilm.stream/ss-video/	https://ss.evafilm.stream/ss-video/	p/37/	2021-06-09 16:12:59.390758+00	\N	83	38		https://ss.evafilm.stream/ss-video/bloodshot-2020-bluray/hls/stream.m3u8
38	\N	1		https://ss.evafilm.stream/dl-video/Onward.2020.720p.BluRay.x264.AAC-[YTS.MX].mp4	https://ss.evafilm.stream/ss-video/	https://ss.evafilm.stream/ss-video/	p/38/	2021-06-09 16:14:59.450422+00	\N	84	39		https://ss.evafilm.stream/ss-video/onward-2020-bluray/hls/stream.m3u8
40	\N	1		https://ss.evafilm.stream/dl-video/Minari.2020.720p.BluRay.x264.AAC-[YTS.MX].mp4	https://ss.evafilm.stream/ss-video/	https://ss.evafilm.stream/ss-video/	p/40/	2021-06-09 16:40:54.376835+00	\N	86	41		https://ss.evafilm.stream/ss-video/minari-2020-bluray/hls/stream.m3u8
41	\N	1		https://ss.evafilm.stream/dl-video/Sonic.The.Hedgehog.2020.720p.BluRay.x264.AAC-[YTS.MX].mp4	https://ss.evafilm.stream/ss-video/	https://ss.evafilm.stream/ss-video/	p/41/	2021-06-09 16:42:10.011262+00	\N	87	42		https://ss.evafilm.stream/ss-video/sonic-the-hedgehog-2020-bluray/hls/stream.m3u8
43	\N	1		https://ss.evafilm.stream/dl-video/Dolittle.2020.720p.BluRay.x264.AAC-[YTS.MX].mp4	https://ss.evafilm.stream/ss-video/	https://ss.evafilm.stream/ss-video/	p/43/	2021-06-09 16:44:21.573036+00	\N	89	44		https://ss.evafilm.stream/ss-video/dolittle-2020-bluray/hls/stream.m3u8
44	\N	1		https://ss.evafilm.stream/dl-video/Little.Women.2019.720p.BluRay.x264.AAC-[YTS.MX].mp4	https://ss.evafilm.stream/ss-video/	https://ss.evafilm.stream/ss-video/	p/44/	2021-06-09 16:45:27.497987+00	\N	90	45		https://ss.evafilm.stream/ss-video/little-women-2019-bluray/hls/stream.m3u8
46	\N	1		https://ss.evafilm.stream/dl-video/Jumanji.Welcome.To.The.Jungle.2017.720p.BluRay.x264-[YTS.AM].mp4	https://ss.evafilm.stream/ss-video/	https://ss.evafilm.stream/ss-video/	p/46/	2021-06-09 16:47:27.280117+00	\N	92	47		https://ss.evafilm.stream/ss-video/jumanji-welcome-to-the-jungle-2017-bluray/hls/stream.m3u8
31	\N	1		https://ss.evafilm.stream/dl-video/News.Of.The.World.2020.720p.BluRay.x264.AAC-[YTS.MX].mp4	https://ss.evafilm.stream/ss-video/	https://ss.evafilm.stream/ss-video/	p/31/	2021-06-09 16:07:50.008415+00	\N	77	32		https://ss.evafilm.stream/ss-video/news-of-the-world-2020-bluray/hls/stream.m3u8
32	\N	1		https://ss.evafilm.stream/dl-video/Hubie.Halloween.2020.720p.WEBRip.x264.AAC-[YTS.MX].mp4	https://ss.evafilm.stream/ss-video/	https://ss.evafilm.stream/ss-video/	p/32/	2021-06-09 16:09:19.571499+00	\N	78	33		https://ss.evafilm.stream/ss-video/hubie-halloween-2020-webrip/hls/stream.m3u8
35	\N	1		https://ss.evafilm.stream/dl-video/Greenland.2020.720p.BluRay.x264.AAC-[YTS.MX].mp4	https://ss.evafilm.stream/ss-video/	https://ss.evafilm.stream/ss-video/	p/35/	2021-06-09 16:11:10.993735+00	\N	81	36		https://ss.evafilm.stream/ss-video/greenland-2020-bluray/hls/stream.m3u8
33	\N	1		https://ss.evafilm.stream/dl-video/Enola.Holmes.2020.720p.WEBRip.x264.AAC-[YTS.MX].mp4	https://ss.evafilm.stream/ss-video/	https://ss.evafilm.stream/ss-video/	p/33/	2021-06-09 16:09:56.888665+00	\N	79	34		https://ss.evafilm.stream/ss-video/enola-holmes-2020-webrip/hls/stream.m3u8
36	\N	1		https://ss.evafilm.stream/dl-video/Mulan.2020.720p.BluRay.x264.AAC-[YTS.MX].mp4	https://ss.evafilm.stream/ss-video/	https://ss.evafilm.stream/ss-video/	p/36/	2021-06-09 16:12:26.737568+00	\N	82	37		https://ss.evafilm.stream/ss-video/mulan-2020-bluray/hls/stream.m3u8
47	\N	1		https://ss.evafilm.stream/dl-video/Klaus.2019.720p.WEBRip.x264-[YTS.LT].mp4	https://ss.evafilm.stream/ss-video/	https://ss.evafilm.stream/ss-video/	p/47/	2021-06-09 16:48:15.374905+00	\N	93	48		https://ss.evafilm.stream/ss-video/klaus-2019-webrip/hls/stream.m3u8
48	\N	1		https://ss.evafilm.stream/dl-video/Last.Christmas.2019.720p.BluRay.x264.AAC-[YTS.LT].mp4	https://ss.evafilm.stream/ss-video/	https://ss.evafilm.stream/ss-video/	p/48/	2021-06-09 16:49:34.15007+00	\N	94	49		https://ss.evafilm.stream/ss-video/last-christmas-2019-bluray/hls/stream.m3u8
50	\N	1		https://ss.evafilm.stream/dl-video/Frozen.2013.720p.BluRay.x264.YIFY.mp4	https://ss.evafilm.stream/ss-video/	https://ss.evafilm.stream/ss-video/	p/50/	2021-06-09 16:51:20.656453+00	\N	96	51		https://ss.evafilm.stream/ss-video/frozen-2013-bluray/hls/stream.m3u8
51	\N	1		https://ss.evafilm.stream/dl-video/Maleficent.2014.720p.BluRay.x264.YIFY.mp4	https://ss.evafilm.stream/ss-video/	https://ss.evafilm.stream/ss-video/	p/51/	2021-06-09 16:52:43.827106+00	\N	97	52		https://ss.evafilm.stream/ss-video/maleficent-2014-bluray/hls/stream.m3u8
53	\N	1		https://ss.evafilm.stream/dl-video/Gemini.Man.2019.720p.BluRay.x264-[YTS.LT].mp4	https://ss.evafilm.stream/ss-video/	https://ss.evafilm.stream/ss-video/	p/53/	2021-06-09 16:57:50.057304+00	\N	99	54		https://ss.evafilm.stream/ss-video/gemini-man-2019-bluray/hls/stream.m3u8
54	\N	1		https://ss.evafilm.stream/dl-video/A.Beautiful.Day.In.The.Neighborhood.2019.720p.BluRay.x264.AAC-[YTS.MX].mp4	https://ss.evafilm.stream/ss-video/	https://ss.evafilm.stream/ss-video/	p/54/	2021-06-09 16:58:52.53966+00	\N	100	55		https://ss.evafilm.stream/ss-video/a-beautiful-day-in-the-neighborhood-2019-bluray/hls/stream.m3u8
55	\N	1		https://ss.evafilm.stream/dl-video/Just.Mercy.2019.720p.BluRay.x264.AAC-[YTS.MX].mp4	https://ss.evafilm.stream/ss-video/	https://ss.evafilm.stream/ss-video/	p/55/	2021-06-09 16:59:35.085227+00	\N	101	56		https://ss.evafilm.stream/ss-video/just-mercy-2019-bluray/hls/stream.m3u8
58	\N	1		https://ss.evafilm.stream/dl-video/Murder.Mystery.2019.720p.WEBRip.x264-[YTS.LT].mp4	https://ss.evafilm.stream/ss-video/	https://ss.evafilm.stream/ss-video/	p/58/	2021-06-09 17:01:41.72971+00	\N	104	59		https://ss.evafilm.stream/ss-video/murder-mystery-2019-webrip/hls/stream.m3u8
59	\N	1		https://ss.evafilm.stream/dl-video/Men.In.Black.International.2019.720p.BluRay.x264-[YTS.LT].mp4	https://ss.evafilm.stream/ss-video/	https://ss.evafilm.stream/ss-video/	p/59/	2021-06-09 17:02:22.839476+00	\N	105	60		https://ss.evafilm.stream/ss-video/men-in-black-international-2019-bluray/hls/stream.m3u8
60	\N	1		https://ss.evafilm.stream/dl-video/Dark.Phoenix.2019.720p.BluRay.x264-[YTS.LT].mp4	https://ss.evafilm.stream/ss-video/	https://ss.evafilm.stream/ss-video/	p/60/	2021-06-09 17:03:09.064821+00	\N	106	61		https://ss.evafilm.stream/ss-video/dark-phoenix-2019-bluray/hls/stream.m3u8
61	\N	1		https://ss.evafilm.stream/dl-video/Godzilla.King.Of.The.Monsters.2019.720p.BluRay.x264-[YTS.LT].mp4	https://ss.evafilm.stream/ss-video/	https://ss.evafilm.stream/ss-video/	p/61/	2021-06-09 17:04:16.384036+00	\N	107	62		https://ss.evafilm.stream/ss-video/godzilla-king-of-the-monsters-2019-bluray/hls/stream.m3u8
30	\N	1		https://ss.evafilm.stream/dl-video/The.Midnight.Sky.2020.720p.WEBRip.x264.AAC-[YTS.MX].mp4	https://ss.evafilm.stream/ss-video/	https://ss.evafilm.stream/ss-video/	p/30/	2021-06-09 16:07:09.941705+00	\N	76	31		https://ss.evafilm.stream/ss-video/the-midnight-sky-2020-webrip/hls/stream.m3u8
45	\N	1		https://ss.evafilm.stream/dl-video/Jumanji.The.Next.Level.2019.720p.BluRay.x264.AAC-[YTS.MX].mp4	https://ss.evafilm.stream/ss-video/	https://ss.evafilm.stream/ss-video/	p/45/	2021-06-09 16:46:17.292012+00	\N	91	46		https://ss.evafilm.stream/ss-video/jumanji-the-next-level-2019-bluray/hls/stream.m3u8
49	\N	1		https://ss.evafilm.stream/dl-video/Frozen.II.2019.720p.BluRay.x264.AAC-[YTS.MX].mp4	https://ss.evafilm.stream/ss-video/	https://ss.evafilm.stream/ss-video/	p/49/	2021-06-09 16:50:20.910375+00	\N	95	50		https://ss.evafilm.stream/ss-video/frozen-II-2019-bluray/hls/stream.m3u8
56	\N	1		https://ss.evafilm.stream/dl-video/Scary.Stories.To.Tell.In.The.Dark.2019.720p.BluRay.x264-[YTS.LT].mp4	https://ss.evafilm.stream/ss-video/	https://ss.evafilm.stream/ss-video/	p/56/	2021-06-09 17:00:16.829463+00	\N	102	57		https://ss.evafilm.stream/ss-video/scary-stories-to-tell-in-the-dark-2019-bluray/hls/stream.m3u8
57	\N	1		https://ss.evafilm.stream/dl-video/Fast.&.Furious.Presents.Hobbs.&.Shaw.2019.720p.BluRay.x264-[YTS.LT].mp4	https://ss.evafilm.stream/ss-video/	https://ss.evafilm.stream/ss-video/	p/57/	2021-06-09 17:01:03.147984+00	\N	103	58		https://ss.evafilm.stream/ss-video/fast-&-furious-presents-hobbs-&-Shaw-2019-bluray/hls/stream.m3u8
62	\N	1		https://ss.evafilm.stream/dl-video/Run.2020.720p.BluRay.x264.AAC-[YTS.MX].mp4	https://ss.evafilm.stream/ss-video/	https://ss.evafilm.stream/ss-video/	p/62/	2021-06-09 17:39:10.662433+00	\N	108	63		https://ss.evafilm.stream/ss-video/run-2020-bluray/hls/stream.m3u8
63	\N	1		https://ss.evafilm.stream/dl-video/Greyhound.2020.720p.WEBRip.x264.AAC-[YTS.MX].mp4	https://ss.evafilm.stream/ss-video/	https://ss.evafilm.stream/ss-video/	p/63/	2021-06-09 18:02:47.416172+00	\N	109	64		https://ss.evafilm.stream/ss-video/greyhound-2020-webrip/hls/stream.m3u8
64	\N	1		https://ss.evafilm.stream/dl-video/The.Call.Of.The.Wild.2020.720p.BluRay.x264.AAC-[YTS.MX].mp4	https://ss.evafilm.stream/ss-video/	https://ss.evafilm.stream/ss-video/	p/64/	2021-06-09 18:05:02.204257+00	\N	110	65		https://ss.evafilm.stream/ss-video/the-call-of-the-wild-2020-bluray/hls/stream.m3u8
65	\N	1		https://ss.evafilm.stream/dl-video/Togo.2019.720p.WEBRip.x264-[YTS.LT].mp4	https://ss.evafilm.stream/ss-video/	https://ss.evafilm.stream/ss-video/	p/65/	2021-06-09 18:05:56.448006+00	\N	111	66		https://ss.evafilm.stream/ss-video/togo-2019-webrip/hls/stream.m3u8
66	\N	1		https://ss.evafilm.stream/dl-video/Midway.2019.720p.BluRay.x264.AAC-[YTS.MX].mp4	https://ss.evafilm.stream/ss-video/	https://ss.evafilm.stream/ss-video/	p/66/	2021-06-09 18:06:43.861715+00	\N	112	67		https://ss.evafilm.stream/ss-video/midway-2019-bluray/hls/stream.m3u8
67	\N	1		https://ss.evafilm.stream/dl-video/Downton.Abbey.2019.720p.BluRay.x264-[YTS.LT].mp4	https://ss.evafilm.stream/ss-video/	https://ss.evafilm.stream/ss-video/	p/67/	2021-06-09 18:07:35.286955+00	\N	113	68		https://ss.evafilm.stream/ss-video/downton-abbey-2019-bluray/hls/stream.m3u8
68	\N	1		https://ss.evafilm.stream/dl-video/Always.Be.My.Maybe.2019.720p.WEBRip.x264-[YTS.AM].mp4	https://ss.evafilm.stream/ss-video/	https://ss.evafilm.stream/ss-video/	p/68/	2021-06-09 18:08:29.103858+00	\N	114	69		https://ss.evafilm.stream/ss-video/always-be-my-maybe-2019-webrip/hls/stream.m3u8
69	\N	1		https://ss.evafilm.stream/dl-video/cruella-2021-720p-webrip.x264.AAC.mp4	https://ss.evafilm.stream/ss-video/cruella-2021-webrip/cruella-2021-webdl-fa.vtt	https://ss.evafilm.stream/ss-video/	p/69/	2021-06-09 18:35:16.242616+00	\N	115	70		https://ss.evafilm.stream/ss-video/cruella-2021-webrip/hls/stream.m3u8
91	\N	1	\N	https://ss.evafilm.stream/dl-video/	https://ss.evafilm.stream/ss-video/	https://ss.evafilm.stream/ss-video/	p/91/	2021-06-25 18:44:02.237861+00	\N	127	82		https://ss.evafilm.stream/ss-video/
27	\N	1		https://ss.evafilm.stream/dl-video/Friends.The.Reunion.2021.720p.WEBRip.x264.AAC-[YTS.MX].mp4	https://ss.evafilm.stream/ss-video/	https://ss.evafilm.stream/ss-video/	p/27/	2021-06-09 16:04:41.436146+00	\N	73	28		https://ss.evafilm.stream/ss-video/friends-the-reunion-2021-webrip/hls/stream.m3u8
34	\N	1		https://ss.evafilm.stream/dl-video/The.New.Mutants.2020.720p.BluRay.x264.AAC-[YTS.MX].mp4	https://ss.evafilm.stream/ss-video/	https://ss.evafilm.stream/ss-video/	p/34/	2021-06-09 16:10:37.388788+00	\N	80	35		https://ss.evafilm.stream/ss-video/the-new-mutants-2020-bluray/hls/stream.m3u8
39	\N	1		https://ss.evafilm.stream/dl-video/The.Father.2020.720p.BluRay.x264.AAC-[YTS.MX].mp4	https://ss.evafilm.stream/ss-video/	https://ss.evafilm.stream/ss-video/	p/39/	2021-06-09 16:40:22.521388+00	\N	85	40		https://ss.evafilm.stream/ss-video/the-father-2020-bluray/hls/stream.m3u8
42	\N	1		https://ss.evafilm.stream/dl-video/Underwater.2020.720p.BluRay.x264.AAC-[YTS.MX].mp4	https://ss.evafilm.stream/ss-video/	https://ss.evafilm.stream/ss-video/	p/42/	2021-06-09 16:43:40.229427+00	\N	88	43		https://ss.evafilm.stream/ss-video/underwater-2020-bluray/hls/stream.m3u8
79	   	1	iuguigiug	\N	\N	\N	p/79/	2021-06-17 18:06:05.464198+00	\N	124	79		https://ss.evafilm.stream/ss-video/the-conjuring-the-devi-made-me-do-it-2021-webrip/hls/stream.m3u8
92	\N	1	\N	https://ss.evafilm.stream/dl-video/	https://ss.evafilm.stream/ss-video/	https://ss.evafilm.stream/ss-video/	p/92/	2021-06-26 08:02:26.161594+00	\N	128	83		https://ss.evafilm.stream/ss-video/
93	\N	1	\N	https://ss.evafilm.stream/dl-video/	https://ss.evafilm.stream/ss-video/	https://ss.evafilm.stream/ss-video/	p/93/	2021-06-26 11:11:40.876055+00	\N	129	84		https://ss.evafilm.stream/ss-video/
94	\N	1	\N	https://ss.evafilm.stream/dl-video/	https://ss.evafilm.stream/ss-video/	https://ss.evafilm.stream/ss-video/	p/94/	2021-08-12 15:40:22.965418+00	\N	130	85		https://ss.evafilm.stream/ss-video/
95	\N	1	\N	https://ss.evafilm.stream/dl-video/	https://ss.evafilm.stream/ss-video/	https://ss.evafilm.stream/ss-video/	p/95/	2021-08-12 15:41:57.328536+00	\N	131	86		https://ss.evafilm.stream/ss-video/
96	\N	1	\N	https://ss.evafilm.stream/dl-video/	https://ss.evafilm.stream/ss-video/	https://ss.evafilm.stream/ss-video/	p/96/	2021-08-12 15:42:56.920903+00	\N	132	87		https://ss.evafilm.stream/ss-video/
\.


--
-- Data for Name: movies_playlist; Type: TABLE DATA; Schema: public; Owner: evafilm_user
--

COPY public.movies_playlist (id, type, name_en, name_fa, summary, imdb_score, users_score, publish_status, visit_times, play_times, year, "time", tv_pg, thumb_image, created_at, updated_at, users_score_n, users_score_p, page_url, created_by_id, is_free, trailer_url, image_1920x1080, image_600x810) FROM stdin;
85	1	The Father		  (The Father)                    .           .                       ...	8.3	10.0	\N	0	0	2020	1    37 	1	the-father.webp	2021-06-09 16:40:22.413276+00	\N	0	1	movie/85/the-father/	1	f	https://www.imdb.com/video/vi279101721?playlistId=tt10272386&ref_=tt_ov_vi		
83	1	Bloodshot		                     	5.7	10.0	\N	0	0	2020	1    49 	1	bloodshot.webp	2021-06-09 16:12:59.062907+00	\N	0	1	movie/83/bloodshot/-	1	f	https://www.imdb.com/video/vi997965593?playlistId=tt1634106&ref_=tt_ov_vi		
76	1	The Midnight Sky	  	    (The Midnight Sky)         .                        	5.6	74  	\N	0	0	2020	1    58 	1	the-midnight-sky.webp	2021-06-09 16:07:09.815819+00	\N	0	0	movie/76/the-midnight-sky/--	1	f	https://www.imdb.com/video/vi4163748121?playlistId=tt10539608&ref_=tt_ov_vi	\N	\N
77	1	News of the World	 	                                .                	6.8	65  	\N	0	0	2020	1    58 	1	news-of-the-world.webp	2021-06-09 16:07:49.893632+00	\N	0	0	movie/77/news-of-the-world/-	1	f	https://www.imdb.com/video/vi3957375257?playlistId=tt6878306&ref_=tt_ov_vi	\N	\N
80	1	The New Mutants	  	                                              	5.3	58  	\N	0	0	2020	1    34 	1	the-new-mutants.webp	2021-06-09 16:10:37.25933+00	\N	0	0	movie/80/the-new-mutants/--	1	f	https://www.imdb.com/video/vi1041219097?playlistId=tt4682266&ref_=tt_ov_vi	\N	\N
89	1	Dolittle		                	5.6	52  	\N	0	0	2020	1    41 	1	dolittle.webp	2021-06-09 16:44:21.459722+00	\N	0	0	movie/89/dolittle/	1	f	https://www.imdb.com/video/vi267763481?playlistId=tt6673612&ref_=tt_ov_vi	\N	\N
73	1	Friends: The Reunion	:  	    ()                   ....	8.2	39  	\N	0	0	2021	TV-PGTV-PG	1	friends:-the-reunion.webp	2021-06-09 16:04:41.251558+00	\N	0	0	movie/73/friends-the-reunion/--	1	f	https://www.imdb.com/video/vi2160574489?playlistId=tt11337862&ref_=tt_ov_vi	\N	\N
88	1	Underwater	 	                               	5.8	68  	\N	0	0	2020	1    35 	1	underwater.webp	2021-06-09 16:43:40.117397+00	\N	0	0	movie/88/underwater/-	1	f	https://www.imdb.com/video/vi1414249497?playlistId=tt5774060&ref_=tt_ov_vi	\N	\N
84	1	Onward	 	                             	7.4	115  	\N	0	0	2020	1    42 	1	onward.webp	2021-06-09 16:14:59.324611+00	\N	0	0	movie/84/onward/-	1	f	https://www.imdb.com/video/vi1287503385?playlistId=tt7146812&ref_=tt_ov_vi	\N	\N
87	1	Sonic the Hedgehog	 	                                       .	6.5	100  	\N	0	0	2020	1    39 	1	sonic-the-hedgehog.webp	2021-06-09 16:42:09.877107+00	\N	0	0	movie/87/sonic-the-hedgehog/--	1	f	https://www.imdb.com/video/vi3594698521?playlistId=tt3794354&ref_=tt_ov_vi	\N	\N
90	1	Little Women	 	   (Little Women)     :                       .                          .	7.8	155  	\N	0	0	2019	2    15 	1	little-women.webp	2021-06-09 16:45:27.377642+00	\N	0	0	movie/90/little-women/-	1	f	https://www.imdb.com/video/vi2655304729?playlistId=tt3281548&ref_=tt_ov_vi	\N	\N
91	1	Jumanji: The Next Level	:  	                .            .                 ...	6.6	200  	\N	0	0	2019	2    3 	1	jumanji:-the-next-level.webp	2021-06-09 16:46:17.176302+00	\N	0	0	movie/91/jumanji:-the-next-level/--	1	f	https://www.imdb.com/video/vi1173208857?playlistId=tt7975244&ref_=tt_ov_vi	\N	\N
97	1	Maleficent		        ""                  . ""                          . ""                ...	7	10.0	\N	0	0	2014	1    37 	1	9455109-133.jpg	2021-06-09 16:52:43.696309+00	\N	0	0	movie/97/maleficent//	1	f	https://www.imdb.com/video/vi1449634329?playlistId=tt1587310&ref_=tt_ov_vi		
103	1	Fast & Furious Presents: Hobbs & Shaw	  :   	          .                           ...	6.4	178  	\N	0	0	2019	2    17 	1	fast-&-furious-presents:-hobbs-&-shaw.webp	2021-06-09 17:01:03.001723+00	\N	0	0	movie/103/Fast-&-Furious-Presents-Hobbs-&-Shaw/-----	1	f	https://www.imdb.com/video/vi3698310169?playlistId=tt6806448&ref_=tt_ov_vi	\N	\N
95	1	Frozen II	  2	          .           .                                          	6.8	145  	\N	0	0	2019	1    43 	1	frozen-ii.webp	2021-06-09 16:50:20.786621+00	\N	0	0	movie/95/frozen-ii/--2	1	f	https://www.imdb.com/video/vi2143993625?playlistId=tt4520988&ref_=tt_ov_vi	\N	\N
99	1	Gemini Man	  	                                  	5.7	95  	\N	0	0	2019	1    57 	1	gemini-man.webp	2021-06-09 16:57:49.91847+00	\N	0	0	movie/99/gemini-man/--	1	f	https://www.imdb.com/video/vi294240025?playlistId=tt1025100&ref_=tt_ov_vi	\N	\N
100	1	A Beautiful Day in the Neighborhood	   	                                  	7.3	66  	\N	0	0	2019	1    49 	1	a-beautiful-day-in-the-neighborhood.webp	2021-06-09 16:58:52.346565+00	\N	0	0	movie/100/a-beautiful-day-in-the-neighborhood/---	1	f	https://www.imdb.com/video/vi3470638873?playlistId=tt3224458&ref_=tt_ov_vi	\N	\N
93	1	Klaus		            .                             	8.2	114  	\N	0	0	2019	1    36 	1	klaus.webp	2021-06-09 16:48:15.260665+00	\N	0	0	movie/93/klaus/	1	f	https://www.imdb.com/video/vi3213606681?playlistId=tt4729430&ref_=tt_ov_vi	\N	\N
104	1	Murder Mystery	 	                              .	6	108  	\N	0	0	2019	1    37 	1	murder-mystery.webp	2021-06-09 17:01:41.609405+00	\N	0	0	movie/104/murder-mystery/-	1	f	https://www.imdb.com/video/vi3884956697?playlistId=tt1618434&ref_=tt_ov_vi	\N	\N
106	1	Dark Phoenix	 	             .           .                                             	5.7	164  	\N	0	0	2019	1    53 	1	dark-phoenix.webp	2021-06-09 17:03:08.92193+00	\N	0	0	movie/106/dark-phoenix/-	1	f	https://www.imdb.com/video/vi1178778905?playlistId=tt6565702&ref_=tt_ov_vi	\N	\N
108	1	Run		                      .                     	6.7	50  	\N	0	0	2020	1    30 	1	run.webp	2021-06-09 17:39:10.473422+00	\N	0	0	movie/108/run/	1	f	https://www.imdb.com/video/vi1238024473?playlistId=tt8633478&ref_=tt_ov_vi	\N	\N
115	1	Cruella		                                      	7.4	11.666666666666668	\N	0	0	2021	2    14 	1	cruella.webp	2021-06-09 18:35:16.11679+00	\N	-1	7	movie/115/cruella/	1	t	https://www.imdb.com/video/vi1608499225?playlistId=tt3228774&ref_=tt_ov_vi		
110	1	The Call of the Wild	 	                                       ...	6.8	42  	\N	0	0	2020	1    40 	1	the-call-of-the-wild.webp	2021-06-09 18:05:02.041675+00	\N	0	0	movie/110/the-call-of-the-wild/-	1	f	https://www.imdb.com/video/vi264945433?playlistId=tt7504726&ref_=tt_ov_vi	\N	\N
109	1	Greyhound	 	                                       	7	77  	\N	0	0	2020	1    31 	1	greyhound.webp	2021-06-09 18:02:47.249657+00	\N	0	0	movie/109/greyhound/-	1	f	https://www.imdb.com/video/vi3256991257?playlistId=tt6048922&ref_=tt_ov_vi	\N	\N
113	1	Downton Abbey	 	                              .                              	7.4	42  	\N	0	0	2019	2    2 	1	downton-abbey.webp	2021-06-09 18:07:35.178889+00	\N	0	0	movie/113/downton-abbey/--	1	f	https://www.imdb.com/video/vi2561130265?playlistId=tt6398184&ref_=tt_ov_vi	\N	\N
112	1	Midway		                       .                   	6.7	72  	\N	0	0	2019	2    18 	1	midway.webp	2021-06-09 18:06:42.507138+00	\N	0	0	movie/112/midway/	1	f	https://www.imdb.com/video/vi3198992153?playlistId=tt6924650&ref_=tt_ov_vi	\N	\N
111	1	Togo		                                                 	8	41  	\N	0	0	2019	1    53 	1	togo.webp	2021-06-09 18:05:56.337441+00	\N	0	0	movie/111/togo/	1	f	https://www.imdb.com/video/vi3426467609?playlistId=tt5116302&ref_=tt_ov_vi	\N	\N
107	1	Godzilla: King of the Monsters	:  	                  ()                   .      -      -        .	6	158  	\N	0	0	2019	2    12 	1	godzilla:-king-of-the-monsters.webp	2021-06-09 17:04:16.240072+00	\N	0	0	movie/107/godzilla:-king-of-the-monsters/---	1	f	https://www.imdb.com/video/vi1619573785?playlistId=tt3741700&ref_=tt_ov_vi	\N	\N
105	1	Men in Black: International	 : 	                          .          ( )          ( )                    .                (      )                               ...	5.6	117  	\N	0	0	2019	1    54 	1	men-in-black:-international.webp	2021-06-09 17:02:22.699947+00	\N	0	0	movie/105/men-in-black:-international/----	1	f	https://www.imdb.com/video/vi1150073881?playlistId=tt2283336&ref_=tt_ov_vi	\N	\N
102	1	Scary Stories to Tell in the Dark	     	                         . 	6.2	65  	\N	0	0	2019	1    48 	1	scary-stories-to-tell-in-the-dark.webp	2021-06-09 17:00:16.7025+00	\N	0	0	movie/102/scary-stories-to-tell-in-the-dark/------	1	f	https://www.imdb.com/video/vi23510041?playlistId=tt3387520&ref_=tt_ov_vi	\N	\N
78	1	Hubie Halloween	 	                       .                     ...	5.2	41  	\N	0	0	2020	1    42 	1	hubie-halloween.webp	2021-06-09 16:09:19.451509+00	\N	0	0	movie/78/hubie-halloween/-	1	f	https://www.imdb.com/video/vi2713567513?playlistId=tt10682266&ref_=tt_ov_vi	\N	\N
81	1	Greenland	 	                              .                                               	6.4	87  	\N	0	0	2020	1    59 	1	greenland.webp	2021-06-09 16:11:10.861218+00	\N	0	0	movie/81/greenland/-	1	f	https://www.imdb.com/video/vi2720317721?playlistId=tt7737786&ref_=tt_ov_vi	\N	\N
92	1	Jumanji: Welcome to the Jungle	:    	                                 .         ...	6.9	332  	\N	0	0	2017	1    59 	1	jumanji:-welcome-to-the-jungle.webp	2021-06-09 16:47:27.188622+00	\N	0	0	movie/92/jumanji:-welcome-to-the-jungle/----	1	f	https://www.imdb.com/video/vi3413817625?playlistId=tt2283362&ref_=tt_ov_vi	\N	\N
86	1	Minari		  -                 .                       ...	7.5	48  	\N	0	0	2020	1    55 	1	minari.webp	2021-06-09 16:40:54.265839+00	\N	0	0	movie/86/minari/	1	f	https://www.imdb.com/video/vi3818504473?playlistId=tt10633456&ref_=tt_ov_vi	\N	\N
114	1	Always Be My Maybe	   	                         .                 15       .             .                                          	6.8	49  	\N	0	0	2019	1    41 	1	always-be-my-maybe.webp	2021-06-09 18:08:28.994803+00	\N	0	0	movie/114/always-be-my-maybe/---	1	f	https://www.imdb.com/video/vi1523629081?playlistId=tt7374948&ref_=tt_ov_vi	\N	\N
101	1	Just Mercy	 	                                 ...	7.6	52  	\N	0	0	2019	2    17 	1	just-mercy.webp	2021-06-09 16:59:34.956287+00	\N	0	0	movie/101/just-mercy/-	1	f	https://www.imdb.com/video/vi725204761?playlistId=tt4916630&ref_=tt_ov_vi	\N	\N
96	1	Frozen	 	    (Frozen)             (Anna)   (Kristoff) .        (  )             (Olaf)   	7.4	582  	\N	0	0	2013	1    42 	1	frozen.webp	2021-06-09 16:51:20.555585+00	\N	0	0	movie/96/frozen/-	1	f	https://www.imdb.com/video/vi2482677785?playlistId=tt2294629&ref_=tt_ov_vi	\N	\N
94	1	Last Christmas	 	                   .                      .                   	6.5	58  	\N	0	0	2019	1    43 	1	last-christmas.webp	2021-06-09 16:49:34.017846+00	\N	0	0	movie/94/last-christmas/-	1	f	https://www.imdb.com/video/vi4058365721?playlistId=tt8623904&ref_=tt_ov_vi	\N	\N
132	1	Jungle Cruise	    	                  .                  ....	0	12.5	\N	0	0	2021	2   7 	13	6958314-133.jpg	2021-08-12 15:42:56.808978+00	\N	-2	10	movie/132/jungle-cruise/----	1	t	https://www.imdb.com/video/vi152748057?playlistId=tt0870154&ref_=tt_ov_vi	3392394-133.webp	9559771-133.webp
124	2	The Conjuring: The Devil Made Me Do It	 :    	                          ...	6.5	10.0	\N	0	0	2021	1    52 	1	the-conjuring:-the-devil-made-me-do-it.webp	2021-06-12 15:15:58.198973+00	2021-06-19 19:02:21+00	0	1	series/124/the-conjuring:-the-devil-made-me-do-it/-:----/	1	t	https://www.imdb.com/video/vi2587279385?playlistId=tt7069210&ref_=tt_ov_vi		
82	1	Mulan		                                .	5.7	6.5	\N	0	0	2020	1    55 	1	mulan.webp	2021-06-09 16:12:26.621433+00	\N	0	0	movie/82/mulan//	1	t	https://www.imdb.com/video/vi3702767897?playlistId=tt4566758&ref_=tt_ov_vi	\N	\N
79	1	Enola Holmes	 	                                       .                       	6.6	6.7	\N	0	0	2020	2    3 	1	enola-holmes.webp	2021-06-09 16:09:56.732208+00	\N	0	0	movie/79/enola-holmes/-/	1	t	https://www.imdb.com/video/vi1481096729?playlistId=tt7846844&ref_=tt_ov_vi	\N	\N
129	1	Stranger Things	Stranger Things	 	8.7	-78.88888888888889	\N	0	0	2016 	 	0	stranger-things.webp	2021-06-26 11:11:40.752148+00	\N	-80	71	movie/129/stranger-things/stranger-things	1	f	https://www.imdb.com/video/vi2480390169?playlistId=tt4574334&ref_=tt_ov_vi		
130	1	F9	F9	 	0	10.0	\N	0	0	2021	 	0	f9.webp	2021-08-12 15:40:22.785453+00	\N	0	1	movie/130/f9/f9	1	f	https://www.imdb.com/video/vi3757621273?playlistId=tt5433138&ref_=tt_ov_vi		
128	1	A Quiet Place	A Quiet Place	 	7.5	0.0	\N	0	0	2018	 	0	a-quiet-place.webp	2021-06-26 08:02:26.015456+00	\N	0	0	movie/128/a-quiet-place/a-quiet-place	1	f	https://www.imdb.com/video/vi3446716441?playlistId=tt6644200&ref_=tt_ov_vi	\N	\N
131	1	The Suicide Squad	The Suicide Squad	 	0	0.0	\N	0	0	2021	 	0	the-suicide-squad.webp	2021-08-12 15:41:57.231975+00	\N	0	0	movie/131/the-suicide-squad/the-suicide-squad	1	f	https://www.imdb.com/video/vi1024573465?playlistId=tt6334354&ref_=tt_ov_vi	\N	\N
127	1	Yellowstone	Yellowstone	 	8.6	0.0	\N	0	0	2018 	 	0	yellowstone.webp	2021-06-25 18:44:02.090988+00	\N	1	0	movie/127/yellowstone/yellowstone	1	f	https://www.imdb.com/video/vi2088680985?playlistId=tt4236770&ref_=tt_ov_vi		
\.


--
-- Data for Name: movies_playlist_actor; Type: TABLE DATA; Schema: public; Owner: evafilm_user
--

COPY public.movies_playlist_actor (id, playlist_id, actor_id) FROM stdin;
146	73	235
147	73	236
148	73	237
149	73	238
150	73	239
161	76	250
162	76	251
163	76	252
164	76	253
165	76	254
166	77	255
167	77	256
168	77	257
169	77	258
170	77	259
171	78	260
172	78	261
173	78	262
174	78	263
175	78	264
176	79	265
177	79	266
178	79	267
179	79	268
180	79	269
181	80	270
182	80	271
183	80	272
184	80	273
185	80	274
186	81	275
187	81	276
188	81	277
189	81	278
190	81	279
191	82	280
192	82	281
193	82	282
194	82	283
195	82	284
196	83	285
197	83	286
198	83	287
199	83	288
200	83	289
201	84	290
202	84	291
203	84	292
204	84	293
205	84	294
206	85	295
207	85	296
208	85	297
209	85	298
210	85	299
211	86	300
212	86	301
213	86	302
214	86	303
215	86	304
216	87	305
217	87	306
218	87	307
219	87	308
220	87	309
221	88	310
222	88	311
223	88	312
224	88	313
225	88	314
226	89	315
227	89	316
228	89	317
229	89	318
230	89	319
231	90	320
232	90	321
233	90	322
234	90	323
235	90	324
236	91	325
237	91	326
238	91	327
239	91	328
240	91	329
241	92	325
242	92	328
243	92	327
244	92	326
245	92	330
246	93	331
247	93	332
248	93	333
249	93	334
250	93	335
251	94	336
252	94	337
253	94	338
254	94	339
255	94	340
256	95	341
257	95	342
258	95	343
259	95	344
260	95	345
261	96	341
262	96	342
263	96	344
264	96	343
265	96	346
266	97	347
267	97	348
268	97	349
269	97	350
270	97	351
276	99	355
277	99	356
278	99	357
279	99	358
280	99	359
281	100	255
282	100	360
283	100	361
284	100	362
285	100	363
286	101	364
287	101	365
288	101	366
289	101	367
290	101	368
291	102	369
292	102	370
293	102	371
294	102	372
295	102	373
296	103	325
297	103	374
298	103	375
299	103	376
300	103	377
301	104	260
302	104	235
303	104	378
304	104	379
305	104	380
306	105	381
307	105	382
308	105	383
309	105	384
310	105	385
311	106	386
312	106	387
313	106	388
314	106	389
315	106	390
316	107	254
317	107	391
318	107	265
319	107	392
320	107	393
321	108	394
322	108	395
323	108	396
324	108	397
325	108	398
326	109	255
327	109	399
328	109	400
329	109	401
330	109	402
331	110	403
332	110	404
333	110	405
334	110	406
335	110	407
336	111	408
337	111	409
338	111	410
339	111	411
340	111	412
341	112	413
342	112	414
343	112	415
344	112	378
345	112	416
346	113	417
347	113	418
348	113	419
349	113	420
350	113	421
351	114	422
352	114	423
353	114	424
354	114	425
355	114	426
356	115	427
357	115	337
358	115	428
359	115	429
360	115	430
406	124	414
407	124	391
408	124	463
409	124	464
410	124	465
416	127	471
417	127	472
418	127	473
419	127	474
420	127	475
421	128	476
422	128	477
423	128	478
424	128	479
425	128	480
426	129	265
427	129	481
428	129	482
429	129	483
430	129	484
431	130	285
432	130	485
433	130	486
434	130	487
435	130	488
436	131	489
437	131	375
438	131	490
439	131	491
440	131	492
441	132	325
442	132	476
443	132	493
444	132	494
445	132	495
\.


--
-- Data for Name: movies_playlist_category; Type: TABLE DATA; Schema: public; Owner: evafilm_user
--

COPY public.movies_playlist_category (id, playlist_id, category_id) FROM stdin;
74	73	30
75	73	45
80	76	33
81	76	35
82	76	46
83	77	26
84	77	27
85	77	33
86	78	30
87	78	42
88	79	26
89	79	27
90	79	31
91	80	26
92	80	39
93	80	42
94	81	26
95	81	33
96	81	49
97	82	26
98	82	27
99	82	33
100	83	26
101	83	33
102	83	46
103	84	28
104	84	27
105	84	30
106	85	33
107	86	33
108	87	26
109	87	27
110	87	30
111	88	26
112	88	39
113	88	46
114	89	27
115	89	30
116	89	34
117	90	33
118	90	45
119	91	26
120	91	27
121	91	30
122	92	26
123	92	27
124	92	30
125	93	28
126	93	27
127	93	30
128	94	30
129	94	33
130	94	35
131	95	28
132	95	27
133	95	30
134	96	28
135	96	27
136	96	30
137	97	26
138	97	27
139	97	34
143	99	26
144	99	33
145	99	46
146	100	29
147	100	33
148	101	29
149	101	31
150	101	33
151	102	27
152	102	39
153	102	42
154	103	26
155	103	27
156	103	49
157	104	26
158	104	30
159	104	31
160	105	26
161	105	27
162	105	30
163	106	26
164	106	27
165	106	46
166	107	26
167	107	27
168	107	35
169	108	42
170	108	49
171	109	26
172	109	33
173	109	38
174	110	27
175	110	33
176	110	34
177	111	27
178	111	29
179	111	33
180	112	26
181	112	33
182	112	38
183	113	33
184	113	45
185	114	30
186	114	45
187	115	30
188	115	31
213	124	39
214	124	42
215	124	49
216	132	26
217	132	27
218	132	30
\.


--
-- Data for Name: movies_playlist_country; Type: TABLE DATA; Schema: public; Owner: evafilm_user
--

COPY public.movies_playlist_country (id, playlist_id, country_id) FROM stdin;
42	73	2
45	76	2
46	77	2
47	78	2
48	79	2
49	80	2
50	81	2
51	82	2
52	83	2
53	84	2
54	85	2
55	86	2
56	87	2
57	88	2
58	89	2
59	90	2
60	91	2
61	92	2
62	93	2
63	94	2
64	95	2
65	96	2
66	97	2
68	99	2
69	100	2
70	101	2
71	102	2
72	103	2
73	104	2
74	105	2
75	106	2
76	107	2
77	108	2
78	109	2
79	110	2
80	111	2
81	112	2
82	113	2
83	114	2
84	115	2
94	124	2
96	127	2
97	128	2
98	129	2
99	130	2
100	131	2
101	132	2
\.


--
-- Data for Name: movies_playlist_director; Type: TABLE DATA; Schema: public; Owner: evafilm_user
--

COPY public.movies_playlist_director (id, playlist_id, director_id) FROM stdin;
35	73	48
38	76	51
39	77	52
40	78	53
41	79	54
42	80	55
43	81	56
44	82	57
45	83	58
46	84	59
47	85	60
48	86	61
49	87	62
50	88	63
51	89	64
52	90	65
53	91	66
54	92	66
55	93	67
56	94	68
57	95	69
58	96	69
59	97	70
61	99	72
62	100	73
63	101	74
64	102	75
65	103	76
66	104	77
67	105	78
68	106	79
69	107	80
70	108	81
71	109	82
72	110	83
73	111	84
74	112	85
75	113	86
76	114	87
77	115	88
86	124	95
88	127	97
89	128	98
90	129	99
91	130	100
92	131	101
93	132	102
\.


--
-- Data for Name: movies_season; Type: TABLE DATA; Schema: public; Owner: evafilm_user
--

COPY public.movies_season (id, name, created_at, playlist_id) FROM stdin;
28	1	2021-06-09 16:04:41.284727+00	73
31	1	2021-06-09 16:07:09.831438+00	76
32	1	2021-06-09 16:07:49.907181+00	77
33	1	2021-06-09 16:09:19.46688+00	78
34	1	2021-06-09 16:09:56.777017+00	79
35	1	2021-06-09 16:10:37.273989+00	80
36	1	2021-06-09 16:11:10.878485+00	81
37	1	2021-06-09 16:12:26.63921+00	82
38	1	2021-06-09 16:12:59.289481+00	83
39	1	2021-06-09 16:14:59.338844+00	84
40	1	2021-06-09 16:40:22.430481+00	85
41	1	2021-06-09 16:40:54.284081+00	86
42	1	2021-06-09 16:42:09.892097+00	87
43	1	2021-06-09 16:43:40.133592+00	88
44	1	2021-06-09 16:44:21.473214+00	89
45	1	2021-06-09 16:45:27.397939+00	90
46	1	2021-06-09 16:46:17.190086+00	91
47	1	2021-06-09 16:47:27.201945+00	92
48	1	2021-06-09 16:48:15.275072+00	93
49	1	2021-06-09 16:49:34.033646+00	94
50	1	2021-06-09 16:50:20.800079+00	95
51	1	2021-06-09 16:51:20.569396+00	96
52	1	2021-06-09 16:52:43.712563+00	97
54	1	2021-06-09 16:57:49.934213+00	99
55	1	2021-06-09 16:58:52.385084+00	100
56	1	2021-06-09 16:59:34.970593+00	101
57	1	2021-06-09 17:00:16.720995+00	102
58	1	2021-06-09 17:01:03.024198+00	103
59	1	2021-06-09 17:01:41.627752+00	104
60	1	2021-06-09 17:02:22.71766+00	105
61	1	2021-06-09 17:03:08.938432+00	106
62	1	2021-06-09 17:04:16.257465+00	107
63	1	2021-06-09 17:39:10.513862+00	108
64	1	2021-06-09 18:02:47.281632+00	109
65	1	2021-06-09 18:05:02.064374+00	110
66	1	2021-06-09 18:05:56.35244+00	111
67	1	2021-06-09 18:06:42.534439+00	112
68	1	2021-06-09 18:07:35.193136+00	113
69	1	2021-06-09 18:08:29.007992+00	114
70	1	2021-06-09 18:35:16.132123+00	115
79	1	2021-06-12 15:15:58.218383+00	124
82	1	2021-06-25 18:44:02.121497+00	127
83	1	2021-06-26 08:02:26.050195+00	128
84	1	2021-06-26 11:11:40.784074+00	129
85	1	2021-08-12 15:40:22.830848+00	130
86	1	2021-08-12 15:41:57.24767+00	131
87	1	2021-08-12 15:42:56.827614+00	132
\.


--
-- Data for Name: payments_transaction; Type: TABLE DATA; Schema: public; Owner: evafilm_user
--

COPY public.payments_transaction (id, order_id, ref_id, card_holder_info, sales_reference_id, seen, status, created_at, subscription_plan_id, user_id) FROM stdin;
189	9781373	00014E5B6251C1D7CA4AC840B49537595F0D0FE8B2023BF13609			f	0	2021-06-26 16:39:51.72795+00	2	1
190	6912271	00014E5B6251C1D7CA4AEE08C1ABCFA0ECC9D939361DB6E1250F			f	0	2021-06-26 17:05:53.836299+00	2	1
230	6558018	A00000000000000000000000000278470320			t	0	2021-08-27 11:28:24.331596+00	1	70
231	3894216	A00000000000000000000000000278472145			f	0	2021-08-27 11:36:45.83735+00	1	70
232	1199470	925BA9E74AA228FE			t	0	2021-08-27 13:12:25.463462+00	1	59
199	7765274	E80AAC4ACF927257			t	0	2021-08-17 15:53:43.571396+00	1	70
201	1278206	A00000000000000000000000000276406656			f	0	2021-08-17 15:55:33.202399+00	3	70
200	9541007	A00000000000000000000000000276406655			t	0	2021-08-17 15:55:33.186271+00	3	70
202	5095486	A00000000000000000000000000276676258			t	0	2021-08-19 06:46:47.095128+00	1	70
203	5327478	2EF45805371FD855			t	0	2021-08-20 18:33:05.458521+00	1	70
204	5040351	A00000000000000000000000000276991420			t	0	2021-08-20 18:33:22.871619+00	3	70
205	8822837	00014E5B6251C1D7CA4AC24A4A1F294EF304F6312A494E7872E6			t	0	2021-08-21 02:40:33.659562+00	1	70
206	3875458	00014E5B6251C1D7CA4A780AEB0AB5D2498FC529D9139FAB0768			t	0	2021-08-21 14:13:32.539057+00	1	70
207	8272135	A00000000000000000000000000277187008			t	0	2021-08-21 16:34:38.914017+00	1	70
208	1702217	95509C7257A3FB85			t	0	2021-08-21 16:35:04.236873+00	1	70
209	9361145	00014E5B6251C1D7CA4AEFE11A4E0B67B509F083D756D13119CE			t	0	2021-08-23 06:18:18.003876+00	1	72
210	3411595	A00000000000000000000000000277667263			t	0	2021-08-23 19:16:44.448498+00	1	70
211	6959435	00014E5B6251C1D7CA4AB47565B9904F2CC66A016AAD89EBDBDD			f	0	2021-08-23 19:17:08.99144+00	2	70
212	9583630	A00000000000000000000000000277706656			t	0	2021-08-24 03:11:24.074918+00	1	70
213	8038530	A00000000000000000000000000277838620			t	0	2021-08-24 15:25:54.258179+00	1	70
214	4299074	A00000000000000000000000000278445137			t	0	2021-08-27 09:30:41.910536+00	1	70
215	5932893	A00000000000000000000000000278446244			t	0	2021-08-27 09:35:54.404873+00	1	70
216	1785033	46F7D79331BEB7B1			t	0	2021-08-27 09:42:20.272774+00	1	70
217	2784187	A00000000000000000000000000278448167			t	0	2021-08-27 09:44:46.733058+00	1	70
218	4665407	A00000000000000000000000000278448745			t	0	2021-08-27 09:47:33.653599+00	1	70
219	6998890	A00000000000000000000000000278449818			t	0	2021-08-27 09:53:05.163605+00	3	70
220	8853484	A00000000000000000000000000278451118			f	0	2021-08-27 09:59:07.571593+00	1	70
221	5434261	A00000000000000000000000000278451121			t	0	2021-08-27 09:59:07.97566+00	1	70
222	3230775	A00000000000000000000000000278452543			t	0	2021-08-27 10:05:47.210138+00	1	70
223	6493796	A00000000000000000000000000278453304			t	0	2021-08-27 10:09:26.736891+00	1	70
224	5509472	A00000000000000000000000000278453481			t	0	2021-08-27 10:10:14.786307+00	1	70
225	1079148	A00000000000000000000000000278453792			t	0	2021-08-27 10:11:44.876303+00	1	70
226	3963076	A00000000000000000000000000278453961			t	0	2021-08-27 10:12:30.965119+00	1	70
227	8967996	A00000000000000000000000000278460179			t	0	2021-08-27 10:41:20.832799+00	1	70
228	1553757	2AAA15DBC8BE7C77			t	0	2021-08-27 10:41:44.44341+00	1	70
229	9073055	00014E5B6251C1D7CA4A2AC1585CA62A5FCFE593C2C033B1E559			t	0	2021-08-27 10:41:53.794671+00	1	70
233	2258922	A00000000000000000000000000278775660			t	0	2021-08-28 18:41:23.728779+00	1	70
234	1448358	8A990940406B8F26			t	0	2021-08-29 14:23:37.655708+00	1	76
241	4430853	A00000000000000000000000000278944155			t	0	2021-08-29 14:49:38.333617+00	1	76
235	8766146	77DFC2148ED64C7B	86F61E1447AA1424B381ADD137533DD13ECBBB4A8C4D8970B393024B59522A8A	197144473447	t	3	2021-08-29 14:24:20.054552+00	1	76
249	5938153	00014E5B6251C1D7CA4AE24EADD0F269443CE175E9C185097AFB	----	328979460450	t	3	2021-08-29 16:13:07.604786+00	2	76
242	5845434	A00000000000000000000000000278944465	----	27894446501	t	3	2021-08-29 14:51:18.074252+00	1	76
236	3456451	1EBC15D7086130A0	86F61E1447AA1424B381ADD137533DD13ECBBB4A8C4D8970B393024B59522A8A	197145030609	t	3	2021-08-29 14:30:02.825724+00	2	76
243	2081555	A00000000000000000000000000278944811			t	0	2021-08-29 14:53:06.008831+00	1	76
237	6264620	84199D2718714797	86F61E1447AA1424B381ADD137533DD13ECBBB4A8C4D8970B393024B59522A8A	197145635519	t	3	2021-08-29 14:36:51.915799+00	1	76
238	8672158	03B20CCA212F2F22	86F61E1447AA1424B381ADD137533DD13ECBBB4A8C4D8970B393024B59522A8A	197145798293	t	3	2021-08-29 14:38:44.847361+00	1	76
244	4522731	A00000000000000000000000000278945013	----	27894501301	t	3	2021-08-29 14:54:05.48995+00	1	76
239	5186647	498B5CAD52320AB5	86F61E1447AA1424B381ADD137533DD13ECBBB4A8C4D8970B393024B59522A8A	197146114338	t	3	2021-08-29 14:42:22.025166+00	2	76
240	2198454	00014E5B6251C1D7CA4A1D9BE3C4AE7431C539FEDBFBCDBC6A42			t	0	2021-08-29 14:47:39.345952+00	1	76
245	7058286	A00000000000000000000000000278945691	----	27894569101	t	3	2021-08-29 14:57:24.375061+00	2	76
250	7222156	00014E5B6251C1D7CA4A3D0EEF87E565C8EB22409E3F836E9C03	----	328979394207	t	3	2021-08-29 16:31:04.457273+00	8	76
246	3006067	00014E5B6251C1D7CA4AF3B1291459138976A9E18A2723F617CD	----	328979460060	t	3	2021-08-29 16:10:34.583176+00	1	76
247	8130366	00014E5B6251C1D7CA4AC29F0862E2898A2AF9D640BCB098BD9B			t	0	2021-08-29 16:12:05.927992+00	1	76
248	4054178	00014E5B6251C1D7CA4A70CD78FF710B37031AE16774BBEA39C0			t	0	2021-08-29 16:12:20.180234+00	1	76
255	8098024	00014E5B6251C1D7CA4A1B23CF1A59FB74C291EC5CBE18680068	----	328982915742	t	3	2021-08-30 06:04:28.083613+00	1	70
251	2977175	00014E5B6251C1D7CA4A9F2F6B738A13F56F74985506373B018D	----	328979394379	t	3	2021-08-29 16:32:10.733437+00	8	76
252	2199211	E39505333E5CD2F7			f	0	2021-08-30 05:38:36.238167+00	7	70
253	5436671	CC07DE4A5B413831			t	0	2021-08-30 06:03:51.428722+00	1	70
254	6236680	A00000000000000000000000000279057145			t	0	2021-08-30 06:04:09.417053+00	1	70
257	7022154	00014E5B6251C1D7CA4A26D3290C224BF835E26DAD79CEA4F5F4	----	328982947882	t	3	2021-08-30 06:13:25.225753+00	8	70
256	2026851	00014E5B6251C1D7CA4A8BD41439845AE6CBDDA2AB712019057B	----	328982917049	t	3	2021-08-30 06:08:56.183312+00	3	70
259	8474936	00014E5B6251C1D7CA4A6D79DF2389CCCB010AB1C04FC3D48E46	----	328983451736	t	3	2021-08-30 06:44:32.734618+00	8	70
258	4376420	00014E5B6251C1D7CA4A0F16EB08CEAFAC855E35F63DEAB86091	----	328983145519	t	3	2021-08-30 06:21:11.762005+00	8	70
\.


--
-- Data for Name: robots_txt_robots; Type: TABLE DATA; Schema: public; Owner: evafilm_user
--

COPY public.robots_txt_robots (id, select_type, value) FROM stdin;
1	Disallow	login/?next=/subscription
2	Disallow	forget-password
3	Disallow	static/images
4	Disallow	static/css
5	Disallow	static/js
6	Disallow	media
7	Disallow	movie
\.


--
-- Data for Name: send_message_send_message; Type: TABLE DATA; Schema: public; Owner: evafilm_user
--

COPY public.send_message_send_message (id, title, "select", message, publish, status, active) FROM stdin;
10	 	p	  !!!	2021-06-25 07:17:52.892953+00	p	f
\.


--
-- Data for Name: send_message_send_message_users; Type: TABLE DATA; Schema: public; Owner: evafilm_user
--

COPY public.send_message_send_message_users (id, send_message_id, user_id) FROM stdin;
\.


--
-- Name: accounts_subscription_id_seq; Type: SEQUENCE SET; Schema: public; Owner: evafilm_user
--

SELECT pg_catalog.setval('public.accounts_subscription_id_seq', 67, true);


--
-- Name: accounts_subscriptionplan_id_seq; Type: SEQUENCE SET; Schema: public; Owner: evafilm_user
--

SELECT pg_catalog.setval('public.accounts_subscriptionplan_id_seq', 8, true);


--
-- Name: accounts_userprofile_id_seq; Type: SEQUENCE SET; Schema: public; Owner: evafilm_user
--

SELECT pg_catalog.setval('public.accounts_userprofile_id_seq', 73, true);


--
-- Name: api_bookmarkplaylist_id_seq; Type: SEQUENCE SET; Schema: public; Owner: evafilm_user
--

SELECT pg_catalog.setval('public.api_bookmarkplaylist_id_seq', 59, true);


--
-- Name: api_comment_id_seq; Type: SEQUENCE SET; Schema: public; Owner: evafilm_user
--

SELECT pg_catalog.setval('public.api_comment_id_seq', 22, true);


--
-- Name: api_historyplaylist_id_seq; Type: SEQUENCE SET; Schema: public; Owner: evafilm_user
--

SELECT pg_catalog.setval('public.api_historyplaylist_id_seq', 21, true);


--
-- Name: api_likedplaylist_id_seq; Type: SEQUENCE SET; Schema: public; Owner: evafilm_user
--

SELECT pg_catalog.setval('public.api_likedplaylist_id_seq', 13, true);


--
-- Name: api_videoedit_id_seq; Type: SEQUENCE SET; Schema: public; Owner: evafilm_user
--

SELECT pg_catalog.setval('public.api_videoedit_id_seq', 95, true);


--
-- Name: auth_group_id_seq; Type: SEQUENCE SET; Schema: public; Owner: evafilm_user
--

SELECT pg_catalog.setval('public.auth_group_id_seq', 1, false);


--
-- Name: auth_group_permissions_id_seq; Type: SEQUENCE SET; Schema: public; Owner: evafilm_user
--

SELECT pg_catalog.setval('public.auth_group_permissions_id_seq', 1, false);


--
-- Name: auth_permission_id_seq; Type: SEQUENCE SET; Schema: public; Owner: evafilm_user
--

SELECT pg_catalog.setval('public.auth_permission_id_seq', 156, true);


--
-- Name: auth_user_groups_id_seq; Type: SEQUENCE SET; Schema: public; Owner: evafilm_user
--

SELECT pg_catalog.setval('public.auth_user_groups_id_seq', 1, false);


--
-- Name: auth_user_id_seq; Type: SEQUENCE SET; Schema: public; Owner: evafilm_user
--

SELECT pg_catalog.setval('public.auth_user_id_seq', 76, true);


--
-- Name: auth_user_user_permissions_id_seq; Type: SEQUENCE SET; Schema: public; Owner: evafilm_user
--

SELECT pg_catalog.setval('public.auth_user_user_permissions_id_seq', 156, true);


--
-- Name: cnsr_endappcnsr_id_seq; Type: SEQUENCE SET; Schema: public; Owner: evafilm_user
--

SELECT pg_catalog.setval('public.cnsr_endappcnsr_id_seq', 4, true);


--
-- Name: cnsr_middelappcnsr_id_seq; Type: SEQUENCE SET; Schema: public; Owner: evafilm_user
--

SELECT pg_catalog.setval('public.cnsr_middelappcnsr_id_seq', 21, true);


--
-- Name: cnsr_startappcnsr_id_seq; Type: SEQUENCE SET; Schema: public; Owner: evafilm_user
--

SELECT pg_catalog.setval('public.cnsr_startappcnsr_id_seq', 44, true);


--
-- Name: discount_app_checkuserdiscount_id_seq; Type: SEQUENCE SET; Schema: public; Owner: evafilm_user
--

SELECT pg_catalog.setval('public.discount_app_checkuserdiscount_id_seq', 26, true);


--
-- Name: discount_app_discount_id_seq; Type: SEQUENCE SET; Schema: public; Owner: evafilm_user
--

SELECT pg_catalog.setval('public.discount_app_discount_id_seq', 16, true);


--
-- Name: django_admin_log_id_seq; Type: SEQUENCE SET; Schema: public; Owner: evafilm_user
--

SELECT pg_catalog.setval('public.django_admin_log_id_seq', 1165, true);


--
-- Name: django_content_type_id_seq; Type: SEQUENCE SET; Schema: public; Owner: evafilm_user
--

SELECT pg_catalog.setval('public.django_content_type_id_seq', 39, true);


--
-- Name: django_migrations_id_seq; Type: SEQUENCE SET; Schema: public; Owner: evafilm_user
--

SELECT pg_catalog.setval('public.django_migrations_id_seq', 115, true);


--
-- Name: django_site_id_seq; Type: SEQUENCE SET; Schema: public; Owner: evafilm_user
--

SELECT pg_catalog.setval('public.django_site_id_seq', 4, true);


--
-- Name: giftcard_giftcard_category_id_seq; Type: SEQUENCE SET; Schema: public; Owner: evafilm_user
--

SELECT pg_catalog.setval('public.giftcard_giftcard_category_id_seq', 3, true);


--
-- Name: giftcard_giftcard_id_seq; Type: SEQUENCE SET; Schema: public; Owner: evafilm_user
--

SELECT pg_catalog.setval('public.giftcard_giftcard_id_seq', 3, true);


--
-- Name: giftcard_giftcard_related_to_user_id_seq; Type: SEQUENCE SET; Schema: public; Owner: evafilm_user
--

SELECT pg_catalog.setval('public.giftcard_giftcard_related_to_user_id_seq', 4, true);


--
-- Name: introduction_code_icode_id_seq; Type: SEQUENCE SET; Schema: public; Owner: evafilm_user
--

SELECT pg_catalog.setval('public.introduction_code_icode_id_seq', 1, false);


--
-- Name: introduction_code_registericode_id_seq; Type: SEQUENCE SET; Schema: public; Owner: evafilm_user
--

SELECT pg_catalog.setval('public.introduction_code_registericode_id_seq', 1, false);


--
-- Name: invite_code_invitecode_id_seq; Type: SEQUENCE SET; Schema: public; Owner: evafilm_user
--

SELECT pg_catalog.setval('public.invite_code_invitecode_id_seq', 1, false);


--
-- Name: invitor_generated_invitor_code_id_seq; Type: SEQUENCE SET; Schema: public; Owner: evafilm_user
--

SELECT pg_catalog.setval('public.invitor_generated_invitor_code_id_seq', 8, true);


--
-- Name: invitor_generated_invitor_code_invited_users_id_seq; Type: SEQUENCE SET; Schema: public; Owner: evafilm_user
--

SELECT pg_catalog.setval('public.invitor_generated_invitor_code_invited_users_id_seq', 12, true);


--
-- Name: invitor_invitor_code_id_seq; Type: SEQUENCE SET; Schema: public; Owner: evafilm_user
--

SELECT pg_catalog.setval('public.invitor_invitor_code_id_seq', 86, true);


--
-- Name: invitor_invitor_code_invited_users_id_seq; Type: SEQUENCE SET; Schema: public; Owner: evafilm_user
--

SELECT pg_catalog.setval('public.invitor_invitor_code_invited_users_id_seq', 6, true);


--
-- Name: movies_actor_id_seq; Type: SEQUENCE SET; Schema: public; Owner: evafilm_user
--

SELECT pg_catalog.setval('public.movies_actor_id_seq', 495, true);


--
-- Name: movies_category_id_seq; Type: SEQUENCE SET; Schema: public; Owner: evafilm_user
--

SELECT pg_catalog.setval('public.movies_category_id_seq', 52, true);


--
-- Name: movies_contact_id_seq; Type: SEQUENCE SET; Schema: public; Owner: evafilm_user
--

SELECT pg_catalog.setval('public.movies_contact_id_seq', 8, true);


--
-- Name: movies_country_id_seq; Type: SEQUENCE SET; Schema: public; Owner: evafilm_user
--

SELECT pg_catalog.setval('public.movies_country_id_seq', 10, true);


--
-- Name: movies_director_id_seq; Type: SEQUENCE SET; Schema: public; Owner: evafilm_user
--

SELECT pg_catalog.setval('public.movies_director_id_seq', 102, true);


--
-- Name: movies_episode_id_seq; Type: SEQUENCE SET; Schema: public; Owner: evafilm_user
--

SELECT pg_catalog.setval('public.movies_episode_id_seq', 96, true);


--
-- Name: movies_playlist_actor_id_seq; Type: SEQUENCE SET; Schema: public; Owner: evafilm_user
--

SELECT pg_catalog.setval('public.movies_playlist_actor_id_seq', 445, true);


--
-- Name: movies_playlist_category_id_seq; Type: SEQUENCE SET; Schema: public; Owner: evafilm_user
--

SELECT pg_catalog.setval('public.movies_playlist_category_id_seq', 218, true);


--
-- Name: movies_playlist_country_id_seq; Type: SEQUENCE SET; Schema: public; Owner: evafilm_user
--

SELECT pg_catalog.setval('public.movies_playlist_country_id_seq', 101, true);


--
-- Name: movies_playlist_director_id_seq; Type: SEQUENCE SET; Schema: public; Owner: evafilm_user
--

SELECT pg_catalog.setval('public.movies_playlist_director_id_seq', 93, true);


--
-- Name: movies_playlist_id_seq; Type: SEQUENCE SET; Schema: public; Owner: evafilm_user
--

SELECT pg_catalog.setval('public.movies_playlist_id_seq', 132, true);


--
-- Name: movies_season_id_seq; Type: SEQUENCE SET; Schema: public; Owner: evafilm_user
--

SELECT pg_catalog.setval('public.movies_season_id_seq', 87, true);


--
-- Name: payments_transaction_id_seq; Type: SEQUENCE SET; Schema: public; Owner: evafilm_user
--

SELECT pg_catalog.setval('public.payments_transaction_id_seq', 259, true);


--
-- Name: robots_txt_robots_id_seq; Type: SEQUENCE SET; Schema: public; Owner: evafilm_user
--

SELECT pg_catalog.setval('public.robots_txt_robots_id_seq', 7, true);


--
-- Name: send_message_send_message_id_seq; Type: SEQUENCE SET; Schema: public; Owner: evafilm_user
--

SELECT pg_catalog.setval('public.send_message_send_message_id_seq', 10, true);


--
-- Name: send_message_send_message_users_id_seq; Type: SEQUENCE SET; Schema: public; Owner: evafilm_user
--

SELECT pg_catalog.setval('public.send_message_send_message_users_id_seq', 12, true);


--
-- Name: accounts_subscription accounts_subscription_pkey; Type: CONSTRAINT; Schema: public; Owner: evafilm_user
--

ALTER TABLE ONLY public.accounts_subscription
    ADD CONSTRAINT accounts_subscription_pkey PRIMARY KEY (id);


--
-- Name: accounts_subscription accounts_subscription_user_id_key; Type: CONSTRAINT; Schema: public; Owner: evafilm_user
--

ALTER TABLE ONLY public.accounts_subscription
    ADD CONSTRAINT accounts_subscription_user_id_key UNIQUE (user_id);


--
-- Name: accounts_subscriptionplan accounts_subscriptionplan_pkey; Type: CONSTRAINT; Schema: public; Owner: evafilm_user
--

ALTER TABLE ONLY public.accounts_subscriptionplan
    ADD CONSTRAINT accounts_subscriptionplan_pkey PRIMARY KEY (id);


--
-- Name: accounts_userprofile accounts_userprofile_pkey; Type: CONSTRAINT; Schema: public; Owner: evafilm_user
--

ALTER TABLE ONLY public.accounts_userprofile
    ADD CONSTRAINT accounts_userprofile_pkey PRIMARY KEY (id);


--
-- Name: accounts_userprofile accounts_userprofile_user_id_key; Type: CONSTRAINT; Schema: public; Owner: evafilm_user
--

ALTER TABLE ONLY public.accounts_userprofile
    ADD CONSTRAINT accounts_userprofile_user_id_key UNIQUE (user_id);


--
-- Name: api_bookmarkplaylist api_bookmarkplaylist_pkey; Type: CONSTRAINT; Schema: public; Owner: evafilm_user
--

ALTER TABLE ONLY public.api_bookmarkplaylist
    ADD CONSTRAINT api_bookmarkplaylist_pkey PRIMARY KEY (id);


--
-- Name: api_comment api_comment_pkey; Type: CONSTRAINT; Schema: public; Owner: evafilm_user
--

ALTER TABLE ONLY public.api_comment
    ADD CONSTRAINT api_comment_pkey PRIMARY KEY (id);


--
-- Name: api_historyplaylist api_historyplaylist_pkey; Type: CONSTRAINT; Schema: public; Owner: evafilm_user
--

ALTER TABLE ONLY public.api_historyplaylist
    ADD CONSTRAINT api_historyplaylist_pkey PRIMARY KEY (id);


--
-- Name: api_likedplaylist api_likedplaylist_pkey; Type: CONSTRAINT; Schema: public; Owner: evafilm_user
--

ALTER TABLE ONLY public.api_likedplaylist
    ADD CONSTRAINT api_likedplaylist_pkey PRIMARY KEY (id);


--
-- Name: api_videoedit api_videoedit_episode_id_key; Type: CONSTRAINT; Schema: public; Owner: evafilm_user
--

ALTER TABLE ONLY public.api_videoedit
    ADD CONSTRAINT api_videoedit_episode_id_key UNIQUE (episode_id);


--
-- Name: api_videoedit api_videoedit_pkey; Type: CONSTRAINT; Schema: public; Owner: evafilm_user
--

ALTER TABLE ONLY public.api_videoedit
    ADD CONSTRAINT api_videoedit_pkey PRIMARY KEY (id);


--
-- Name: auth_group auth_group_name_key; Type: CONSTRAINT; Schema: public; Owner: evafilm_user
--

ALTER TABLE ONLY public.auth_group
    ADD CONSTRAINT auth_group_name_key UNIQUE (name);


--
-- Name: auth_group_permissions auth_group_permissions_group_id_permission_id_0cd325b0_uniq; Type: CONSTRAINT; Schema: public; Owner: evafilm_user
--

ALTER TABLE ONLY public.auth_group_permissions
    ADD CONSTRAINT auth_group_permissions_group_id_permission_id_0cd325b0_uniq UNIQUE (group_id, permission_id);


--
-- Name: auth_group_permissions auth_group_permissions_pkey; Type: CONSTRAINT; Schema: public; Owner: evafilm_user
--

ALTER TABLE ONLY public.auth_group_permissions
    ADD CONSTRAINT auth_group_permissions_pkey PRIMARY KEY (id);


--
-- Name: auth_group auth_group_pkey; Type: CONSTRAINT; Schema: public; Owner: evafilm_user
--

ALTER TABLE ONLY public.auth_group
    ADD CONSTRAINT auth_group_pkey PRIMARY KEY (id);


--
-- Name: auth_permission auth_permission_content_type_id_codename_01ab375a_uniq; Type: CONSTRAINT; Schema: public; Owner: evafilm_user
--

ALTER TABLE ONLY public.auth_permission
    ADD CONSTRAINT auth_permission_content_type_id_codename_01ab375a_uniq UNIQUE (content_type_id, codename);


--
-- Name: auth_permission auth_permission_pkey; Type: CONSTRAINT; Schema: public; Owner: evafilm_user
--

ALTER TABLE ONLY public.auth_permission
    ADD CONSTRAINT auth_permission_pkey PRIMARY KEY (id);


--
-- Name: auth_user_groups auth_user_groups_pkey; Type: CONSTRAINT; Schema: public; Owner: evafilm_user
--

ALTER TABLE ONLY public.auth_user_groups
    ADD CONSTRAINT auth_user_groups_pkey PRIMARY KEY (id);


--
-- Name: auth_user_groups auth_user_groups_user_id_group_id_94350c0c_uniq; Type: CONSTRAINT; Schema: public; Owner: evafilm_user
--

ALTER TABLE ONLY public.auth_user_groups
    ADD CONSTRAINT auth_user_groups_user_id_group_id_94350c0c_uniq UNIQUE (user_id, group_id);


--
-- Name: auth_user auth_user_pkey; Type: CONSTRAINT; Schema: public; Owner: evafilm_user
--

ALTER TABLE ONLY public.auth_user
    ADD CONSTRAINT auth_user_pkey PRIMARY KEY (id);


--
-- Name: auth_user_user_permissions auth_user_user_permissions_pkey; Type: CONSTRAINT; Schema: public; Owner: evafilm_user
--

ALTER TABLE ONLY public.auth_user_user_permissions
    ADD CONSTRAINT auth_user_user_permissions_pkey PRIMARY KEY (id);


--
-- Name: auth_user_user_permissions auth_user_user_permissions_user_id_permission_id_14a6b632_uniq; Type: CONSTRAINT; Schema: public; Owner: evafilm_user
--

ALTER TABLE ONLY public.auth_user_user_permissions
    ADD CONSTRAINT auth_user_user_permissions_user_id_permission_id_14a6b632_uniq UNIQUE (user_id, permission_id);


--
-- Name: auth_user auth_user_username_key; Type: CONSTRAINT; Schema: public; Owner: evafilm_user
--

ALTER TABLE ONLY public.auth_user
    ADD CONSTRAINT auth_user_username_key UNIQUE (username);


--
-- Name: cnsr_endappcnsr cnsr_endappcnsr_episode_id_key; Type: CONSTRAINT; Schema: public; Owner: evafilm_user
--

ALTER TABLE ONLY public.cnsr_endappcnsr
    ADD CONSTRAINT cnsr_endappcnsr_episode_id_key UNIQUE (episode_id);


--
-- Name: cnsr_endappcnsr cnsr_endappcnsr_pkey; Type: CONSTRAINT; Schema: public; Owner: evafilm_user
--

ALTER TABLE ONLY public.cnsr_endappcnsr
    ADD CONSTRAINT cnsr_endappcnsr_pkey PRIMARY KEY (id);


--
-- Name: cnsr_middelappcnsr cnsr_middelappcnsr_pkey; Type: CONSTRAINT; Schema: public; Owner: evafilm_user
--

ALTER TABLE ONLY public.cnsr_middelappcnsr
    ADD CONSTRAINT cnsr_middelappcnsr_pkey PRIMARY KEY (id);


--
-- Name: cnsr_startappcnsr cnsr_startappcnsr_episode_id_key; Type: CONSTRAINT; Schema: public; Owner: evafilm_user
--

ALTER TABLE ONLY public.cnsr_startappcnsr
    ADD CONSTRAINT cnsr_startappcnsr_episode_id_key UNIQUE (episode_id);


--
-- Name: cnsr_startappcnsr cnsr_startappcnsr_pkey; Type: CONSTRAINT; Schema: public; Owner: evafilm_user
--

ALTER TABLE ONLY public.cnsr_startappcnsr
    ADD CONSTRAINT cnsr_startappcnsr_pkey PRIMARY KEY (id);


--
-- Name: discount_app_checkuserdiscount discount_app_checkuserdiscount_pkey; Type: CONSTRAINT; Schema: public; Owner: evafilm_user
--

ALTER TABLE ONLY public.discount_app_checkuserdiscount
    ADD CONSTRAINT discount_app_checkuserdiscount_pkey PRIMARY KEY (id);


--
-- Name: discount_app_discount discount_app_discount_code_key; Type: CONSTRAINT; Schema: public; Owner: evafilm_user
--

ALTER TABLE ONLY public.discount_app_discount
    ADD CONSTRAINT discount_app_discount_code_key UNIQUE (code);


--
-- Name: discount_app_discount discount_app_discount_pkey; Type: CONSTRAINT; Schema: public; Owner: evafilm_user
--

ALTER TABLE ONLY public.discount_app_discount
    ADD CONSTRAINT discount_app_discount_pkey PRIMARY KEY (id);


--
-- Name: django_admin_log django_admin_log_pkey; Type: CONSTRAINT; Schema: public; Owner: evafilm_user
--

ALTER TABLE ONLY public.django_admin_log
    ADD CONSTRAINT django_admin_log_pkey PRIMARY KEY (id);


--
-- Name: django_content_type django_content_type_app_label_model_76bd3d3b_uniq; Type: CONSTRAINT; Schema: public; Owner: evafilm_user
--

ALTER TABLE ONLY public.django_content_type
    ADD CONSTRAINT django_content_type_app_label_model_76bd3d3b_uniq UNIQUE (app_label, model);


--
-- Name: django_content_type django_content_type_pkey; Type: CONSTRAINT; Schema: public; Owner: evafilm_user
--

ALTER TABLE ONLY public.django_content_type
    ADD CONSTRAINT django_content_type_pkey PRIMARY KEY (id);


--
-- Name: django_migrations django_migrations_pkey; Type: CONSTRAINT; Schema: public; Owner: evafilm_user
--

ALTER TABLE ONLY public.django_migrations
    ADD CONSTRAINT django_migrations_pkey PRIMARY KEY (id);


--
-- Name: django_session django_session_pkey; Type: CONSTRAINT; Schema: public; Owner: evafilm_user
--

ALTER TABLE ONLY public.django_session
    ADD CONSTRAINT django_session_pkey PRIMARY KEY (session_key);


--
-- Name: django_site django_site_domain_a2e37b91_uniq; Type: CONSTRAINT; Schema: public; Owner: evafilm_user
--

ALTER TABLE ONLY public.django_site
    ADD CONSTRAINT django_site_domain_a2e37b91_uniq UNIQUE (domain);


--
-- Name: django_site django_site_pkey; Type: CONSTRAINT; Schema: public; Owner: evafilm_user
--

ALTER TABLE ONLY public.django_site
    ADD CONSTRAINT django_site_pkey PRIMARY KEY (id);


--
-- Name: giftcard_giftcard_category giftcard_giftcard_catego_giftcard_id_category_id_5028b6d0_uniq; Type: CONSTRAINT; Schema: public; Owner: evafilm_user
--

ALTER TABLE ONLY public.giftcard_giftcard_category
    ADD CONSTRAINT giftcard_giftcard_catego_giftcard_id_category_id_5028b6d0_uniq UNIQUE (giftcard_id, category_id);


--
-- Name: giftcard_giftcard_category giftcard_giftcard_category_pkey; Type: CONSTRAINT; Schema: public; Owner: evafilm_user
--

ALTER TABLE ONLY public.giftcard_giftcard_category
    ADD CONSTRAINT giftcard_giftcard_category_pkey PRIMARY KEY (id);


--
-- Name: giftcard_giftcard giftcard_giftcard_code_f6fb6be8_uniq; Type: CONSTRAINT; Schema: public; Owner: evafilm_user
--

ALTER TABLE ONLY public.giftcard_giftcard
    ADD CONSTRAINT giftcard_giftcard_code_f6fb6be8_uniq UNIQUE (code);


--
-- Name: giftcard_giftcard giftcard_giftcard_pkey; Type: CONSTRAINT; Schema: public; Owner: evafilm_user
--

ALTER TABLE ONLY public.giftcard_giftcard
    ADD CONSTRAINT giftcard_giftcard_pkey PRIMARY KEY (id);


--
-- Name: giftcard_giftcard_related_to_user giftcard_giftcard_related_to_user_gift_code_id_key; Type: CONSTRAINT; Schema: public; Owner: evafilm_user
--

ALTER TABLE ONLY public.giftcard_giftcard_related_to_user
    ADD CONSTRAINT giftcard_giftcard_related_to_user_gift_code_id_key UNIQUE (gift_code_id);


--
-- Name: giftcard_giftcard_related_to_user giftcard_giftcard_related_to_user_pkey; Type: CONSTRAINT; Schema: public; Owner: evafilm_user
--

ALTER TABLE ONLY public.giftcard_giftcard_related_to_user
    ADD CONSTRAINT giftcard_giftcard_related_to_user_pkey PRIMARY KEY (id);


--
-- Name: giftcard_giftcard_related_to_user giftcard_giftcard_related_to_user_user_id_key; Type: CONSTRAINT; Schema: public; Owner: evafilm_user
--

ALTER TABLE ONLY public.giftcard_giftcard_related_to_user
    ADD CONSTRAINT giftcard_giftcard_related_to_user_user_id_key UNIQUE (user_id);


--
-- Name: introduction_code_icode introduction_code_icode_iuser_id_key; Type: CONSTRAINT; Schema: public; Owner: evafilm_user
--

ALTER TABLE ONLY public.introduction_code_icode
    ADD CONSTRAINT introduction_code_icode_iuser_id_key UNIQUE (iuser_id);


--
-- Name: introduction_code_icode introduction_code_icode_pkey; Type: CONSTRAINT; Schema: public; Owner: evafilm_user
--

ALTER TABLE ONLY public.introduction_code_icode
    ADD CONSTRAINT introduction_code_icode_pkey PRIMARY KEY (id);


--
-- Name: introduction_code_registericode introduction_code_registericode_pkey; Type: CONSTRAINT; Schema: public; Owner: evafilm_user
--

ALTER TABLE ONLY public.introduction_code_registericode
    ADD CONSTRAINT introduction_code_registericode_pkey PRIMARY KEY (id);


--
-- Name: invite_code_invitecode invite_code_invitecode_pkey; Type: CONSTRAINT; Schema: public; Owner: evafilm_user
--

ALTER TABLE ONLY public.invite_code_invitecode
    ADD CONSTRAINT invite_code_invitecode_pkey PRIMARY KEY (id);


--
-- Name: invitor_generated_invitor_code_invited_users invitor_generated_invito_generated_invitor_code_i_846d26fe_uniq; Type: CONSTRAINT; Schema: public; Owner: evafilm_user
--

ALTER TABLE ONLY public.invitor_generated_invitor_code_invited_users
    ADD CONSTRAINT invitor_generated_invito_generated_invitor_code_i_846d26fe_uniq UNIQUE (generated_invitor_code_id, user_id);


--
-- Name: invitor_generated_invitor_code_invited_users invitor_generated_invitor_code_invited_users_pkey; Type: CONSTRAINT; Schema: public; Owner: evafilm_user
--

ALTER TABLE ONLY public.invitor_generated_invitor_code_invited_users
    ADD CONSTRAINT invitor_generated_invitor_code_invited_users_pkey PRIMARY KEY (id);


--
-- Name: invitor_generated_invitor_code invitor_generated_invitor_code_pkey; Type: CONSTRAINT; Schema: public; Owner: evafilm_user
--

ALTER TABLE ONLY public.invitor_generated_invitor_code
    ADD CONSTRAINT invitor_generated_invitor_code_pkey PRIMARY KEY (id);


--
-- Name: invitor_invitor_code_invited_users invitor_invitor_code_inv_invitor_code_id_user_id_0617200a_uniq; Type: CONSTRAINT; Schema: public; Owner: evafilm_user
--

ALTER TABLE ONLY public.invitor_invitor_code_invited_users
    ADD CONSTRAINT invitor_invitor_code_inv_invitor_code_id_user_id_0617200a_uniq UNIQUE (invitor_code_id, user_id);


--
-- Name: invitor_invitor_code_invited_users invitor_invitor_code_invited_users_pkey; Type: CONSTRAINT; Schema: public; Owner: evafilm_user
--

ALTER TABLE ONLY public.invitor_invitor_code_invited_users
    ADD CONSTRAINT invitor_invitor_code_invited_users_pkey PRIMARY KEY (id);


--
-- Name: invitor_invitor_code invitor_invitor_code_pkey; Type: CONSTRAINT; Schema: public; Owner: evafilm_user
--

ALTER TABLE ONLY public.invitor_invitor_code
    ADD CONSTRAINT invitor_invitor_code_pkey PRIMARY KEY (id);


--
-- Name: movies_actor movies_actor_name_c3a904f9_uniq; Type: CONSTRAINT; Schema: public; Owner: evafilm_user
--

ALTER TABLE ONLY public.movies_actor
    ADD CONSTRAINT movies_actor_name_c3a904f9_uniq UNIQUE (name);


--
-- Name: movies_actor movies_actor_pkey; Type: CONSTRAINT; Schema: public; Owner: evafilm_user
--

ALTER TABLE ONLY public.movies_actor
    ADD CONSTRAINT movies_actor_pkey PRIMARY KEY (id);


--
-- Name: movies_category movies_category_name_en_key; Type: CONSTRAINT; Schema: public; Owner: evafilm_user
--

ALTER TABLE ONLY public.movies_category
    ADD CONSTRAINT movies_category_name_en_key UNIQUE (name_en);


--
-- Name: movies_category movies_category_pkey; Type: CONSTRAINT; Schema: public; Owner: evafilm_user
--

ALTER TABLE ONLY public.movies_category
    ADD CONSTRAINT movies_category_pkey PRIMARY KEY (id);


--
-- Name: movies_contact movies_contact_pkey; Type: CONSTRAINT; Schema: public; Owner: evafilm_user
--

ALTER TABLE ONLY public.movies_contact
    ADD CONSTRAINT movies_contact_pkey PRIMARY KEY (id);


--
-- Name: movies_country movies_country_name_key; Type: CONSTRAINT; Schema: public; Owner: evafilm_user
--

ALTER TABLE ONLY public.movies_country
    ADD CONSTRAINT movies_country_name_key UNIQUE (name);


--
-- Name: movies_country movies_country_pkey; Type: CONSTRAINT; Schema: public; Owner: evafilm_user
--

ALTER TABLE ONLY public.movies_country
    ADD CONSTRAINT movies_country_pkey PRIMARY KEY (id);


--
-- Name: movies_director movies_director_name_91426248_uniq; Type: CONSTRAINT; Schema: public; Owner: evafilm_user
--

ALTER TABLE ONLY public.movies_director
    ADD CONSTRAINT movies_director_name_91426248_uniq UNIQUE (name);


--
-- Name: movies_director movies_director_pkey; Type: CONSTRAINT; Schema: public; Owner: evafilm_user
--

ALTER TABLE ONLY public.movies_director
    ADD CONSTRAINT movies_director_pkey PRIMARY KEY (id);


--
-- Name: movies_episode movies_episode_pkey; Type: CONSTRAINT; Schema: public; Owner: evafilm_user
--

ALTER TABLE ONLY public.movies_episode
    ADD CONSTRAINT movies_episode_pkey PRIMARY KEY (id);


--
-- Name: movies_playlist_actor movies_playlist_actor_pkey; Type: CONSTRAINT; Schema: public; Owner: evafilm_user
--

ALTER TABLE ONLY public.movies_playlist_actor
    ADD CONSTRAINT movies_playlist_actor_pkey PRIMARY KEY (id);


--
-- Name: movies_playlist_actor movies_playlist_actor_playlist_id_actor_id_02a4d06d_uniq; Type: CONSTRAINT; Schema: public; Owner: evafilm_user
--

ALTER TABLE ONLY public.movies_playlist_actor
    ADD CONSTRAINT movies_playlist_actor_playlist_id_actor_id_02a4d06d_uniq UNIQUE (playlist_id, actor_id);


--
-- Name: movies_playlist_category movies_playlist_category_pkey; Type: CONSTRAINT; Schema: public; Owner: evafilm_user
--

ALTER TABLE ONLY public.movies_playlist_category
    ADD CONSTRAINT movies_playlist_category_pkey PRIMARY KEY (id);


--
-- Name: movies_playlist_category movies_playlist_category_playlist_id_category_id_461837e8_uniq; Type: CONSTRAINT; Schema: public; Owner: evafilm_user
--

ALTER TABLE ONLY public.movies_playlist_category
    ADD CONSTRAINT movies_playlist_category_playlist_id_category_id_461837e8_uniq UNIQUE (playlist_id, category_id);


--
-- Name: movies_playlist_country movies_playlist_country_pkey; Type: CONSTRAINT; Schema: public; Owner: evafilm_user
--

ALTER TABLE ONLY public.movies_playlist_country
    ADD CONSTRAINT movies_playlist_country_pkey PRIMARY KEY (id);


--
-- Name: movies_playlist_country movies_playlist_country_playlist_id_country_id_702572ce_uniq; Type: CONSTRAINT; Schema: public; Owner: evafilm_user
--

ALTER TABLE ONLY public.movies_playlist_country
    ADD CONSTRAINT movies_playlist_country_playlist_id_country_id_702572ce_uniq UNIQUE (playlist_id, country_id);


--
-- Name: movies_playlist_director movies_playlist_director_pkey; Type: CONSTRAINT; Schema: public; Owner: evafilm_user
--

ALTER TABLE ONLY public.movies_playlist_director
    ADD CONSTRAINT movies_playlist_director_pkey PRIMARY KEY (id);


--
-- Name: movies_playlist_director movies_playlist_director_playlist_id_director_id_960e7756_uniq; Type: CONSTRAINT; Schema: public; Owner: evafilm_user
--

ALTER TABLE ONLY public.movies_playlist_director
    ADD CONSTRAINT movies_playlist_director_playlist_id_director_id_960e7756_uniq UNIQUE (playlist_id, director_id);


--
-- Name: movies_playlist movies_playlist_name_en_3643b65d_uniq; Type: CONSTRAINT; Schema: public; Owner: evafilm_user
--

ALTER TABLE ONLY public.movies_playlist
    ADD CONSTRAINT movies_playlist_name_en_3643b65d_uniq UNIQUE (name_en);


--
-- Name: movies_playlist movies_playlist_name_fa_5c8ccf6a_uniq; Type: CONSTRAINT; Schema: public; Owner: evafilm_user
--

ALTER TABLE ONLY public.movies_playlist
    ADD CONSTRAINT movies_playlist_name_fa_5c8ccf6a_uniq UNIQUE (name_fa);


--
-- Name: movies_playlist movies_playlist_pkey; Type: CONSTRAINT; Schema: public; Owner: evafilm_user
--

ALTER TABLE ONLY public.movies_playlist
    ADD CONSTRAINT movies_playlist_pkey PRIMARY KEY (id);


--
-- Name: movies_season movies_season_pkey; Type: CONSTRAINT; Schema: public; Owner: evafilm_user
--

ALTER TABLE ONLY public.movies_season
    ADD CONSTRAINT movies_season_pkey PRIMARY KEY (id);


--
-- Name: payments_transaction payments_transaction_pkey; Type: CONSTRAINT; Schema: public; Owner: evafilm_user
--

ALTER TABLE ONLY public.payments_transaction
    ADD CONSTRAINT payments_transaction_pkey PRIMARY KEY (id);


--
-- Name: robots_txt_robots robots_txt_robots_pkey; Type: CONSTRAINT; Schema: public; Owner: evafilm_user
--

ALTER TABLE ONLY public.robots_txt_robots
    ADD CONSTRAINT robots_txt_robots_pkey PRIMARY KEY (id);


--
-- Name: send_message_send_message_users send_message_send_messag_send_message_id_user_id_9ce85038_uniq; Type: CONSTRAINT; Schema: public; Owner: evafilm_user
--

ALTER TABLE ONLY public.send_message_send_message_users
    ADD CONSTRAINT send_message_send_messag_send_message_id_user_id_9ce85038_uniq UNIQUE (send_message_id, user_id);


--
-- Name: send_message_send_message send_message_send_message_pkey; Type: CONSTRAINT; Schema: public; Owner: evafilm_user
--

ALTER TABLE ONLY public.send_message_send_message
    ADD CONSTRAINT send_message_send_message_pkey PRIMARY KEY (id);


--
-- Name: send_message_send_message_users send_message_send_message_users_pkey; Type: CONSTRAINT; Schema: public; Owner: evafilm_user
--

ALTER TABLE ONLY public.send_message_send_message_users
    ADD CONSTRAINT send_message_send_message_users_pkey PRIMARY KEY (id);


--
-- Name: movies_episode unique_episode; Type: CONSTRAINT; Schema: public; Owner: evafilm_user
--

ALTER TABLE ONLY public.movies_episode
    ADD CONSTRAINT unique_episode UNIQUE (title);


--
-- Name: accounts_subscription_plan_id_821fd4fd; Type: INDEX; Schema: public; Owner: evafilm_user
--

CREATE INDEX accounts_subscription_plan_id_821fd4fd ON public.accounts_subscription USING btree (plan_id);


--
-- Name: api_bookmarkplaylist_playlist_id_3ee06c13; Type: INDEX; Schema: public; Owner: evafilm_user
--

CREATE INDEX api_bookmarkplaylist_playlist_id_3ee06c13 ON public.api_bookmarkplaylist USING btree (playlist_id);


--
-- Name: api_bookmarkplaylist_user_id_21a28ae5; Type: INDEX; Schema: public; Owner: evafilm_user
--

CREATE INDEX api_bookmarkplaylist_user_id_21a28ae5 ON public.api_bookmarkplaylist USING btree (user_id);


--
-- Name: api_comment_playlist_id_93559f65; Type: INDEX; Schema: public; Owner: evafilm_user
--

CREATE INDEX api_comment_playlist_id_93559f65 ON public.api_comment USING btree (playlist_id);


--
-- Name: api_comment_user_id_14315666; Type: INDEX; Schema: public; Owner: evafilm_user
--

CREATE INDEX api_comment_user_id_14315666 ON public.api_comment USING btree (user_id);


--
-- Name: api_historyplaylist_episode_id_f4168360; Type: INDEX; Schema: public; Owner: evafilm_user
--

CREATE INDEX api_historyplaylist_episode_id_f4168360 ON public.api_historyplaylist USING btree (episode_id);


--
-- Name: api_historyplaylist_user_id_ed857c12; Type: INDEX; Schema: public; Owner: evafilm_user
--

CREATE INDEX api_historyplaylist_user_id_ed857c12 ON public.api_historyplaylist USING btree (user_id);


--
-- Name: api_likedplaylist_playlist_id_4d878a66; Type: INDEX; Schema: public; Owner: evafilm_user
--

CREATE INDEX api_likedplaylist_playlist_id_4d878a66 ON public.api_likedplaylist USING btree (playlist_id);


--
-- Name: api_likedplaylist_user_id_8332d5ff; Type: INDEX; Schema: public; Owner: evafilm_user
--

CREATE INDEX api_likedplaylist_user_id_8332d5ff ON public.api_likedplaylist USING btree (user_id);


--
-- Name: auth_group_name_a6ea08ec_like; Type: INDEX; Schema: public; Owner: evafilm_user
--

CREATE INDEX auth_group_name_a6ea08ec_like ON public.auth_group USING btree (name varchar_pattern_ops);


--
-- Name: auth_group_permissions_group_id_b120cbf9; Type: INDEX; Schema: public; Owner: evafilm_user
--

CREATE INDEX auth_group_permissions_group_id_b120cbf9 ON public.auth_group_permissions USING btree (group_id);


--
-- Name: auth_group_permissions_permission_id_84c5c92e; Type: INDEX; Schema: public; Owner: evafilm_user
--

CREATE INDEX auth_group_permissions_permission_id_84c5c92e ON public.auth_group_permissions USING btree (permission_id);


--
-- Name: auth_permission_content_type_id_2f476e4b; Type: INDEX; Schema: public; Owner: evafilm_user
--

CREATE INDEX auth_permission_content_type_id_2f476e4b ON public.auth_permission USING btree (content_type_id);


--
-- Name: auth_user_groups_group_id_97559544; Type: INDEX; Schema: public; Owner: evafilm_user
--

CREATE INDEX auth_user_groups_group_id_97559544 ON public.auth_user_groups USING btree (group_id);


--
-- Name: auth_user_groups_user_id_6a12ed8b; Type: INDEX; Schema: public; Owner: evafilm_user
--

CREATE INDEX auth_user_groups_user_id_6a12ed8b ON public.auth_user_groups USING btree (user_id);


--
-- Name: auth_user_user_permissions_permission_id_1fbb5f2c; Type: INDEX; Schema: public; Owner: evafilm_user
--

CREATE INDEX auth_user_user_permissions_permission_id_1fbb5f2c ON public.auth_user_user_permissions USING btree (permission_id);


--
-- Name: auth_user_user_permissions_user_id_a95ead1b; Type: INDEX; Schema: public; Owner: evafilm_user
--

CREATE INDEX auth_user_user_permissions_user_id_a95ead1b ON public.auth_user_user_permissions USING btree (user_id);


--
-- Name: auth_user_username_6821ab7c_like; Type: INDEX; Schema: public; Owner: evafilm_user
--

CREATE INDEX auth_user_username_6821ab7c_like ON public.auth_user USING btree (username varchar_pattern_ops);


--
-- Name: cnsr_middelappcnsr_e_336c7b2a_like; Type: INDEX; Schema: public; Owner: evafilm_user
--

CREATE INDEX cnsr_middelappcnsr_e_336c7b2a_like ON public.cnsr_middelappcnsr USING btree (e varchar_pattern_ops);


--
-- Name: cnsr_middelappcnsr_episode_id_4c03e0a3; Type: INDEX; Schema: public; Owner: evafilm_user
--

CREATE INDEX cnsr_middelappcnsr_episode_id_4c03e0a3 ON public.cnsr_middelappcnsr USING btree (episode_id);


--
-- Name: cnsr_middelappcnsr_s_4b4d7e48_like; Type: INDEX; Schema: public; Owner: evafilm_user
--

CREATE INDEX cnsr_middelappcnsr_s_4b4d7e48_like ON public.cnsr_middelappcnsr USING btree (s varchar_pattern_ops);


--
-- Name: discount_app_checkuserdiscount_discount_id_0ff27604; Type: INDEX; Schema: public; Owner: evafilm_user
--

CREATE INDEX discount_app_checkuserdiscount_discount_id_0ff27604 ON public.discount_app_checkuserdiscount USING btree (discount_id);


--
-- Name: discount_app_checkuserdiscount_user_id_9bd989c4; Type: INDEX; Schema: public; Owner: evafilm_user
--

CREATE INDEX discount_app_checkuserdiscount_user_id_9bd989c4 ON public.discount_app_checkuserdiscount USING btree (user_id);


--
-- Name: discount_app_discount_code_bd6dde65_like; Type: INDEX; Schema: public; Owner: evafilm_user
--

CREATE INDEX discount_app_discount_code_bd6dde65_like ON public.discount_app_discount USING btree (code varchar_pattern_ops);


--
-- Name: django_admin_log_content_type_id_c4bce8eb; Type: INDEX; Schema: public; Owner: evafilm_user
--

CREATE INDEX django_admin_log_content_type_id_c4bce8eb ON public.django_admin_log USING btree (content_type_id);


--
-- Name: django_admin_log_user_id_c564eba6; Type: INDEX; Schema: public; Owner: evafilm_user
--

CREATE INDEX django_admin_log_user_id_c564eba6 ON public.django_admin_log USING btree (user_id);


--
-- Name: django_session_expire_date_a5c62663; Type: INDEX; Schema: public; Owner: evafilm_user
--

CREATE INDEX django_session_expire_date_a5c62663 ON public.django_session USING btree (expire_date);


--
-- Name: django_session_session_key_c0390e0f_like; Type: INDEX; Schema: public; Owner: evafilm_user
--

CREATE INDEX django_session_session_key_c0390e0f_like ON public.django_session USING btree (session_key varchar_pattern_ops);


--
-- Name: django_site_domain_a2e37b91_like; Type: INDEX; Schema: public; Owner: evafilm_user
--

CREATE INDEX django_site_domain_a2e37b91_like ON public.django_site USING btree (domain varchar_pattern_ops);


--
-- Name: giftcard_giftcard_category_category_id_2e5b9860; Type: INDEX; Schema: public; Owner: evafilm_user
--

CREATE INDEX giftcard_giftcard_category_category_id_2e5b9860 ON public.giftcard_giftcard_category USING btree (category_id);


--
-- Name: giftcard_giftcard_category_giftcard_id_96018e4a; Type: INDEX; Schema: public; Owner: evafilm_user
--

CREATE INDEX giftcard_giftcard_category_giftcard_id_96018e4a ON public.giftcard_giftcard_category USING btree (giftcard_id);


--
-- Name: giftcard_giftcard_code_f6fb6be8_like; Type: INDEX; Schema: public; Owner: evafilm_user
--

CREATE INDEX giftcard_giftcard_code_f6fb6be8_like ON public.giftcard_giftcard USING btree (code varchar_pattern_ops);


--
-- Name: invitor_generated_invitor__generated_invitor_code_id_be727d24; Type: INDEX; Schema: public; Owner: evafilm_user
--

CREATE INDEX invitor_generated_invitor__generated_invitor_code_id_be727d24 ON public.invitor_generated_invitor_code_invited_users USING btree (generated_invitor_code_id);


--
-- Name: invitor_generated_invitor_code_invited_users_user_id_8b14d361; Type: INDEX; Schema: public; Owner: evafilm_user
--

CREATE INDEX invitor_generated_invitor_code_invited_users_user_id_8b14d361 ON public.invitor_generated_invitor_code_invited_users USING btree (user_id);


--
-- Name: invitor_generated_invitor_code_user_id_8922910a; Type: INDEX; Schema: public; Owner: evafilm_user
--

CREATE INDEX invitor_generated_invitor_code_user_id_8922910a ON public.invitor_generated_invitor_code USING btree (user_id);


--
-- Name: invitor_invitor_code_invited_users_invitor_code_id_04b64d2c; Type: INDEX; Schema: public; Owner: evafilm_user
--

CREATE INDEX invitor_invitor_code_invited_users_invitor_code_id_04b64d2c ON public.invitor_invitor_code_invited_users USING btree (invitor_code_id);


--
-- Name: invitor_invitor_code_invited_users_user_id_bee4708c; Type: INDEX; Schema: public; Owner: evafilm_user
--

CREATE INDEX invitor_invitor_code_invited_users_user_id_bee4708c ON public.invitor_invitor_code_invited_users USING btree (user_id);


--
-- Name: invitor_invitor_code_user_id_1929aeda; Type: INDEX; Schema: public; Owner: evafilm_user
--

CREATE INDEX invitor_invitor_code_user_id_1929aeda ON public.invitor_invitor_code USING btree (user_id);


--
-- Name: movies_actor_name_c3a904f9_like; Type: INDEX; Schema: public; Owner: evafilm_user
--

CREATE INDEX movies_actor_name_c3a904f9_like ON public.movies_actor USING btree (name varchar_pattern_ops);


--
-- Name: movies_category_name_en_e92ab6e6_like; Type: INDEX; Schema: public; Owner: evafilm_user
--

CREATE INDEX movies_category_name_en_e92ab6e6_like ON public.movies_category USING btree (name_en varchar_pattern_ops);


--
-- Name: movies_country_name_19eef3dd_like; Type: INDEX; Schema: public; Owner: evafilm_user
--

CREATE INDEX movies_country_name_19eef3dd_like ON public.movies_country USING btree (name varchar_pattern_ops);


--
-- Name: movies_director_name_91426248_like; Type: INDEX; Schema: public; Owner: evafilm_user
--

CREATE INDEX movies_director_name_91426248_like ON public.movies_director USING btree (name varchar_pattern_ops);


--
-- Name: movies_episode_created_by_id_95d98e27; Type: INDEX; Schema: public; Owner: evafilm_user
--

CREATE INDEX movies_episode_created_by_id_95d98e27 ON public.movies_episode USING btree (created_by_id);


--
-- Name: movies_episode_playlist_id_488d3e8a; Type: INDEX; Schema: public; Owner: evafilm_user
--

CREATE INDEX movies_episode_playlist_id_488d3e8a ON public.movies_episode USING btree (playlist_id);


--
-- Name: movies_episode_season_id_f33ffd58; Type: INDEX; Schema: public; Owner: evafilm_user
--

CREATE INDEX movies_episode_season_id_f33ffd58 ON public.movies_episode USING btree (season_id);


--
-- Name: movies_playlist_actor_actor_id_63872ae5; Type: INDEX; Schema: public; Owner: evafilm_user
--

CREATE INDEX movies_playlist_actor_actor_id_63872ae5 ON public.movies_playlist_actor USING btree (actor_id);


--
-- Name: movies_playlist_actor_playlist_id_6dca51d1; Type: INDEX; Schema: public; Owner: evafilm_user
--

CREATE INDEX movies_playlist_actor_playlist_id_6dca51d1 ON public.movies_playlist_actor USING btree (playlist_id);


--
-- Name: movies_playlist_category_category_id_19a0470c; Type: INDEX; Schema: public; Owner: evafilm_user
--

CREATE INDEX movies_playlist_category_category_id_19a0470c ON public.movies_playlist_category USING btree (category_id);


--
-- Name: movies_playlist_category_playlist_id_51e77fef; Type: INDEX; Schema: public; Owner: evafilm_user
--

CREATE INDEX movies_playlist_category_playlist_id_51e77fef ON public.movies_playlist_category USING btree (playlist_id);


--
-- Name: movies_playlist_country_country_id_267686f0; Type: INDEX; Schema: public; Owner: evafilm_user
--

CREATE INDEX movies_playlist_country_country_id_267686f0 ON public.movies_playlist_country USING btree (country_id);


--
-- Name: movies_playlist_country_playlist_id_8139f6df; Type: INDEX; Schema: public; Owner: evafilm_user
--

CREATE INDEX movies_playlist_country_playlist_id_8139f6df ON public.movies_playlist_country USING btree (playlist_id);


--
-- Name: movies_playlist_created_by_id_4ae5e9a3; Type: INDEX; Schema: public; Owner: evafilm_user
--

CREATE INDEX movies_playlist_created_by_id_4ae5e9a3 ON public.movies_playlist USING btree (created_by_id);


--
-- Name: movies_playlist_director_director_id_6e672ab9; Type: INDEX; Schema: public; Owner: evafilm_user
--

CREATE INDEX movies_playlist_director_director_id_6e672ab9 ON public.movies_playlist_director USING btree (director_id);


--
-- Name: movies_playlist_director_playlist_id_0c774b75; Type: INDEX; Schema: public; Owner: evafilm_user
--

CREATE INDEX movies_playlist_director_playlist_id_0c774b75 ON public.movies_playlist_director USING btree (playlist_id);


--
-- Name: movies_playlist_name_en_3643b65d_like; Type: INDEX; Schema: public; Owner: evafilm_user
--

CREATE INDEX movies_playlist_name_en_3643b65d_like ON public.movies_playlist USING btree (name_en varchar_pattern_ops);


--
-- Name: movies_playlist_name_fa_5c8ccf6a_like; Type: INDEX; Schema: public; Owner: evafilm_user
--

CREATE INDEX movies_playlist_name_fa_5c8ccf6a_like ON public.movies_playlist USING btree (name_fa varchar_pattern_ops);


--
-- Name: movies_season_playlist_id_378919f1; Type: INDEX; Schema: public; Owner: evafilm_user
--

CREATE INDEX movies_season_playlist_id_378919f1 ON public.movies_season USING btree (playlist_id);


--
-- Name: payments_transaction_subscription_plan_id_d3daa2fe; Type: INDEX; Schema: public; Owner: evafilm_user
--

CREATE INDEX payments_transaction_subscription_plan_id_d3daa2fe ON public.payments_transaction USING btree (subscription_plan_id);


--
-- Name: payments_transaction_user_id_ca456f41; Type: INDEX; Schema: public; Owner: evafilm_user
--

CREATE INDEX payments_transaction_user_id_ca456f41 ON public.payments_transaction USING btree (user_id);


--
-- Name: send_message_send_message_users_send_message_id_e9569bc0; Type: INDEX; Schema: public; Owner: evafilm_user
--

CREATE INDEX send_message_send_message_users_send_message_id_e9569bc0 ON public.send_message_send_message_users USING btree (send_message_id);


--
-- Name: send_message_send_message_users_user_id_e8b78243; Type: INDEX; Schema: public; Owner: evafilm_user
--

CREATE INDEX send_message_send_message_users_user_id_e8b78243 ON public.send_message_send_message_users USING btree (user_id);


--
-- Name: accounts_subscription accounts_subscriptio_plan_id_821fd4fd_fk_accounts_; Type: FK CONSTRAINT; Schema: public; Owner: evafilm_user
--

ALTER TABLE ONLY public.accounts_subscription
    ADD CONSTRAINT accounts_subscriptio_plan_id_821fd4fd_fk_accounts_ FOREIGN KEY (plan_id) REFERENCES public.accounts_subscriptionplan(id) DEFERRABLE INITIALLY DEFERRED;


--
-- Name: accounts_subscription accounts_subscription_user_id_980c85f5_fk_auth_user_id; Type: FK CONSTRAINT; Schema: public; Owner: evafilm_user
--

ALTER TABLE ONLY public.accounts_subscription
    ADD CONSTRAINT accounts_subscription_user_id_980c85f5_fk_auth_user_id FOREIGN KEY (user_id) REFERENCES public.auth_user(id) DEFERRABLE INITIALLY DEFERRED;


--
-- Name: accounts_userprofile accounts_userprofile_user_id_92240672_fk_auth_user_id; Type: FK CONSTRAINT; Schema: public; Owner: evafilm_user
--

ALTER TABLE ONLY public.accounts_userprofile
    ADD CONSTRAINT accounts_userprofile_user_id_92240672_fk_auth_user_id FOREIGN KEY (user_id) REFERENCES public.auth_user(id) DEFERRABLE INITIALLY DEFERRED;


--
-- Name: api_bookmarkplaylist api_bookmarkplaylist_playlist_id_3ee06c13_fk_movies_playlist_id; Type: FK CONSTRAINT; Schema: public; Owner: evafilm_user
--

ALTER TABLE ONLY public.api_bookmarkplaylist
    ADD CONSTRAINT api_bookmarkplaylist_playlist_id_3ee06c13_fk_movies_playlist_id FOREIGN KEY (playlist_id) REFERENCES public.movies_playlist(id) DEFERRABLE INITIALLY DEFERRED;


--
-- Name: api_bookmarkplaylist api_bookmarkplaylist_user_id_21a28ae5_fk_auth_user_id; Type: FK CONSTRAINT; Schema: public; Owner: evafilm_user
--

ALTER TABLE ONLY public.api_bookmarkplaylist
    ADD CONSTRAINT api_bookmarkplaylist_user_id_21a28ae5_fk_auth_user_id FOREIGN KEY (user_id) REFERENCES public.auth_user(id) DEFERRABLE INITIALLY DEFERRED;


--
-- Name: api_comment api_comment_playlist_id_93559f65_fk_movies_playlist_id; Type: FK CONSTRAINT; Schema: public; Owner: evafilm_user
--

ALTER TABLE ONLY public.api_comment
    ADD CONSTRAINT api_comment_playlist_id_93559f65_fk_movies_playlist_id FOREIGN KEY (playlist_id) REFERENCES public.movies_playlist(id) DEFERRABLE INITIALLY DEFERRED;


--
-- Name: api_comment api_comment_user_id_14315666_fk_auth_user_id; Type: FK CONSTRAINT; Schema: public; Owner: evafilm_user
--

ALTER TABLE ONLY public.api_comment
    ADD CONSTRAINT api_comment_user_id_14315666_fk_auth_user_id FOREIGN KEY (user_id) REFERENCES public.auth_user(id) DEFERRABLE INITIALLY DEFERRED;


--
-- Name: api_historyplaylist api_historyplaylist_episode_id_f4168360_fk_movies_episode_id; Type: FK CONSTRAINT; Schema: public; Owner: evafilm_user
--

ALTER TABLE ONLY public.api_historyplaylist
    ADD CONSTRAINT api_historyplaylist_episode_id_f4168360_fk_movies_episode_id FOREIGN KEY (episode_id) REFERENCES public.movies_episode(id) DEFERRABLE INITIALLY DEFERRED;


--
-- Name: api_historyplaylist api_historyplaylist_user_id_ed857c12_fk_auth_user_id; Type: FK CONSTRAINT; Schema: public; Owner: evafilm_user
--

ALTER TABLE ONLY public.api_historyplaylist
    ADD CONSTRAINT api_historyplaylist_user_id_ed857c12_fk_auth_user_id FOREIGN KEY (user_id) REFERENCES public.auth_user(id) DEFERRABLE INITIALLY DEFERRED;


--
-- Name: api_likedplaylist api_likedplaylist_playlist_id_4d878a66_fk_movies_playlist_id; Type: FK CONSTRAINT; Schema: public; Owner: evafilm_user
--

ALTER TABLE ONLY public.api_likedplaylist
    ADD CONSTRAINT api_likedplaylist_playlist_id_4d878a66_fk_movies_playlist_id FOREIGN KEY (playlist_id) REFERENCES public.movies_playlist(id) DEFERRABLE INITIALLY DEFERRED;


--
-- Name: api_likedplaylist api_likedplaylist_user_id_8332d5ff_fk_auth_user_id; Type: FK CONSTRAINT; Schema: public; Owner: evafilm_user
--

ALTER TABLE ONLY public.api_likedplaylist
    ADD CONSTRAINT api_likedplaylist_user_id_8332d5ff_fk_auth_user_id FOREIGN KEY (user_id) REFERENCES public.auth_user(id) DEFERRABLE INITIALLY DEFERRED;


--
-- Name: api_videoedit api_videoedit_episode_id_bf82b376_fk_movies_episode_id; Type: FK CONSTRAINT; Schema: public; Owner: evafilm_user
--

ALTER TABLE ONLY public.api_videoedit
    ADD CONSTRAINT api_videoedit_episode_id_bf82b376_fk_movies_episode_id FOREIGN KEY (episode_id) REFERENCES public.movies_episode(id) DEFERRABLE INITIALLY DEFERRED;


--
-- Name: auth_group_permissions auth_group_permissio_permission_id_84c5c92e_fk_auth_perm; Type: FK CONSTRAINT; Schema: public; Owner: evafilm_user
--

ALTER TABLE ONLY public.auth_group_permissions
    ADD CONSTRAINT auth_group_permissio_permission_id_84c5c92e_fk_auth_perm FOREIGN KEY (permission_id) REFERENCES public.auth_permission(id) DEFERRABLE INITIALLY DEFERRED;


--
-- Name: auth_group_permissions auth_group_permissions_group_id_b120cbf9_fk_auth_group_id; Type: FK CONSTRAINT; Schema: public; Owner: evafilm_user
--

ALTER TABLE ONLY public.auth_group_permissions
    ADD CONSTRAINT auth_group_permissions_group_id_b120cbf9_fk_auth_group_id FOREIGN KEY (group_id) REFERENCES public.auth_group(id) DEFERRABLE INITIALLY DEFERRED;


--
-- Name: auth_permission auth_permission_content_type_id_2f476e4b_fk_django_co; Type: FK CONSTRAINT; Schema: public; Owner: evafilm_user
--

ALTER TABLE ONLY public.auth_permission
    ADD CONSTRAINT auth_permission_content_type_id_2f476e4b_fk_django_co FOREIGN KEY (content_type_id) REFERENCES public.django_content_type(id) DEFERRABLE INITIALLY DEFERRED;


--
-- Name: auth_user_groups auth_user_groups_group_id_97559544_fk_auth_group_id; Type: FK CONSTRAINT; Schema: public; Owner: evafilm_user
--

ALTER TABLE ONLY public.auth_user_groups
    ADD CONSTRAINT auth_user_groups_group_id_97559544_fk_auth_group_id FOREIGN KEY (group_id) REFERENCES public.auth_group(id) DEFERRABLE INITIALLY DEFERRED;


--
-- Name: auth_user_groups auth_user_groups_user_id_6a12ed8b_fk_auth_user_id; Type: FK CONSTRAINT; Schema: public; Owner: evafilm_user
--

ALTER TABLE ONLY public.auth_user_groups
    ADD CONSTRAINT auth_user_groups_user_id_6a12ed8b_fk_auth_user_id FOREIGN KEY (user_id) REFERENCES public.auth_user(id) DEFERRABLE INITIALLY DEFERRED;


--
-- Name: auth_user_user_permissions auth_user_user_permi_permission_id_1fbb5f2c_fk_auth_perm; Type: FK CONSTRAINT; Schema: public; Owner: evafilm_user
--

ALTER TABLE ONLY public.auth_user_user_permissions
    ADD CONSTRAINT auth_user_user_permi_permission_id_1fbb5f2c_fk_auth_perm FOREIGN KEY (permission_id) REFERENCES public.auth_permission(id) DEFERRABLE INITIALLY DEFERRED;


--
-- Name: auth_user_user_permissions auth_user_user_permissions_user_id_a95ead1b_fk_auth_user_id; Type: FK CONSTRAINT; Schema: public; Owner: evafilm_user
--

ALTER TABLE ONLY public.auth_user_user_permissions
    ADD CONSTRAINT auth_user_user_permissions_user_id_a95ead1b_fk_auth_user_id FOREIGN KEY (user_id) REFERENCES public.auth_user(id) DEFERRABLE INITIALLY DEFERRED;


--
-- Name: cnsr_endappcnsr cnsr_endappcnsr_episode_id_44b63299_fk_movies_episode_id; Type: FK CONSTRAINT; Schema: public; Owner: evafilm_user
--

ALTER TABLE ONLY public.cnsr_endappcnsr
    ADD CONSTRAINT cnsr_endappcnsr_episode_id_44b63299_fk_movies_episode_id FOREIGN KEY (episode_id) REFERENCES public.movies_episode(id) DEFERRABLE INITIALLY DEFERRED;


--
-- Name: cnsr_middelappcnsr cnsr_middelappcnsr_episode_id_4c03e0a3_fk_movies_episode_id; Type: FK CONSTRAINT; Schema: public; Owner: evafilm_user
--

ALTER TABLE ONLY public.cnsr_middelappcnsr
    ADD CONSTRAINT cnsr_middelappcnsr_episode_id_4c03e0a3_fk_movies_episode_id FOREIGN KEY (episode_id) REFERENCES public.movies_episode(id) DEFERRABLE INITIALLY DEFERRED;


--
-- Name: cnsr_startappcnsr cnsr_startappcnsr_episode_id_c3a5dce7_fk_movies_episode_id; Type: FK CONSTRAINT; Schema: public; Owner: evafilm_user
--

ALTER TABLE ONLY public.cnsr_startappcnsr
    ADD CONSTRAINT cnsr_startappcnsr_episode_id_c3a5dce7_fk_movies_episode_id FOREIGN KEY (episode_id) REFERENCES public.movies_episode(id) DEFERRABLE INITIALLY DEFERRED;


--
-- Name: discount_app_checkuserdiscount discount_app_checkuserdiscount_discount_id_0ff27604_fk; Type: FK CONSTRAINT; Schema: public; Owner: evafilm_user
--

ALTER TABLE ONLY public.discount_app_checkuserdiscount
    ADD CONSTRAINT discount_app_checkuserdiscount_discount_id_0ff27604_fk FOREIGN KEY (discount_id) REFERENCES public.discount_app_discount(id) DEFERRABLE INITIALLY DEFERRED;


--
-- Name: discount_app_checkuserdiscount discount_app_checkuserdiscount_user_id_9bd989c4_fk_auth_user_id; Type: FK CONSTRAINT; Schema: public; Owner: evafilm_user
--

ALTER TABLE ONLY public.discount_app_checkuserdiscount
    ADD CONSTRAINT discount_app_checkuserdiscount_user_id_9bd989c4_fk_auth_user_id FOREIGN KEY (user_id) REFERENCES public.auth_user(id) DEFERRABLE INITIALLY DEFERRED;


--
-- Name: django_admin_log django_admin_log_content_type_id_c4bce8eb_fk_django_co; Type: FK CONSTRAINT; Schema: public; Owner: evafilm_user
--

ALTER TABLE ONLY public.django_admin_log
    ADD CONSTRAINT django_admin_log_content_type_id_c4bce8eb_fk_django_co FOREIGN KEY (content_type_id) REFERENCES public.django_content_type(id) DEFERRABLE INITIALLY DEFERRED;


--
-- Name: django_admin_log django_admin_log_user_id_c564eba6_fk_auth_user_id; Type: FK CONSTRAINT; Schema: public; Owner: evafilm_user
--

ALTER TABLE ONLY public.django_admin_log
    ADD CONSTRAINT django_admin_log_user_id_c564eba6_fk_auth_user_id FOREIGN KEY (user_id) REFERENCES public.auth_user(id) DEFERRABLE INITIALLY DEFERRED;


--
-- Name: giftcard_giftcard_category giftcard_giftcard_ca_category_id_2e5b9860_fk_movies_ca; Type: FK CONSTRAINT; Schema: public; Owner: evafilm_user
--

ALTER TABLE ONLY public.giftcard_giftcard_category
    ADD CONSTRAINT giftcard_giftcard_ca_category_id_2e5b9860_fk_movies_ca FOREIGN KEY (category_id) REFERENCES public.movies_category(id) DEFERRABLE INITIALLY DEFERRED;


--
-- Name: giftcard_giftcard_category giftcard_giftcard_ca_giftcard_id_96018e4a_fk_giftcard_; Type: FK CONSTRAINT; Schema: public; Owner: evafilm_user
--

ALTER TABLE ONLY public.giftcard_giftcard_category
    ADD CONSTRAINT giftcard_giftcard_ca_giftcard_id_96018e4a_fk_giftcard_ FOREIGN KEY (giftcard_id) REFERENCES public.giftcard_giftcard(id) DEFERRABLE INITIALLY DEFERRED;


--
-- Name: giftcard_giftcard_related_to_user giftcard_giftcard_re_gift_code_id_37df5539_fk_giftcard_; Type: FK CONSTRAINT; Schema: public; Owner: evafilm_user
--

ALTER TABLE ONLY public.giftcard_giftcard_related_to_user
    ADD CONSTRAINT giftcard_giftcard_re_gift_code_id_37df5539_fk_giftcard_ FOREIGN KEY (gift_code_id) REFERENCES public.giftcard_giftcard(id) DEFERRABLE INITIALLY DEFERRED;


--
-- Name: giftcard_giftcard_related_to_user giftcard_giftcard_re_user_id_6479e2a8_fk_auth_user; Type: FK CONSTRAINT; Schema: public; Owner: evafilm_user
--

ALTER TABLE ONLY public.giftcard_giftcard_related_to_user
    ADD CONSTRAINT giftcard_giftcard_re_user_id_6479e2a8_fk_auth_user FOREIGN KEY (user_id) REFERENCES public.auth_user(id) DEFERRABLE INITIALLY DEFERRED;


--
-- Name: introduction_code_icode introduction_code_icode_iuser_id_34d342c9_fk_auth_user_id; Type: FK CONSTRAINT; Schema: public; Owner: evafilm_user
--

ALTER TABLE ONLY public.introduction_code_icode
    ADD CONSTRAINT introduction_code_icode_iuser_id_34d342c9_fk_auth_user_id FOREIGN KEY (iuser_id) REFERENCES public.auth_user(id) DEFERRABLE INITIALLY DEFERRED;


--
-- Name: invitor_generated_invitor_code_invited_users invitor_generated_in_generated_invitor_co_be727d24_fk_invitor_g; Type: FK CONSTRAINT; Schema: public; Owner: evafilm_user
--

ALTER TABLE ONLY public.invitor_generated_invitor_code_invited_users
    ADD CONSTRAINT invitor_generated_in_generated_invitor_co_be727d24_fk_invitor_g FOREIGN KEY (generated_invitor_code_id) REFERENCES public.invitor_generated_invitor_code(id) DEFERRABLE INITIALLY DEFERRED;


--
-- Name: invitor_generated_invitor_code_invited_users invitor_generated_in_user_id_8b14d361_fk_auth_user; Type: FK CONSTRAINT; Schema: public; Owner: evafilm_user
--

ALTER TABLE ONLY public.invitor_generated_invitor_code_invited_users
    ADD CONSTRAINT invitor_generated_in_user_id_8b14d361_fk_auth_user FOREIGN KEY (user_id) REFERENCES public.auth_user(id) DEFERRABLE INITIALLY DEFERRED;


--
-- Name: invitor_generated_invitor_code invitor_generated_invitor_code_user_id_8922910a_fk_auth_user_id; Type: FK CONSTRAINT; Schema: public; Owner: evafilm_user
--

ALTER TABLE ONLY public.invitor_generated_invitor_code
    ADD CONSTRAINT invitor_generated_invitor_code_user_id_8922910a_fk_auth_user_id FOREIGN KEY (user_id) REFERENCES public.auth_user(id) DEFERRABLE INITIALLY DEFERRED;


--
-- Name: invitor_invitor_code_invited_users invitor_invitor_code_invitor_code_id_04b64d2c_fk_invitor_i; Type: FK CONSTRAINT; Schema: public; Owner: evafilm_user
--

ALTER TABLE ONLY public.invitor_invitor_code_invited_users
    ADD CONSTRAINT invitor_invitor_code_invitor_code_id_04b64d2c_fk_invitor_i FOREIGN KEY (invitor_code_id) REFERENCES public.invitor_invitor_code(id) DEFERRABLE INITIALLY DEFERRED;


--
-- Name: invitor_invitor_code invitor_invitor_code_user_id_1929aeda_fk_auth_user_id; Type: FK CONSTRAINT; Schema: public; Owner: evafilm_user
--

ALTER TABLE ONLY public.invitor_invitor_code
    ADD CONSTRAINT invitor_invitor_code_user_id_1929aeda_fk_auth_user_id FOREIGN KEY (user_id) REFERENCES public.auth_user(id) DEFERRABLE INITIALLY DEFERRED;


--
-- Name: invitor_invitor_code_invited_users invitor_invitor_code_user_id_bee4708c_fk_auth_user; Type: FK CONSTRAINT; Schema: public; Owner: evafilm_user
--

ALTER TABLE ONLY public.invitor_invitor_code_invited_users
    ADD CONSTRAINT invitor_invitor_code_user_id_bee4708c_fk_auth_user FOREIGN KEY (user_id) REFERENCES public.auth_user(id) DEFERRABLE INITIALLY DEFERRED;


--
-- Name: movies_episode movies_episode_created_by_id_95d98e27_fk_auth_user_id; Type: FK CONSTRAINT; Schema: public; Owner: evafilm_user
--

ALTER TABLE ONLY public.movies_episode
    ADD CONSTRAINT movies_episode_created_by_id_95d98e27_fk_auth_user_id FOREIGN KEY (created_by_id) REFERENCES public.auth_user(id) DEFERRABLE INITIALLY DEFERRED;


--
-- Name: movies_episode movies_episode_playlist_id_488d3e8a_fk_movies_playlist_id; Type: FK CONSTRAINT; Schema: public; Owner: evafilm_user
--

ALTER TABLE ONLY public.movies_episode
    ADD CONSTRAINT movies_episode_playlist_id_488d3e8a_fk_movies_playlist_id FOREIGN KEY (playlist_id) REFERENCES public.movies_playlist(id) DEFERRABLE INITIALLY DEFERRED;


--
-- Name: movies_episode movies_episode_season_id_f33ffd58_fk_movies_season_id; Type: FK CONSTRAINT; Schema: public; Owner: evafilm_user
--

ALTER TABLE ONLY public.movies_episode
    ADD CONSTRAINT movies_episode_season_id_f33ffd58_fk_movies_season_id FOREIGN KEY (season_id) REFERENCES public.movies_season(id) DEFERRABLE INITIALLY DEFERRED;


--
-- Name: movies_playlist_actor movies_playlist_acto_playlist_id_6dca51d1_fk_movies_pl; Type: FK CONSTRAINT; Schema: public; Owner: evafilm_user
--

ALTER TABLE ONLY public.movies_playlist_actor
    ADD CONSTRAINT movies_playlist_acto_playlist_id_6dca51d1_fk_movies_pl FOREIGN KEY (playlist_id) REFERENCES public.movies_playlist(id) DEFERRABLE INITIALLY DEFERRED;


--
-- Name: movies_playlist_actor movies_playlist_actor_actor_id_63872ae5_fk_movies_actor_id; Type: FK CONSTRAINT; Schema: public; Owner: evafilm_user
--

ALTER TABLE ONLY public.movies_playlist_actor
    ADD CONSTRAINT movies_playlist_actor_actor_id_63872ae5_fk_movies_actor_id FOREIGN KEY (actor_id) REFERENCES public.movies_actor(id) DEFERRABLE INITIALLY DEFERRED;


--
-- Name: movies_playlist_category movies_playlist_cate_category_id_19a0470c_fk_movies_ca; Type: FK CONSTRAINT; Schema: public; Owner: evafilm_user
--

ALTER TABLE ONLY public.movies_playlist_category
    ADD CONSTRAINT movies_playlist_cate_category_id_19a0470c_fk_movies_ca FOREIGN KEY (category_id) REFERENCES public.movies_category(id) DEFERRABLE INITIALLY DEFERRED;


--
-- Name: movies_playlist_category movies_playlist_cate_playlist_id_51e77fef_fk_movies_pl; Type: FK CONSTRAINT; Schema: public; Owner: evafilm_user
--

ALTER TABLE ONLY public.movies_playlist_category
    ADD CONSTRAINT movies_playlist_cate_playlist_id_51e77fef_fk_movies_pl FOREIGN KEY (playlist_id) REFERENCES public.movies_playlist(id) DEFERRABLE INITIALLY DEFERRED;


--
-- Name: movies_playlist_country movies_playlist_coun_country_id_267686f0_fk_movies_co; Type: FK CONSTRAINT; Schema: public; Owner: evafilm_user
--

ALTER TABLE ONLY public.movies_playlist_country
    ADD CONSTRAINT movies_playlist_coun_country_id_267686f0_fk_movies_co FOREIGN KEY (country_id) REFERENCES public.movies_country(id) DEFERRABLE INITIALLY DEFERRED;


--
-- Name: movies_playlist_country movies_playlist_coun_playlist_id_8139f6df_fk_movies_pl; Type: FK CONSTRAINT; Schema: public; Owner: evafilm_user
--

ALTER TABLE ONLY public.movies_playlist_country
    ADD CONSTRAINT movies_playlist_coun_playlist_id_8139f6df_fk_movies_pl FOREIGN KEY (playlist_id) REFERENCES public.movies_playlist(id) DEFERRABLE INITIALLY DEFERRED;


--
-- Name: movies_playlist movies_playlist_created_by_id_4ae5e9a3_fk_auth_user_id; Type: FK CONSTRAINT; Schema: public; Owner: evafilm_user
--

ALTER TABLE ONLY public.movies_playlist
    ADD CONSTRAINT movies_playlist_created_by_id_4ae5e9a3_fk_auth_user_id FOREIGN KEY (created_by_id) REFERENCES public.auth_user(id) DEFERRABLE INITIALLY DEFERRED;


--
-- Name: movies_playlist_director movies_playlist_dire_director_id_6e672ab9_fk_movies_di; Type: FK CONSTRAINT; Schema: public; Owner: evafilm_user
--

ALTER TABLE ONLY public.movies_playlist_director
    ADD CONSTRAINT movies_playlist_dire_director_id_6e672ab9_fk_movies_di FOREIGN KEY (director_id) REFERENCES public.movies_director(id) DEFERRABLE INITIALLY DEFERRED;


--
-- Name: movies_playlist_director movies_playlist_dire_playlist_id_0c774b75_fk_movies_pl; Type: FK CONSTRAINT; Schema: public; Owner: evafilm_user
--

ALTER TABLE ONLY public.movies_playlist_director
    ADD CONSTRAINT movies_playlist_dire_playlist_id_0c774b75_fk_movies_pl FOREIGN KEY (playlist_id) REFERENCES public.movies_playlist(id) DEFERRABLE INITIALLY DEFERRED;


--
-- Name: movies_season movies_season_playlist_id_378919f1_fk_movies_playlist_id; Type: FK CONSTRAINT; Schema: public; Owner: evafilm_user
--

ALTER TABLE ONLY public.movies_season
    ADD CONSTRAINT movies_season_playlist_id_378919f1_fk_movies_playlist_id FOREIGN KEY (playlist_id) REFERENCES public.movies_playlist(id) DEFERRABLE INITIALLY DEFERRED;


--
-- Name: payments_transaction payments_transaction_subscription_plan_id_d3daa2fe_fk_accounts_; Type: FK CONSTRAINT; Schema: public; Owner: evafilm_user
--

ALTER TABLE ONLY public.payments_transaction
    ADD CONSTRAINT payments_transaction_subscription_plan_id_d3daa2fe_fk_accounts_ FOREIGN KEY (subscription_plan_id) REFERENCES public.accounts_subscriptionplan(id) DEFERRABLE INITIALLY DEFERRED;


--
-- Name: payments_transaction payments_transaction_user_id_ca456f41_fk_auth_user_id; Type: FK CONSTRAINT; Schema: public; Owner: evafilm_user
--

ALTER TABLE ONLY public.payments_transaction
    ADD CONSTRAINT payments_transaction_user_id_ca456f41_fk_auth_user_id FOREIGN KEY (user_id) REFERENCES public.auth_user(id) DEFERRABLE INITIALLY DEFERRED;


--
-- Name: send_message_send_message_users send_message_send_me_send_message_id_e9569bc0_fk_send_mess; Type: FK CONSTRAINT; Schema: public; Owner: evafilm_user
--

ALTER TABLE ONLY public.send_message_send_message_users
    ADD CONSTRAINT send_message_send_me_send_message_id_e9569bc0_fk_send_mess FOREIGN KEY (send_message_id) REFERENCES public.send_message_send_message(id) DEFERRABLE INITIALLY DEFERRED;


--
-- Name: send_message_send_message_users send_message_send_me_user_id_e8b78243_fk_auth_user; Type: FK CONSTRAINT; Schema: public; Owner: evafilm_user
--

ALTER TABLE ONLY public.send_message_send_message_users
    ADD CONSTRAINT send_message_send_me_user_id_e8b78243_fk_auth_user FOREIGN KEY (user_id) REFERENCES public.auth_user(id) DEFERRABLE INITIALLY DEFERRED;


--
-- PostgreSQL database dump complete
--

